Keyword,Intent,Volume,Keyword Difficulty,CPC (USD),Competitive Density,SERP Features
kid vegeta,Informational,2400,28,0.00,0.00,"Sitelinks, AI Overview, Image, Image pack, Video, Video carousel, People also ask, Discussions and forums, Related searches, Things to know"
how to get kids to eat vegetables,Informational,720,27,0.00,0.00,"Sitelinks, AI Overview, Video, Short videos, People also ask, Related searches"
vegetables for kids,Informational,720,17,0.00,0.00,"AI Overview, Video, Video carousel, Short videos, People also ask, Discussions and forums, Related searches, Popular products"
vegetables kids will eat,Informational,390,13,0.00,0.00,"Sitelinks, AI Overview, Video, Video carousel, Short videos, People also ask, Discussions and forums, Related searches"
kid friendly vegetables,Informational,320,17,0.00,0.00,"Sitelinks, AI Overview, Image, Video, People also ask, Discussions and forums, Related searches"
kids vegetable passing game crossword,Informational,320,11,0.00,0.00,"AI Overview, Video, Video carousel, People also ask, Related searches"
best vegetable soup ever no kidding,Informational,260,51,0.21,0.11,"Reviews, Video, Video carousel, Short videos, People also ask, Recipes, Related searches"
kids vegetable passing game,Informational,170,11,0.00,0.00,"AI Overview, Reviews, Video, Video carousel, People also ask, Related searches"
vegetable recipes for kids,Informational,170,13,0.00,0.00,"AI Overview, Image, Video, Video carousel, Recipes, Related searches"
how to punish kid for not eating vegetables,,140,,0.00,0.00,
kid eating vegetables clipart,Informational,140,21,0.00,0.00,"Image, Image pack, Related searches"
kids vegetable passing game crossword clue,Informational,110,10,0.00,0.00,"AI Overview, Video, People also ask, Related searches"
top 15 kid-friendly vegetables recipes,Informational,110,14,0.00,0.00,"Sitelinks, AI Overview, Video, Video carousel, People also ask, Recipes, Related searches"
vegetable powder for kids,Informational,110,14,0.00,0.00,"Sitelinks, AI Overview, Image, Image pack, Video, People also ask, Discussions and forums, Related searches"
vegetable snacks for kids,Informational,110,22,0.00,0.00,"Sitelinks, AI Overview, Video, Video carousel, People also ask, Recipes, Related searches, Popular products"
vegetable supplement for kids,Informational,110,6,0.00,0.00,"Sitelinks, AI Overview, Image, Video, People also ask, Discussions and forums, Related searches"
best vegetables for kids,Commercial,90,13,0.00,0.00,"Sitelinks, AI Overview, Video, Short videos, People also ask, Related searches"
vegetables kids like,Informational,90,14,0.00,0.00,"Sitelinks, AI Overview, Video, Video carousel, Short videos, People also ask, Discussions and forums, Related searches"
why do kids hate vegetables,Informational,90,17,0.00,0.00,"Sitelinks, AI Overview, Video, Video carousel, Short videos, People also ask, Related searches"
kid friendly vegetable recipes,Informational,70,14,0.00,0.00,"Sitelinks, AI Overview, Image, Video, Related searches"
why do kids not like vegetables,Informational,70,5,0.00,0.00,"Sitelinks, AI Overview, Video, Video carousel, Short videos, People also ask, Related searches"
best vegetable supplement for kids,Commercial,50,18,0.00,0.00,"Sitelinks, AI Overview, Video, People also ask, Discussions and forums, Related searches"
fruit and vegetable supplements for kids,Commercial,50,19,0.00,0.00,"Sitelinks, AI Overview, Video, People also ask, Discussions and forums, Related searches"
how to hide vegetables for kids,Informational,50,23,0.00,0.00,"Sitelinks, AI Overview, Image, Video, Video carousel, People also ask, Recipes, Discussions and forums, Related searches"
kid friendly vegetable sides,Informational,50,14,0.00,0.00,"Sitelinks, AI Overview, Image, Video, Related searches"
vegetable jokes for kids,Informational,50,6,0.00,0.00,"Image, Image pack, Video, Video carousel, Related searches, Ads top, Ads bottom"
vegetable muffins for kids,Informational,50,5,0.00,0.00,"Sitelinks, Image, Video, Video carousel, Short videos, People also ask, Recipes, Related searches, Ads bottom"
vegetable vitamins for kids,Informational,50,35,0.00,0.00,"Sitelinks, AI Overview, Reviews, Image, Video, People also ask, Related searches"
what are some healthy vegetables for kids,,50,,0.00,0.00,
creative ways to prepare vegetables for kids,,40,,0.00,0.00,
kids vegetables,Informational,40,16,0.00,0.00,"Sitelinks, AI Overview, Video, Video carousel, Short videos, People also ask, Related searches"
top 15 kid-friendly vegetables,"Informational, Commercial",40,14,0.00,0.00,"AI Overview, Video, Video carousel, People also ask, Discussions and forums, Related searches"
vegetable cutter for kids,Informational,40,20,0.00,0.00,"Sitelinks, Image, Image pack, Video, Video carousel, Short videos, Related searches, Popular products"
vegetable gummies for kids,Informational,40,25,0.00,0.00,"Sitelinks, AI Overview, Reviews, Image pack, Video, People also ask, Local pack, Recipes, Related searches"
vegetable ideas for kids,Informational,40,18,0.00,0.00,"AI Overview, Image, Image pack, Video, People also ask, Recipes, Related searches"
vegetable smoothies for kids,Informational,40,12,0.00,0.00,"Sitelinks, AI Overview, Reviews, Image, Video, Video carousel, People also ask, Recipes, Related searches"
vegetables for kids lunch,Informational,40,9,0.00,0.00,"Sitelinks, AI Overview, Video, Video carousel, Short videos, People also ask, Recipes, Discussions and forums, Related searches, Popular products"
why don't kids like vegetables,,40,,0.00,0.00,
easy vegetables for kids,,30,,0.00,0.00,
hidden vegetable recipes for kids,,30,,0.00,0.00,
kid friendly fruit and vegetable recipes,,30,,0.00,0.00,
kids favorite vegetables,,30,,0.00,0.00,
kids vegetable supplement,,30,,0.00,0.00,
vegetable for kids,,30,,0.00,0.00,
best beef vegetable soup ever no kidding,,20,,0.00,0.33,
best vegetable beef soup ever no kidding,,20,,0.00,0.33,
best vegetable soup ever no kidding bbc good food,,20,,0.00,0.33,
best vegetable soup ever no kidding slow cooker,,20,,0.00,0.33,
fruits and vegetables for kids,,20,,0.00,0.00,
good vegetables for kids,,20,,0.00,0.00,
how to get kids to eat vegetables recipes,,20,,0.00,0.00,
how to sneak vegetables into kids meals,,20,,0.00,0.00,
kid smoothie recipes with vegetables,,20,,0.00,0.00,
kids vegetable recipes,,20,,0.00,0.00,
kids vegetable vitamins,,20,,0.00,0.00,
recipes to get kids to eat vegetables,,20,,0.00,0.00,
recipes to hide vegetables for kids,,20,,0.00,0.00,
recipes with hidden vegetables for kids,,20,,0.00,0.00,
sneaky vegetables for kids,,20,,0.00,0.00,
vegetable dishes for kids,,20,,0.00,0.00,
vegetable omelet muffins for kids recipe,,20,,0.00,0.00,
vegetable supplements for kids,,20,,0.00,0.00,
vegetables that kids like,,20,,0.00,0.00,
vegetables toys for kids,,20,,0.00,0.00,
ways to hide vegetables in food for kids,,20,,0.00,0.00,
benefits of eating fruits and vegetables for kids,,10,,0.00,0.00,
benefits of fruits and vegetables for kids,,10,,0.00,0.00,
benefits of vegetables for kids,,10,,0.00,0.00,
best fruit and vegetable supplements for kids,,10,,0.00,0.00,
best vegetable for kids,,10,,0.00,0.00,
best vegetables for kids to eat,,10,,0.00,0.00,
best way to get kids to eat vegetables,,10,,0.00,0.00,
best way to hide vegetables for kids,,10,,0.00,0.00,
dragon ball kid vegeta,,10,,0.00,0.00,
dragon ball z vegeta costume for kids,,10,,0.00,0.00,
easy vegetable recipes for kids,,10,,0.00,0.00,
fruit and vegetable food flash cards for kids,,10,,0.00,0.00,
fruit and vegetable pouches for kids,,10,,0.00,0.00,
fun facts about fruits and vegetables for kids,,10,,0.00,0.00,
fun facts about vegetables for kids,,10,,0.00,0.00,
fun vegetables for kids,,10,,0.00,0.00,
green vegetables for kids,,10,,0.00,0.00,
halloween vegetables for kids,,10,,0.00,0.00,
healthy meals for kids who don't like vegetables,,10,,0.00,0.00,
healthy vegetable muffins for kids,,10,,0.00,0.00,
healthy vegetable snacks for kids,,10,,0.00,0.00,
healthy vegetables for kids,,10,,0.00,0.00,
hidden vegetable muffins for kids,,10,,0.00,0.00,
hidden vegetables for kids,,10,,0.00,0.00,
hide vegetables in kids food,,10,,0.00,0.00,
hiding vegetables in food for kids,,10,,0.00,0.00,
how many servings of vegetables per day for kids,,10,,0.00,0.00,
how to get autistic kids to eat vegetables,,10,,0.00,0.00,
how to get kids to eat more vegetables,,10,,0.00,0.00,
how to hide fruits and vegetables in kids food,,10,,0.00,0.00,
how to hide fruits and vegetables in kids' food,,10,,0.00,0.00,
how to make kids eat vegetables,,10,,0.00,0.00,
kid friendly meals with vegetables,,10,,0.00,0.00,
kid friendly vegetable side dishes,,10,,0.00,0.00,
kid friendly vegetable soup,,10,,0.00,0.00,
kid vegeta and raditz,,10,,0.00,0.00,
kid vegetables,,10,,0.00,0.00,
kid won't eat vegetables,,10,,0.00,0.00,
kid-friendly hidden vegetable dinner recipes,,10,,0.00,0.00,
kids multivitamin with fruits and vegetables,,10,,0.00,0.00,
kids snacks combining fruits and vegetables for immune health,,10,,0.00,0.00,
kids vegetable,,10,,0.00,0.00,
kids vegetable garden,,10,,0.00,0.00,
kids vegetable garden ideas,,10,,0.00,0.00,
kids vegetable powder,,10,,0.00,0.00,
kids vitamins with fruits and vegetables,,10,,0.00,0.00,
list of vegetables for kids,,10,,0.00,0.00,
making animals with fruits and vegetables for kids,,10,,0.00,0.00,
powder vegetables for kids,,10,,0.00,0.00,
powdered vegetables for kids,,10,,0.00,0.00,
recipes for kids who don't like vegetables,,10,,0.00,0.00,
the best vegetable soup ever no kidding,,10,,0.00,0.33,
top 15 kid friendly vegetables recipes,,10,,0.00,0.00,
top kid-friendly frozen vegetable sides,,10,,0.00,0.00,
vegeta as a kid,,10,,0.00,0.00,
vegeta costume kid,,10,,0.00,0.00,
vegeta kid trunks,,10,,0.00,0.00,
vegetable facts for kids,,10,,0.00,0.00,
vegetable garden for kids,,10,,0.00,0.00,
vegetable juice for kids,,10,,0.00,0.00,
vegetable nuggets for kids,,10,,0.00,0.00,
vegetable pasta sauce for kids,,10,,0.00,0.00,
vegetable pouches for kids,,10,,0.00,0.00,
vegetable powder supplement for kids,,10,,0.00,0.00,
vegetable recipe for kids,,10,,0.00,0.00,
vegetable recipes kids will eat,,10,,0.00,0.00,
vegetable replacement for kids,,10,,0.00,0.00,
vegetable seasoning for kids,,10,,0.00,0.00,
vegetable side dishes for kids,,10,,0.00,0.00,
vegetable sides for kids,,10,,0.00,0.00,
vegetable smoothie for kids,,10,,0.00,0.00,
vegetable snack ideas for kids,,10,,0.00,0.00,
vegetable soup for kids,,10,,0.00,0.00,
vegetable soup recipe for kids,,10,,0.00,0.00,
vegetable soup recipes for kids,,10,,0.00,0.00,
vegetables for kids to try,,10,,0.00,0.00,
vegetables for picky kids,,10,,0.00,0.00,
vegetables kids love,,10,,0.00,0.00,
vegetables recipes for kids,,10,,0.00,0.00,
vegetables that kids will eat,,10,,0.00,0.00,
vitamins for kids who don't eat vegetables,,10,,0.00,0.00,
ways to get kids to eat vegetables,,10,,0.00,0.00,
10 importance of fruits and vegetables for kids,,0,,0.00,0.00,
10 importance of vegetables for kids,,0,,0.00,0.00,
10 interesting facts about vegetables for kids,,0,,0.00,0.00,
11 proven ways to get kids to eat more vegetable,,0,,0.00,0.00,
12pc cutting fruit vegetable pretend play children kid educational toy,,0,,0.00,0.00,
15 recipes featuring the top 15 kid friendly vegetables,,0,,0.00,0.00,
15 strag rules vegeta kids following,,0,,0.00,0.00,
1980s book kids fruits and vegetables faces,,0,,0.00,0.00,
1990s kids educational game with vegetables,,0,,0.00,0.00,
1990s kids game with vegetables,,0,,0.00,0.00,
2014 colorado car crash leaves kid in vegetative state,,0,,0.00,0.00,
5 benefits of vegetables for kids,,0,,0.00,0.00,
5 vegetables facts for kids,,0,,0.00,0.00,
a backyard vegetable garden for kids,,0,,0.00,0.00,
a lone warrior's last battle kid vegeta,,0,,0.00,0.00,
a vegetable that kids will eat,,0,,0.00,0.00,
abc kid tv vegetable song,,0,,0.00,0.00,
about fruits and vegetables for kids,,0,,0.00,0.00,
about okara vegetable for kids,,0,,0.00,0.00,
about okra vegetable for kids,,0,,0.00,0.00,
about vegetables for kids,,0,,0.00,0.00,
activities of vegetable for kids,,0,,0.00,0.00,
adhd diet for kids fruits and vegetables,,0,,0.00,0.00,
adhd diet kids fruits and vegetables,,0,,0.00,0.00,
adhd diet kids vegetables whole grains,,0,,0.00,0.00,
adult helping kids in vegetable garden,,0,,0.00,0.00,
advertisement vegetable kid,,0,,0.00,0.00,
advice for kids about eating vegetables,,0,,0.00,0.00,
agl kid vegeta,,0,,0.00,0.00,
agl vegeta kid,,0,,0.00,0.00,
all about vegetable prinatble for kids,,0,,0.00,0.00,
all about vegetables for kids,,0,,0.00,0.00,
all of vegeta's kids,,0,,0.00,0.00,
all star tower defense kid vegeta,,0,,0.00,0.00,
all vegeta and bulma kids in dragon ball absalon,,0,,0.00,0.00,
allintitle getting kids to eat vegetables,,0,,0.00,0.00,
am i a fruit or a vegetable game with kids,,0,,0.00,0.00,
american vegetables charts for kids,,0,,0.00,0.00,
american vegetables printable charts for kids,,0,,0.00,0.00,
amway fruits and vegetables kids,,0,,0.00,0.00,
amway nutrilite kids chewable concentrated fruits and vegetables tablet,,0,,0.00,0.00,
animals birds fruits vegetables chart for kids,,0,,0.00,0.00,
animated fruit and vegetables kids show,,0,,0.00,0.00,
animated kids fruit and vegetables,,0,,0.00,0.00,
animated kids physicsl activity fruit and vegetables,,0,,0.00,0.00,
animation kids eating fruits and vegetables,,0,,0.00,0.00,
anime about kids working in vegetable garden,,0,,0.00,0.00,
antioxidants in fruits and vegetables kids activity,,0,,0.00,0.00,
apple fruit and vegetable color sorter kids,,0,,0.00,0.00,
art for kids hub drink your vegetables before the game,,0,,0.00,0.00,
artificial fruits and vegetables for kids,,0,,0.00,0.00,
ashould you force kids to eat vegetables,,0,,0.00,0.00,
asian kids enjoying vegetables and fruits,,0,,0.00,0.00,
australian vegetation kids,,0,,0.00,0.00,
autistic kids saying their favorite vegetable,,0,,0.00,0.00,
baby vegeta vs kid buu,,0,,0.00,0.00,
baby vegeta vs kid goku,,0,,0.00,0.00,
bad names nurses call vegetable kids,,0,,0.00,0.00,
baking with vegetables for kids,,0,,0.00,0.00,
bardock movie kid vegeta,,0,,0.00,0.00,
bardock movie kid vegeta surounded by bodies,,0,,0.00,0.00,
bardock vs kid vegeta,,0,,0.00,0.00,
basic vegetable chart for kids,,0,,0.00,0.00,
basic vegetables for kids,,0,,0.00,0.00,
bbc kids picking vegetables,,0,,0.00,0.00,
bebe goku and kid vegeta,,0,,0.00,0.00,
benefits of eating fruit and vegetables for kids,,0,,0.00,0.00,
benefits of eating fruits and vegetables kids,,0,,0.00,0.00,
benefits of eating vegetables for kids,,0,,0.00,0.00,
benefits of fruits vegetables for kids,,0,,0.00,0.00,
benefits of green vegetables for kids,,0,,0.00,0.00,
benefits of vegetables in urdu for kids,,0,,0.00,0.00,
bengali children's book raise your kids to love vegetables,,0,,0.00,0.00,
best books about fruits and vegetables for kids with photos,,0,,0.00,0.00,
best canned vegetables for kids,,0,,0.00,0.00,
best first vegetable for kids that hate vegetables,,0,,0.00,0.00,
best fresh vegetables to serve kids,,0,,0.00,0.00,
best frozen vegetables for kids,,0,,0.00,0.00,
best fruit and vegetable gummies for kids,,0,,0.00,0.00,
best fruits and vegetables for kids,,0,,0.00,0.00,
best fruits and vegetables to have kids try,,0,,0.00,0.00,
best kid friendly vegetable recipes,,0,,0.00,0.00,
best kid friendly vegetable recipes paleo,,0,,0.00,0.00,
best kid friendly vegetable recipes primal,,0,,0.00,0.00,
best kid friendly vegetables,,0,,0.00,0.00,
best kid vegetable recipes,,0,,0.00,0.00,
best kids vegetable peeler,,0,,0.00,0.00,
best meal kits for kids who dislike vegetables,,0,,0.00,0.00,
best meal kits for kids who dislike vegetables 2025,,0,,0.00,0.00,
best meal kits for kids who dislike vegetables.,,0,,0.00,0.00,
best organic plant based fruit vegetable pouches kids 2025 2026,,0,,0.00,0.00,
best organic plant-based fruit vegetable pouches kids 2025 2026,,0,,0.00,0.00,
best raw vegetable for kids,,0,,0.00,0.00,
best supplement for kids who don t eat vegetables,,0,,0.00,0.00,
best supplement for kids who don't eat vegetables,,0,,0.00,0.00,
best supplement for kids who dont eat vegetables,,0,,0.00,0.00,
best supplements for kids that won't eat fruits and vegetables,,0,,0.00,0.00,
best supplements for kids who don t eat vegetables,,0,,0.00,0.00,
best tasting vegetable dishes for kids,,0,,0.00,0.00,
best value organic fruit vegetable puree pouches for kids online,,0,,0.00,0.00,
best vegetable chips for kids,,0,,0.00,0.00,
best vegetable dish for kids,,0,,0.00,0.00,
best vegetable dishes for kids,,0,,0.00,0.00,
best vegetable for kids to grow,,0,,0.00,0.00,
best vegetable garden for kids,,0,,0.00,0.00,
best vegetable juice for kids,,0,,0.00,0.00,
best vegetable powder for kids,,0,,0.00,0.00,
best vegetable recipe for kids,,0,,0.00,0.00,
best vegetable recipes for kids,,0,,0.00,0.00,
best vegetable soup ever no kidding vegetarian,,0,,0.00,0.00,
best vegetable supplements for kids,,0,,0.00,0.00,
best vegetable vitamin for kids,,0,,0.00,0.00,
best vegetables for growing kids,,0,,0.00,0.00,
best vegetables for kids growth,,0,,0.00,0.00,
best vegetables for kids to grow,,0,,0.00,0.00,
best vegetables to grow with kids,,0,,0.00,0.00,
best vitamin for kids who don t eat vegetables,,0,,0.00,0.00,
best vitamin for kids who don't eat vegetables,,0,,0.00,0.00,
best vitamins for kids that don t eat vegetables,,0,,0.00,0.00,
best vitamins for kids that don't eat vegetables,,0,,0.00,0.00,
best vitamins for kids who don t eat vegetables,,0,,0.00,0.00,
best vitamins for kids who don't eat vegetables,,0,,0.00,0.00,
best vitamins for kids who refuse vegetables,,0,,0.00,0.00,
best way to go about making a kid eat vegetables,,0,,0.00,0.00,
best ways to get kids to eat vegetable,,0,,0.00,0.00,
better anchor kid buu or vegeta,,0,,0.00,0.00,
bible story about daniel eating vegetables for kids,,0,,0.00,0.00,
big e vegetable show kids,,0,,0.00,0.00,
black kids eating vegetables,,0,,0.00,0.00,
black kids vegetables,,0,,0.00,0.00,
black woman getting her kid to eat vegetables,,0,,0.00,0.00,
blend vegetables in potatoes for kids,,0,,0.00,0.00,
blue and purple fruit and vegetables printable kids,,0,,0.00,0.00,
blue purple fruit and vegetables printable kids,,0,,0.00,0.00,
books about kids who wont eat vegetables,,0,,0.00,0.00,
books about vegetables for kids,,0,,0.00,0.00,
books how to make kids like vegetables,,0,,0.00,0.00,
books on vegetable for kids,,0,,0.00,0.00,
born for battle vegeta kid,,0,,0.00,0.00,
bra vegeta kid,,0,,0.00,0.00,
brazil natural vegetation for kids,,0,,0.00,0.00,
brazil vegetation for kids,,0,,0.00,0.00,
britannica kids new york's climate and vegetation,,0,,0.00,0.00,
british chef teaching kids vegetables,,0,,0.00,0.00,
broccoli vegetable for kids,,0,,0.00,0.00,
broccoli vegetable toy rubber bulk kid under $5,,0,,0.00,0.00,
broccoli vegetables for kids,,0,,0.00,0.00,
broly movie kid vegeta scene,,0,,0.00,0.00,
build your own vegetable garden set kids,,0,,0.00,0.00,
bulma and vegeta kid,,0,,0.00,0.00,
bulma and vegeta kids,,0,,0.00,0.00,
bulma and vegeta's kids,,0,,0.00,0.00,
bulma and vegetas kids,,0,,0.00,0.00,
bulma and vegeteas kid,,0,,0.00,0.00,
bulma kid and vegeta,,0,,0.00,0.00,
bulma kid vegeta,,0,,0.00,0.00,
bulma vegeta kids,,0,,0.00,0.00,
but vegeta trix are for kids,,0,,0.00,0.00,
but vegeta trix are for kids ringtone,,0,,0.00,0.00,
ca fresh fruits and vegetable facts for kids,,0,,0.00,0.00,
cabbage vegetables for kids,,0,,0.00,0.00,
calling a retarded kid a vegetable is bad,,0,,0.00,0.00,
camp for kids that teach how to grow vegetables,,0,,0.00,0.00,
can a kid eat vegetable shortening,,0,,0.00,0.00,
can i use a kids pool to grow vegetables,,0,,0.00,0.00,
can vegeta beat kid buu,,0,,0.00,0.00,
canada's vegetation for kids,,0,,0.00,0.00,
canadian shield vegetation for kids,,0,,0.00,0.00,
card with vegetables for kids,,0,,0.00,0.00,
carrot vegetables for kids,,0,,0.00,0.00,
cart with vegetables for kids,,0,,0.00,0.00,
cartoon kid eating vegetables,,0,,0.00,0.00,
cartoon kid not eating vegetables,,0,,0.00,0.00,
cartooning 4 kids chibi vegeta,,0,,0.00,0.00,
cdc kids eating fruit and vegetables,,0,,0.00,0.00,
chart of benefits of vegetables for kids,,0,,0.00,0.00,
chart to help kids eat fruit and vegetables,,0,,0.00,0.00,
cheese vegetable muffins for kids,,0,,0.00,0.00,
chibi kid vegeta,,0,,0.00,0.00,
chicken and vegetable curry recipe for kids,,0,,0.00,0.00,
chicken and vegetable pasta bake for kids,,0,,0.00,0.00,
chicken and vegetable recipe for kids,,0,,0.00,0.00,
chicken and vegetable risotto for kids,,0,,0.00,0.00,
chicken and vegetable soup recipe for kids,,0,,0.00,0.00,
chicken vegetable soup kids,,0,,0.00,0.00,
chile vegetation for kids,,0,,0.00,0.00,
china natural vegetation for kids,,0,,0.00,0.00,
china vegetation for kids,,0,,0.00,0.00,
chris sabat calls kid as vegeta,,0,,0.00,0.00,
christmas vegetables for kids,,0,,0.00,0.00,
classic kids vegetable soup,,0,,0.00,0.00,
clay modeling for kids fruits and vegetables,,0,,0.00,0.00,
clay modeling for kids-fruits and vegetables,,0,,0.00,0.00,
clever vegetable shapes for kids,,0,,0.00,0.00,
climate and vegetation powerpoint for kids,,0,,0.00,0.00,
clipart eat vegetables kid,,0,,0.00,0.00,
clipart for vegetables for kids,,0,,0.00,0.00,
codename kids next door beat your vegetables,,0,,0.00,0.00,
codename kids next door: beat your vegetables,,0,,0.00,0.00,
college kids eating vegetables,,0,,0.00,0.00,
color activity fruit and vegetables kids,,0,,0.00,0.00,
color fruits and vegetables for kids,,0,,0.00,0.00,
colorful fruits and vegetables for kids,,0,,0.00,0.00,
colorful vegetables for kids garden,,0,,0.00,0.00,
coloring book fruits and vegetables coloring pages for kids printable,,0,,0.00,0.00,
coloring page of cartoon kid eating fruit or vegetables,,0,,0.00,0.00,
coloring page of cartoon kid eating vegetable,,0,,0.00,0.00,
coloring page of kid eating vegetable,,0,,0.00,0.00,
coloring pages for kids fruits and vegetables,,0,,0.00,0.00,
coloring pages for kids vegetables,,0,,0.00,0.00,
coloring pages for kids vegetables cartoon,,0,,0.00,0.00,
coloring sheets for kids vegetables,,0,,0.00,0.00,
coloring vegetables for kids,,0,,0.00,0.00,
colouring pages for kids fruits and vegetables,,0,,0.00,0.00,
colouring vegetables for kids,,0,,0.00,0.00,
comics kids eating vegetables,,0,,0.00,0.00,
commercial & kids & vegetables,,0,,0.00,0.00,
common vegetables for kids,,0,,0.00,0.00,
compilation of kids eating vegetables,,0,,0.00,0.00,
container gardening vegetables for kids,,0,,0.00,0.00,
contests to get kids to eat more vegetables,,0,,0.00,0.00,
convincing kids to eat vegetables,,0,,0.00,0.00,
cookbook for kids about hiding vegetables,,0,,0.00,0.00,
cookbook for kids using vegetables and shapes,,0,,0.00,0.00,
cookbook hide vegetables kids,,0,,0.00,0.00,
cooked vegetable dishes kid friendly,,0,,0.00,0.00,
cooked vegetables kids like,,0,,0.00,0.00,
cookie with vegetables for kids,,0,,0.00,0.00,
cooking vegetable for kids,,0,,0.00,0.00,
cooking vegetables for kids,,0,,0.00,0.00,
cool kid eat your vegetables,,0,,0.00,0.00,
copy kids eat fruits and vegetables,,0,,0.00,0.00,
copy-kids eat fruits and vegetables,,0,,0.00,0.00,
cordillera vegetation for kids,,0,,0.00,0.00,
corn a good vegetable for kids,,0,,0.00,0.00,
costumes of fruit and vegetables kids,,0,,0.00,0.00,
craft vegetables for kids,,0,,0.00,0.00,
crash course kids vegetation transformation,,0,,0.00,0.00,
crazy people that wear vegetables and sing kids songs,,0,,0.00,0.00,
creative vegetable recipes for kids,,0,,0.00,0.00,
creative vegetable snacks for kids,,0,,0.00,0.00,
creative vegetables for kids,,0,,0.00,0.00,
creative ways to get kids to eat vegetables,,0,,0.00,0.00,
creative writing topics for kids why we eat vegetables,,0,,0.00,0.00,
crunchy vegetable nuggets great for kids,,0,,0.00,0.00,
crunchy vegetables for kids,,0,,0.00,0.00,
customizable vegetable shaped bean bags for kids,,0,,0.00,0.00,
customizable vegetable-shaped bean bags for kids,,0,,0.00,0.00,
cute vegetable snacks for kids,,0,,0.00,0.00,
cute vegetables brand for teaching kids at stores,,0,,0.00,0.00,
cutouts of different vegetables for kids,,0,,0.00,0.00,
cutting fruit vegetable pretend play children kid educational toy,,0,,0.00,0.00,
cutting vegetables for kids,,0,,0.00,0.00,
daily amount of fruits and vegetables recommended for kids,,0,,0.00,0.00,
dailymotion vegeta vs kid buu,,0,,0.00,0.00,
darwin kids vegetable riding,,0,,0.00,0.00,
dbfz goku black vegeta kid buu,,0,,0.00,0.00,
dbs kid raditz and vegeta,,0,,0.00,0.00,
dbz dokkan battle kid vegeta,,0,,0.00,0.00,
dbz dokkan kid vegeta,,0,,0.00,0.00,
dbz goku and vegeta vs kid buu,,0,,0.00,0.00,
dbz goku and vegeta vs kid buu full fight,,0,,0.00,0.00,
dbz goku ssj3 vs majin vegeta vs kid buu,,0,,0.00,0.00,
dbz goku vegeta vs kid buu,,0,,0.00,0.00,
dbz goku y vegeta vs kid buu,,0,,0.00,0.00,
dbz gt kid vegeta,,0,,0.00,0.00,
dbz kai vegeta vs kid buu,,0,,0.00,0.00,
dbz kakarot kid vegeta,,0,,0.00,0.00,
dbz kid buu vs goku and vegeta,,0,,0.00,0.00,
dbz kid buu vs goku and vegeta full fight,,0,,0.00,0.00,
dbz kid buu vs vegeta,,0,,0.00,0.00,
dbz kid gohan vs vegeta,,0,,0.00,0.00,
dbz kid goku vs kid vegeta,,0,,0.00,0.00,
dbz kid goku vs kid vegeta full fight,,0,,0.00,0.00,
dbz kid raditz vegeta,,0,,0.00,0.00,
dbz kid vegeta,,0,,0.00,0.00,
dbz kid vegeta and frieza,,0,,0.00,0.00,
dbz kid vegeta and king vegeta,,0,,0.00,0.00,
dbz kid vegeta and saiyans,,0,,0.00,0.00,
dbz kid vegeta fanfiction,,0,,0.00,0.00,
dbz kid vegeta gifs,,0,,0.00,0.00,
dbz kid vegeta kills,,0,,0.00,0.00,
dbz kid vegeta png,,0,,0.00,0.00,
dbz kid vegeta vs nappa,,0,,0.00,0.00,
dbz kid vegeta vs saibamen,,0,,0.00,0.00,
dbz veget and goku vs kid buu,,0,,0.00,0.00,
dbz vegeta and goku vs kid buu,,0,,0.00,0.00,
dbz vegeta and kid trunks train,,0,,0.00,0.00,
dbz vegeta kid,,0,,0.00,0.00,
dbz vegeta ssj2 vs kid buu,,0,,0.00,0.00,
dbz vegeta vs kid buu,,0,,0.00,0.00,
dbz vegeta vs kid buu amv,,0,,0.00,0.00,
dbz vegeta vs kid buu full fight,,0,,0.00,0.00,
dbz vegeta vs kid buu part 1,,0,,0.00,0.00,
deailymotion vegeta vs kid buu,,0,,0.00,0.00,
definition of vegetation for kids,,0,,0.00,0.00,
delicious vegetables every kid should,,0,,0.00,0.00,
delicous vegetables every kid should,,0,,0.00,0.00,
dessert recipes using vegetables for kids,,0,,0.00,0.00,
diary of a wimpy kid vegetable quote,,0,,0.00,0.00,
diary of a wimpy kid vegetables,,0,,0.00,0.00,
did vegeta fight kid buu as a super saiyan,,0,,0.00,0.00,
difference between a fruit and vegetable foor kids,,0,,0.00,0.00,
difference between a fruit and vegetable for kids,,0,,0.00,0.00,
difference between canned frozen and fresh vegetables kid friendly,,0,,0.00,0.00,
difference between fruit and vegetable for kids,,0,,0.00,0.00,
difference between fruit and vegetables for kids,,0,,0.00,0.00,
difference between fruits and vegetables for kids,,0,,0.00,0.00,
difference between fruits and vegetables kids,,0,,0.00,0.00,
difference between vegetable and fruit for kids,,0,,0.00,0.00,
difference of fruits and vegetables video for kids,,0,,0.00,0.00,
differences between fruits and vegetables for kids,,0,,0.00,0.00,
different types of vegetables for kids,,0,,0.00,0.00,
dinner idea for kids who don't eat vegetable,,0,,0.00,0.00,
dinner menu for kids who don't eat vegetables,,0,,0.00,0.00,
dipping sauce for vegetables kids,,0,,0.00,0.00,
disabled kid vegetable meme,,0,,0.00,0.00,
disguised vegetable recipes for kids,,0,,0.00,0.00,
diy projects with vegetable cans for kids,,0,,0.00,0.00,
do kids eat the vegetables in their school lunch,,0,,0.00,0.00,
do kids have to eat vegetables,,0,,0.00,0.00,
do kids need to eat vegetables,,0,,0.00,0.00,
do kids need vegetables,,0,,0.00,0.00,
do kids really need that many vegetables,,0,,0.00,0.00,
do kids really need vegetables,,0,,0.00,0.00,
does kids need to eat vegetable every meal,,0,,0.00,0.00,
does the kids next door hate vegetables,,0,,0.00,0.00,
does vegeta have a kid,,0,,0.00,0.00,
dokkan battle int kid vegeta,,0,,0.00,0.00,
dokkan battle kid vegeta,,0,,0.00,0.00,
dokkan battle kid vegeta int,,0,,0.00,0.00,
dokkan battle ssj kid vegeta eza,,0,,0.00,0.00,
dokkan battle vegeta kid,,0,,0.00,0.00,
dokkan kid vegeta,,0,,0.00,0.00,
dokkan kid vegeta good,,0,,0.00,0.00,
don't want vegetables ordering me around the kids are alright,,0,,0.00,0.00,
download video goku and vegeta vs kid buu,,0,,0.00,0.00,
dragon ball 22 suprising facts about vegeta and bulmas kids,,0,,0.00,0.00,
dragon ball broly kid vegeta,,0,,0.00,0.00,
dragon ball gt kid goku vs baby vegeta,,0,,0.00,0.00,
dragon ball gt kid goku vs kid vegeta,,0,,0.00,0.00,
dragon ball gt kid vegeta,,0,,0.00,0.00,
dragon ball gt ssj4 vegeta vs kid goku,,0,,0.00,0.00,
dragon ball heroes kid vegeta,,0,,0.00,0.00,
dragon ball kid vegeta gifs,,0,,0.00,0.00,
dragon ball para dibujar kid vegeta,,0,,0.00,0.00,
dragon ball sai kid vegeta tail grab,,0,,0.00,0.00,
dragon ball super broly kid vegeta,,0,,0.00,0.00,
dragon ball super broly kid vegeta gif,,0,,0.00,0.00,
dragon ball super hero kid vegeta,,0,,0.00,0.00,
dragon ball super kid vegeta voice,,0,,0.00,0.00,
dragon ball vegeta as a kid,,0,,0.00,0.00,
dragon ball vegeta kid,,0,,0.00,0.00,
dragon ball vegeta kids,,0,,0.00,0.00,
dragon ball z dokkan battle kid vegeta,,0,,0.00,0.00,
dragon ball z dokkan battle sr kid vegeta,,0,,0.00,0.00,
dragon ball z dokkan battle vegeta kid,,0,,0.00,0.00,
dragon ball z dokkan kid vegeta,,0,,0.00,0.00,
dragon ball z fanfiction vegeta meets kid goku,,0,,0.00,0.00,
dragon ball z goku and vegeta vs kid buu,,0,,0.00,0.00,
dragon ball z goku and vegeta vs kid buu dailymotion,,0,,0.00,0.00,
dragon ball z goku e vegeta vs kid buu,,0,,0.00,0.00,
dragon ball z goku vegeta vs kid buu,,0,,0.00,0.00,
dragon ball z goku vegeta vs kid buu part 1,,0,,0.00,0.00,
dragon ball z goku vegeta vs kid buu parte 1,,0,,0.00,0.00,
dragon ball z goku y vegeta vs kid buu,,0,,0.00,0.00,
dragon ball z goku y vegeta vs kid buu completa,,0,,0.00,0.00,
dragon ball z kai goku and vegeta vs kid buu,,0,,0.00,0.00,
dragon ball z kai kid buu vs vegeta,,0,,0.00,0.00,
dragon ball z kai vegeta vs kid buu,,0,,0.00,0.00,
dragon ball z kid buu vs goku and vegeta,,0,,0.00,0.00,
dragon ball z kid buu vs vegeta,,0,,0.00,0.00,
dragon ball z kid gohan vs vegeta,,0,,0.00,0.00,
dragon ball z kid goku vs kid vegeta,,0,,0.00,0.00,
dragon ball z kid trunks vs vegeta,,0,,0.00,0.00,
dragon ball z kid vegeta,,0,,0.00,0.00,
dragon ball z kid vegeta costume,,0,,0.00,0.00,
dragon ball z kid vegeta mom,,0,,0.00,0.00,
dragon ball z kid vegeta vs kid goku,,0,,0.00,0.00,
dragon ball z kid vegeta vs saibamen,,0,,0.00,0.00,
dragon ball z majin vegeta vs kid buu,,0,,0.00,0.00,
dragon ball z team training kid vegeta,,0,,0.00,0.00,
dragon ball z vegeta and goku vs kid buu,,0,,0.00,0.00,
dragon ball z vegeta vs kid buu,,0,,0.00,0.00,
dragon ball z vegeta vs kid buu episode,,0,,0.00,0.00,
dragon ball z vegeta vs kid buu full fight,,0,,0.00,0.00,
dragon ball z vegeta vs kid buu part 1,,0,,0.00,0.00,
dragon ball z vegeta vs kid trunks,,0,,0.00,0.00,
dramatic showcase majin vegeta kid trunks statue figure,,0,,0.00,0.00,
draw vegetable for kids,,0,,0.00,0.00,
draw vegetables for kids,,0,,0.00,0.00,
drawing fruits and vegetables for kids,,0,,0.00,0.00,
drawing vegetable for kids,,0,,0.00,0.00,
drawing vegetables for kids,,0,,0.00,0.00,
drink vegetables kids,,0,,0.00,0.00,
easiest vegetable to get kids to eat,,0,,0.00,0.00,
easiest vegetable to grow for kids,,0,,0.00,0.00,
easing kids into vegetables,,0,,0.00,0.00,
easter vegetables recipes kids,,0,,0.00,0.00,
easy chinese recipes with vegetables for kids,,0,,0.00,0.00,
easy cold kid friendly vegetable side dishes,,0,,0.00,0.00,
easy fruit and vegetable animals for kids,,0,,0.00,0.00,
easy hidden vegetable dinner recipes for kids,,0,,0.00,0.00,
easy kid friendly vegetable recipes,,0,,0.00,0.00,
easy kid friendly vegetable side dishes,,0,,0.00,0.00,
easy kid vegeta drawing front view,,0,,0.00,0.00,
easy kid vegeta drawings,,0,,0.00,0.00,
easy kid vegeta non color drawings front view,,0,,0.00,0.00,
easy kid vegeta pencil,,0,,0.00,0.00,
easy kid vegeta pencil drawing,,0,,0.00,0.00,
easy kids vegetables,,0,,0.00,0.00,
easy snacks for kids with fruits or vegetables,,0,,0.00,0.00,
easy to grow vegetables for kids,,0,,0.00,0.00,
easy vegetable carving for kids,,0,,0.00,0.00,
easy vegetable craft for kids,,0,,0.00,0.00,
easy vegetable curry for kids,,0,,0.00,0.00,
easy vegetable drawing for kids,,0,,0.00,0.00,
easy vegetable for kids,,0,,0.00,0.00,
easy vegetable for kids to grow,,0,,0.00,0.00,
easy vegetable garden drawing for kids,,0,,0.00,0.00,
easy vegetable garden for kids,,0,,0.00,0.00,
easy vegetable pulav for kids,,0,,0.00,0.00,
easy vegetable recipes kids like,,0,,0.00,0.00,
easy vegetable salad for kids,,0,,0.00,0.00,
easy vegetable side dishes for kids,,0,,0.00,0.00,
easy vegetable sides for kids,,0,,0.00,0.00,
easy vegetable snacks for kids,,0,,0.00,0.00,
easy vegetable soup for kids,,0,,0.00,0.00,
easy vegetable soup for kids to make,,0,,0.00,0.00,
easy vegetable soup recipe for kids,,0,,0.00,0.00,
easy vegetables for kids lunches,,0,,0.00,0.00,
easy vegetables for kids to eat,,0,,0.00,0.00,
easy vegetables for kids to grow,,0,,0.00,0.00,
easy vegetables that kids love,,0,,0.00,0.00,
easy vegetables to grow for kids,,0,,0.00,0.00,
easy vegetables to grow in pots for kids,,0,,0.00,0.00,
easy vegetables to grow with kids,,0,,0.00,0.00,
easy ways to teach your kids to eat their vegetables,,0,,0.00,0.00,
eat all your vegetables kids,,0,,0.00,0.00,
eat more vegetables for kids,,0,,0.00,0.00,
eat more vegetables for kids cartoons,,0,,0.00,0.00,
eat more vegetables kid,,0,,0.00,0.00,
eat more vegetables kid halloween candy,,0,,0.00,0.00,
eat right kids eating colored vegetables,,0,,0.00,0.00,
eat your fruits and vegetables kids,,0,,0.00,0.00,
eat your vegetables kids,,0,,0.00,0.00,
eating fruit and vegetables for kids,,0,,0.00,0.00,
eating vegetables kid friendly article,,0,,0.00,0.00,
eating vegetables kid friendly article pdf,,0,,0.00,0.00,
eating vegetables kid friendly pdf,,0,,0.00,0.00,
eating vegetables kids,,0,,0.00,0.00,
eating vegetables kids asian,,0,,0.00,0.00,
eating vegetables kids asian sad,,0,,0.00,0.00,
effect of fruits and vegetables on kid's health,,0,,0.00,0.00,
els kids vegetables flash cards,,0,,0.00,0.00,
encounter kid vegeta dokkan,,0,,0.00,0.00,
english kids play vegetable instruments,,0,,0.00,0.00,
enraged ssj2 vegeta vs kid buu,,0,,0.00,0.00,
esl kids fruits and vegetables,,0,,0.00,0.00,
essay on fruits and vegetables for kids,,0,,0.00,0.00,
essay on vegetables for kids,,0,,0.00,0.00,
essay on vegetables in english for kids,,0,,0.00,0.00,
evidence based tips to get kids to eat more vegetables,,0,,0.00,0.00,
evidence-based tips to get kids to eat more vegetables,,0,,0.00,0.00,
examples of vegetables for kids,,0,,0.00,0.00,
exotic vegetables good for kids,,0,,0.00,0.00,
explain eat vegetable for kids,,0,,0.00,0.00,
explain eat vegetable to kids,,0,,0.00,0.00,
explaining vegetables to kids,,0,,0.00,0.00,
eza kid vegeta,,0,,0.00,0.00,
facts about eating more vegetables for kids,,0,,0.00,0.00,
facts about fruit and vegetables for kids,,0,,0.00,0.00,
facts about fruits and vegetables for kids,,0,,0.00,0.00,
facts about vegetable prinatble for kids,,0,,0.00,0.00,
facts about vegetables for kids,,0,,0.00,0.00,
fake edible vegetables for kids,,0,,0.00,0.00,
fall and winter vegetables california for kids,,0,,0.00,0.00,
family feud name something vegetable moms make their kids eat,,0,,0.00,0.00,
fancy dress for kids fruits and vegetables,,0,,0.00,0.00,
fancy dress for kids fruits and vegetables online,,0,,0.00,0.00,
fancy dress ideas for kids fruits and vegetables,,0,,0.00,0.00,
fancy dress ideas for kids vegetable vendor,,0,,0.00,0.00,
fancy dress ideas for kids vegetables,,0,,0.00,0.00,
favoriot vegetable chart for kids,,0,,0.00,0.00,
favorite kids vegetable soup,,0,,0.00,0.00,
favorite vegetable for kids,,0,,0.00,0.00,
favorite vegetables for kids,,0,,0.00,0.00,
feeding kids vegetables,,0,,0.00,0.00,
feeding your kid vegetables,,0,,0.00,0.00,
feeding your kid vegetables with stuffed animal,,0,,0.00,0.00,
felt vegetables kids can make,,0,,0.00,0.00,
few lines on fruit and vegetables for nursery kids,,0,,0.00,0.00,
fiber vegetables for kids,,0,,0.00,0.00,
figpin super broly movie kid vegeta,,0,,0.00,0.00,
filipino vegetable recipes for kids,,0,,0.00,0.00,
find the healthiest apple and vegetable juice for kids,,0,,0.00,0.00,
first vegetable garden for kids,,0,,0.00,0.00,
fish vegetables skewers for kids,,0,,0.00,0.00,
five a day kids book about vegetables and fruit,,0,,0.00,0.00,
fixer upper kids sell tomatoes vegetables,,0,,0.00,0.00,
fixer upper kids sell vegetables,,0,,0.00,0.00,
fixer upper kids sell vegetables magnolia,,0,,0.00,0.00,
flashcards for kids printable vegetables,,0,,0.00,0.00,
flashcards for kids vegetables,,0,,0.00,0.00,
flower vegetables to grow with kids,,0,,0.00,0.00,
food chart to get kids to eat more vegetables,,0,,0.00,0.00,
food color wheel chart for kids to eat vegetables,,0,,0.00,0.00,
food vegetable cuts for kids,,0,,0.00,0.00,
force kids to eat vegetables,,0,,0.00,0.00,
forcing kids eat vegetables,,0,,0.00,0.00,
forcing kids to eat vegetables,,0,,0.00,0.00,
formidable vegetable kids,,0,,0.00,0.00,
fred meyer fruits and vegetables display for kids,,0,,0.00,0.00,
free coloring pages for kids vegetable garden,,0,,0.00,0.00,
free coloring pages for kids vegetables,,0,,0.00,0.00,
free kids vegetables clipart,,0,,0.00,0.00,
free phtoo kid eating vegetables,,0,,0.00,0.00,
free printable fruit vegetable hidden picture for kids,,0,,0.00,0.00,
free printable kids vegetable activities,,0,,0.00,0.00,
fresh fruit & vegetable for kids,,0,,0.00,0.00,
fresh fruits and vegetable facts for kids,,0,,0.00,0.00,
fresh kids vegetable mini ravioli,,0,,0.00,0.00,
fresh vegetable based snacks for kids,,0,,0.00,0.00,
fresh vegetable costume for kids,,0,,0.00,0.00,
fresh vegetable costumes for kids,,0,,0.00,0.00,
fresh vegetable cups ideas for kids,,0,,0.00,0.00,
fresh vegetables for kids,,0,,0.00,0.00,
fresh vegetables that kids love,,0,,0.00,0.00,
fried rice with vegetables for kids,,0,,0.00,0.00,
fried vegetables for kids,,0,,0.00,0.00,
fruit adn vegetable chart for kids,,0,,0.00,0.00,
fruit and raw vegetable snacks for kids verywell family,,0,,0.00,0.00,
fruit and raw vegetable snacks for kids verywell familyverywell family,,0,,0.00,0.00,
fruit and vegetable art for kids,,0,,0.00,0.00,
fruit and vegetable blind taste test for kids,,0,,0.00,0.00,
fruit and vegetable blind taste test lesson for kids,,0,,0.00,0.00,
fruit and vegetable books for kids,,0,,0.00,0.00,
fruit and vegetable chart for kids,,0,,0.00,0.00,
fruit and vegetable checklist for kids,,0,,0.00,0.00,
fruit and vegetable coloring book pdf for kids,,0,,0.00,0.00,
fruit and vegetable coloring book pdf for kids-,,0,,0.00,0.00,
fruit and vegetable coloring pages for kids,,0,,0.00,0.00,
fruit and vegetable costume for kids,,0,,0.00,0.00,
fruit and vegetable cutouts for kids,,0,,0.00,0.00,
fruit and vegetable diet for kids,,0,,0.00,0.00,
fruit and vegetable difference for kids,,0,,0.00,0.00,
fruit and vegetable facts for kids,,0,,0.00,0.00,
fruit and vegetable facts young kids,,0,,0.00,0.00,
fruit and vegetable for kids,,0,,0.00,0.00,
fruit and vegetable game for kids,,0,,0.00,0.00,
fruit and vegetable games for kids,,0,,0.00,0.00,
fruit and vegetable gummies for kids,,0,,0.00,0.00,
fruit and vegetable incentive charts for kids,,0,,0.00,0.00,
fruit and vegetable info for kids,,0,,0.00,0.00,
fruit and vegetable jokes for kids,,0,,0.00,0.00,
fruit and vegetable juice for kids,,0,,0.00,0.00,
fruit and vegetable juice recipes for kids,,0,,0.00,0.00,
fruit and vegetable juice recipes that kids will drink,,0,,0.00,0.00,
fruit and vegetable kids,,0,,0.00,0.00,
fruit and vegetable kids music,,0,,0.00,0.00,
fruit and vegetable meal plan kids,,0,,0.00,0.00,
fruit and vegetable nutrition facts for kids,,0,,0.00,0.00,
fruit and vegetable portion size for kids,,0,,0.00,0.00,
fruit and vegetable quiz for kids,,0,,0.00,0.00,
fruit and vegetable quiz questions and answers for kids,,0,,0.00,0.00,
fruit and vegetable recipes for kids,,0,,0.00,0.00,
fruit and vegetable recommendation for kids,,0,,0.00,0.00,
fruit and vegetable recommendations for kids,,0,,0.00,0.00,
fruit and vegetable salad for kids,,0,,0.00,0.00,
fruit and vegetable salad recipe for kids,,0,,0.00,0.00,
fruit and vegetable seek and find for kids,,0,,0.00,0.00,
fruit and vegetable smoothie for kids,,0,,0.00,0.00,
fruit and vegetable smoothie recipes for kids,,0,,0.00,0.00,
fruit and vegetable smoothies for kids,,0,,0.00,0.00,
fruit and vegetable snacks for kids,,0,,0.00,0.00,
fruit and vegetable snacks for kids immune system,,0,,0.00,0.00,
fruit and vegetable snacks kids,,0,,0.00,0.00,
fruit and vegetable squeeze pouches for kids,,0,,0.00,0.00,
fruit and vegetable stickers for kids,,0,,0.00,0.00,
fruit and vegetable supplements kids,,0,,0.00,0.00,
fruit and vegetable survey for kids,,0,,0.00,0.00,
fruit and vegetable taste test for kids,,0,,0.00,0.00,
fruit and vegetable tracker for kids,,0,,0.00,0.00,
fruit and vegetable trivia for kids,,0,,0.00,0.00,
fruit and vegetable trivia questions for kids,,0,,0.00,0.00,
fruit and vegetable vitamins for kids,,0,,0.00,0.00,
fruit and vegetables coloring pages for kids,,0,,0.00,0.00,
fruit and vegetables facts for kids,,0,,0.00,0.00,
fruit and vegetables for kids,,0,,0.00,0.00,
fruit and vegetables games for kids,,0,,0.00,0.00,
fruit and vegetables information for kids,,0,,0.00,0.00,
fruit and vegetables kids,,0,,0.00,0.00,
fruit and vegetables pictures for kids,,0,,0.00,0.00,
fruit and vegetables poem kid,,0,,0.00,0.00,
fruit and vegetables shakes for kids to gain weight,,0,,0.00,0.00,
fruit and vegetables spanish kids book,,0,,0.00,0.00,
fruit and vegetables worksheet for kids,,0,,0.00,0.00,
fruit or vegetable kids science,,0,,0.00,0.00,
fruit type of vegetables definition for kids',,0,,0.00,0.00,
fruit vegetable categorization for kids,,0,,0.00,0.00,
fruit vegetable categorization for kids -buy -price -filetype:pdf,,0,,0.00,0.00,
fruit vegetable costumes for kids,,0,,0.00,0.00,
fruit vegetable facts for kids,,0,,0.00,0.00,
fruit vegetable fun facts for kids,,0,,0.00,0.00,
fruit vegetable fyb facts for kids,,0,,0.00,0.00,
fruit vegetable games for kids,,0,,0.00,0.00,
fruit vegetable hidden picture for kids,,0,,0.00,0.00,
fruit vegetable mix kid,,0,,0.00,0.00,
fruit vegetable paintings for kids,,0,,0.00,0.00,
fruit vegetable peeler for kids,,0,,0.00,0.00,
fruit vegetables brochure for kids,,0,,0.00,0.00,
fruit vegetables.cart for.kids,,0,,0.00,0.00,
fruit vegetables.cart for.kids target,,0,,0.00,0.00,
fruit vs vegetable for kids,,0,,0.00,0.00,
fruit vs vegetable quiz for kids,,0,,0.00,0.00,
fruits & vegetables galore helping kids eat more,,0,,0.00,0.00,
fruits & vegetables kids are most likely not allergic to,,0,,0.00,0.00,
fruits and vegetable acrivities for.kids,,0,,0.00,0.00,
fruits and vegetable activities for kids,,0,,0.00,0.00,
fruits and vegetable activitiy for kids,,0,,0.00,0.00,
fruits and vegetable activity for kids,,0,,0.00,0.00,
fruits and vegetable bingo printable for kids,,0,,0.00,0.00,
fruits and vegetable coloring book pdf for kids-,,0,,0.00,0.00,
fruits and vegetable coloring books pdf for kids,,0,,0.00,0.00,
fruits and vegetable coloring books pdf for kids-,,0,,0.00,0.00,
fruits and vegetable coloring sheets for kids,,0,,0.00,0.00,
fruits and vegetable for kids,,0,,0.00,0.00,
fruits and vegetable identification for kids,,0,,0.00,0.00,
fruits and vegetable video for kids,,0,,0.00,0.00,
fruits and vegetable worksheet for kids,,0,,0.00,0.00,
fruits and vegetables activities for kids,,0,,0.00,0.00,
fruits and vegetables activity for kids,,0,,0.00,0.00,
fruits and vegetables art and craft for kids,,0,,0.00,0.00,
fruits and vegetables benefits for kids,,0,,0.00,0.00,
fruits and vegetables benefits kids activity,,0,,0.00,0.00,
fruits and vegetables book for kids,,0,,0.00,0.00,
fruits and vegetables books for kids,,0,,0.00,0.00,
fruits and vegetables cards for kids,,0,,0.00,0.00,
fruits and vegetables chart for kids,,0,,0.00,0.00,
fruits and vegetables coloring for kids,,0,,0.00,0.00,
fruits and vegetables coloring pages for kids,,0,,0.00,0.00,
fruits and vegetables coloring pages for kids printable,,0,,0.00,0.00,
fruits and vegetables crop availability kids,,0,,0.00,0.00,
fruits and vegetables difference for kids,,0,,0.00,0.00,
fruits and vegetables drawing for kids,,0,,0.00,0.00,
fruits and vegetables faces books kids,,0,,0.00,0.00,
fruits and vegetables facts for kids,,0,,0.00,0.00,
fruits and vegetables flashcards for kids,,0,,0.00,0.00,
fruits and vegetables for kids activities,,0,,0.00,0.00,
fruits and vegetables for kids apk,,0,,0.00,0.00,
fruits and vegetables for kids app,,0,,0.00,0.00,
fruits and vegetables for kids health benefits and other facts,,0,,0.00,0.00,
fruits and vegetables for kids in english,,0,,0.00,0.00,
fruits and vegetables for kids learning,,0,,0.00,0.00,
fruits and vegetables for kids pdf,,0,,0.00,0.00,
fruits and vegetables for kids to learn,,0,,0.00,0.00,
fruits and vegetables for kids to play,,0,,0.00,0.00,
fruits and vegetables for kids video,,0,,0.00,0.00,
fruits and vegetables for kids worksheet,,0,,0.00,0.00,
fruits and vegetables for snacks for kids,,0,,0.00,0.00,
fruits and vegetables game for kids,,0,,0.00,0.00,
fruits and vegetables games for kids,,0,,0.00,0.00,
fruits and vegetables good for kids,,0,,0.00,0.00,
fruits and vegetables images for kids,,0,,0.00,0.00,
fruits and vegetables in english for kids,,0,,0.00,0.00,
fruits and vegetables in english kids tv,,0,,0.00,0.00,
fruits and vegetables information for kids,,0,,0.00,0.00,
fruits and vegetables kids,,0,,0.00,0.00,
fruits and vegetables kids activity,,0,,0.00,0.00,
fruits and vegetables kids brochure,,0,,0.00,0.00,
fruits and vegetables kids labels,,0,,0.00,0.00,
fruits and vegetables kids like,,0,,0.00,0.00,
fruits and vegetables kids percentage 2018,,0,,0.00,0.00,
fruits and vegetables kids porcentage,,0,,0.00,0.00,
fruits and vegetables learning for kids,,0,,0.00,0.00,
fruits and vegetables lesson for kids,,0,,0.00,0.00,
fruits and vegetables lesson in spanish for kids,,0,,0.00,0.00,
fruits and vegetables list for kids,,0,,0.00,0.00,
fruits and vegetables model for kids,,0,,0.00,0.00,
fruits and vegetables names for kids,,0,,0.00,0.00,
fruits and vegetables of the rainbow for little kids,,0,,0.00,0.00,
fruits and vegetables pdf for kids,,0,,0.00,0.00,
fruits and vegetables pics for kids,,0,,0.00,0.00,
fruits and vegetables pictures for kids,,0,,0.00,0.00,
fruits and vegetables pictures for kids pdf,,0,,0.00,0.00,
fruits and vegetables pictures for kids printable,,0,,0.00,0.00,
fruits and vegetables pictures with names for kids,,0,,0.00,0.00,
fruits and vegetables poster for kids,,0,,0.00,0.00,
fruits and vegetables project for kids,,0,,0.00,0.00,
fruits and vegetables quiz for kids,,0,,0.00,0.00,
fruits and vegetables serving for kids,,0,,0.00,0.00,
fruits and vegetables song for kids,,0,,0.00,0.00,
fruits and vegetables song for kids lyrics,,0,,0.00,0.00,
fruits and vegetables sorting esl kids,,0,,0.00,0.00,
fruits and vegetables that kids don't recognize,,0,,0.00,0.00,
fruits and vegetables that that kids love,,0,,0.00,0.00,
fruits and vegetables tips for kids,,0,,0.00,0.00,
fruits and vegetables toys for kids,,0,,0.00,0.00,
fruits and vegetables video for kids,,0,,0.00,0.00,
fruits and vegetables vocabulary for kids,,0,,0.00,0.00,
fruits and vegetables word search for kids,,0,,0.00,0.00,
fruits and vegetables worksheet for kids,,0,,0.00,0.00,
fruits and vegetables worksheets for kids,,0,,0.00,0.00,
fruits vegetables and kids,,0,,0.00,0.00,
fruits vegetables brochure for kids,,0,,0.00,0.00,
fruits vegetables for kids,,0,,0.00,0.00,
fruits vegetables garden kids,,0,,0.00,0.00,
fruits vegetables kids,,0,,0.00,0.00,
fruits vs vegetables for kids,,0,,0.00,0.00,
full vegetable serving kids,,0,,0.00,0.00,
fun facts for kids on vegetables,,0,,0.00,0.00,
fun fruit and vegetable facts for kids,,0,,0.00,0.00,
fun healthy kid vegetable meals,,0,,0.00,0.00,
fun kid healthy vegetable recipes,,0,,0.00,0.00,
fun kid snacks vegetables,,0,,0.00,0.00,
fun kid vegetable recipes,,0,,0.00,0.00,
fun kid vegetables,,0,,0.00,0.00,
fun kid-shaped vegetables,,0,,0.00,0.00,
fun vegetable dong for kids,,0,,0.00,0.00,
fun vegetable fruit snacks for kids,,0,,0.00,0.00,
fun vegetable ideas for kids,,0,,0.00,0.00,
fun vegetable recipes for kids,,0,,0.00,0.00,
fun vegetable snack for kids,,0,,0.00,0.00,
fun vegetable snacks for kids,,0,,0.00,0.00,
fun vegetables for kids to grow,,0,,0.00,0.00,
fun vegetables kids,,0,,0.00,0.00,
fun ways for kids to eat vegetable,,0,,0.00,0.00,
fun ways for kids to eat vegetables,,0,,0.00,0.00,
fun ways to eat vegetables for kids,,0,,0.00,0.00,
fun ways to get kids to eat fruits and vegetables,,0,,0.00,0.00,
fun ways to get kids to eat their vegetables,,0,,0.00,0.00,
funny kids hate vegetables,,0,,0.00,0.00,
funny kids jokes vegetables,,0,,0.00,0.00,
garden of life fruit and vegetable supplements for kids,,0,,0.00,0.00,
gardening vegetables for kids,,0,,0.00,0.00,
garlic chicken and vegetables super healthy kids,,0,,0.00,0.00,
get kid to eat vegetables,,0,,0.00,0.00,
get kids east vegetables,,0,,0.00,0.00,
get kids eat vegetables,,0,,0.00,0.00,
get kids to eat vegetables,,0,,0.00,0.00,
get kids to embrace vegetables,,0,,0.00,0.00,
get my kid to eat vegetables,,0,,0.00,0.00,
getting kid to eat vegetables,,0,,0.00,0.00,
getting kids to eat vegetable books,,0,,0.00,0.00,
getting kids to eat vegetable books speech therapist,,0,,0.00,0.00,
getting kids to eat vegetables,,0,,0.00,0.00,
getting kids to eat vegetables 7 rare and effective techniques,,0,,0.00,0.00,
getting kids to eat vegetables s eaky immersion,,0,,0.00,0.00,
getting your kid to eat vegetables,,0,,0.00,0.00,
getting your kids to eat vegetable snacks,,0,,0.00,0.00,
getting your kids to eat vegetables for real,,0,,0.00,0.00,
gk questions about fruits and vegetables for kids,,0,,0.00,0.00,
glimpses of ability kid vegeta,,0,,0.00,0.00,
glimpses of ability vegeta kid sr,,0,,0.00,0.00,
gluten free baked shrimp nachos no vegetables for kids,,0,,0.00,0.00,
gluten free kids recipes vegetable,,0,,0.00,0.00,
goku and kid vegeta,,0,,0.00,0.00,
goku and kid vegeta png,,0,,0.00,0.00,
goku and vegeta call kid buu,,0,,0.00,0.00,
goku and vegeta fight kid buu,,0,,0.00,0.00,
goku and vegeta power up for kid buu,,0,,0.00,0.00,
goku and vegeta run from kid buu,,0,,0.00,0.00,
goku and vegeta vs broly and kid buu,,0,,0.00,0.00,
goku and vegeta vs kid buu,,0,,0.00,0.00,
goku and vegeta vs kid buu amv,,0,,0.00,0.00,
goku and vegeta vs kid buu dailymotion,,0,,0.00,0.00,
goku and vegeta vs kid buu dbz kai english dub,,0,,0.00,0.00,
goku and vegeta vs kid buu episode,,0,,0.00,0.00,
goku and vegeta vs kid buu final battle,,0,,0.00,0.00,
goku and vegeta vs kid buu final fight,,0,,0.00,0.00,
goku and vegeta vs kid buu full episode,,0,,0.00,0.00,
goku and vegeta vs kid buu full fight,,0,,0.00,0.00,
goku and vegeta vs kid buu full fight dailymotion,,0,,0.00,0.00,
goku and vegeta vs kid buu full fight download,,0,,0.00,0.00,
goku and vegeta vs kid buu full fight english dub,,0,,0.00,0.00,
goku and vegeta vs kid buu full fight free download,,0,,0.00,0.00,
goku and vegeta vs kid buu full fight hd,,0,,0.00,0.00,
goku and vegeta vs kid buu full fight hd download,,0,,0.00,0.00,
goku and vegeta vs kid buu full fight hd vietsub,,0,,0.00,0.00,
goku and vegeta vs kid buu full fight in english,,0,,0.00,0.00,
goku and vegeta vs kid buu full fight in hindi,,0,,0.00,0.00,
goku and vegeta vs kid buu full fight part 1,,0,,0.00,0.00,
goku and vegeta vs kid buu full movie,,0,,0.00,0.00,
goku and vegeta vs kid buu in hindi,,0,,0.00,0.00,
goku and vegeta vs kid buu japanese,,0,,0.00,0.00,
goku and vegeta vs kid buu part 1,,0,,0.00,0.00,
goku and vegeta vs kid buu part 1 dailymotion,,0,,0.00,0.00,
goku and vegeta vs kid buu part 2,,0,,0.00,0.00,
goku and vegeta vs kid buu part 3,,0,,0.00,0.00,
goku and vegeta vs kid buu part 4,,0,,0.00,0.00,
goku and vegeta vs kid buu part 5 dailymotion,,0,,0.00,0.00,
goku and vegeta vs kid buu part 6 dailymotion,,0,,0.00,0.00,
goku kid vegeta,,0,,0.00,0.00,
goku n vegeta vs kid buu,,0,,0.00,0.00,
goku saves vegeta from kid buu,,0,,0.00,0.00,
goku vegeta and majin buu vs kid buu,,0,,0.00,0.00,
goku vegeta broly kids,,0,,0.00,0.00,
goku vegeta fight kid buu,,0,,0.00,0.00,
goku vegeta fight kid buu episode,,0,,0.00,0.00,
goku vegeta kid buu,,0,,0.00,0.00,
goku vegeta trunks gohan vs freezer cell kid boo broly,,0,,0.00,0.00,
goku vegeta trunks gohan vs frieza cell kid buu broly,,0,,0.00,0.00,
goku vegeta vs kid boo,,0,,0.00,0.00,
goku vegeta vs kid buu,,0,,0.00,0.00,
goku vegeta vs kid buu amv,,0,,0.00,0.00,
goku vegeta vs kid buu full fight,,0,,0.00,0.00,
goku vegeta vs kid buu kai,,0,,0.00,0.00,
goku vegeta vs kid buu part 1,,0,,0.00,0.00,
goku vegeta vs kid buu real life,,0,,0.00,0.00,
goku vs kid buu vegeta respect,,0,,0.00,0.00,
goku y vegeta vs kid boo parte 2,,0,,0.00,0.00,
goku y vegeta vs kid buu,,0,,0.00,0.00,
goku y vegeta vs kid buu 1 8,,0,,0.00,0.00,
goku y vegeta vs kid buu capitulos,,0,,0.00,0.00,
goku y vegeta vs kid buu parte 1,,0,,0.00,0.00,
goku y vegeta vs kid buu parte 1 audio latino,,0,,0.00,0.00,
goku y vegeta vs kid buu parte 1 de 8,,0,,0.00,0.00,
goku y vegeta vs kid buu parte 18,,0,,0.00,0.00,
goku y vegeta vs kid buu parte 2,,0,,0.00,0.00,
goku y vegeta vs kid buu parte 2 de 8,,0,,0.00,0.00,
goku y vegeta vs kid buu parte 2-8,,0,,0.00,0.00,
goku y vegeta vs kid buu pelea completa,,0,,0.00,0.00,
goku y vegeta vs kid buu pelea completa audio latino,,0,,0.00,0.00,
goku y vegeta vs kid buu pelea completa en español,,0,,0.00,0.00,
good eats kids and vegetables episode,,0,,0.00,0.00,
good products to get kids to eat vegetables,,0,,0.00,0.00,
good vegetable for kids,,0,,0.00,0.00,
good vegetables for kids to eat,,0,,0.00,0.00,
good vegetables juices for kids,,0,,0.00,0.00,
good vegetables that kids will eat,,0,,0.00,0.00,
gordon ramsay teaching kids about vegetables,,0,,0.00,0.00,
grain and vegetable side dishes that kids like,,0,,0.00,0.00,
granola bars with vegetables for kids,,0,,0.00,0.00,
green leafy vegetables for kids,,0,,0.00,0.00,
green vegetable for kids,,0,,0.00,0.00,
green vegetable recipes for kids,,0,,0.00,0.00,
green vegetables kids,,0,,0.00,0.00,
green vegetables kids don't like,,0,,0.00,0.00,
green vegetables kids love,,0,,0.00,0.00,
grill vegetables for kids,,0,,0.00,0.00,
grow vegetables in a kid swimming pool,,0,,0.00,0.00,
growing vegetables for kids,,0,,0.00,0.00,
growing vegetables from scraps for kids,,0,,0.00,0.00,
growing vegetables with kids,,0,,0.00,0.00,
growing your own vegetables with your kids,,0,,0.00,0.00,
growing.vegetables for kids.suffolk,,0,,0.00,0.00,
halloween vegetable ideas for kids,,0,,0.00,0.00,
happy kid eating a vegetable,,0,,0.00,0.00,
happy kids eating vegetables,,0,,0.00,0.00,
happy school aged kid eating a vegetable,,0,,0.00,0.00,
hard getting vegetables in kids lunch,,0,,0.00,0.00,
harvest fest & vegetable word search coloring pages for kids,,0,,0.00,0.00,
headdress fruits and vegetables for kids,,0,,0.00,0.00,
health benefits of fruits and vegetables for kids,,0,,0.00,0.00,
healthiest vegetable chips for kids,,0,,0.00,0.00,
healthiest vegetables for kids,,0,,0.00,0.00,
healthy fruits and vegetables for kids,,0,,0.00,0.00,
healthy hunger free kids act list of vegetables and fruits,,0,,0.00,0.00,
healthy hunger free kids act of 2010 vegetables,,0,,0.00,0.00,
healthy kid friendly vegetable recipes,,0,,0.00,0.00,
healthy kid loves fruits and vegetables image,,0,,0.00,0.00,
healthy kid vegetable recipes,,0,,0.00,0.00,
healthy kids beef brisket and vegetables,,0,,0.00,0.00,
healthy kids eat vegetables,,0,,0.00,0.00,
healthy kids eating vegetables,,0,,0.00,0.00,
healthy kids snacks vegetables,,0,,0.00,0.00,
healthy kids vegetable,,0,,0.00,0.00,
healthy meals for kids who don t like vegetables,,0,,0.00,0.00,
healthy meals for kids who dont like vegetables,,0,,0.00,0.00,
healthy meals for kids who won t eat vegetables,,0,,0.00,0.00,
healthy recipes for kids skewers vegetable,,0,,0.00,0.00,
healthy recipes for kids trick vegetables,,0,,0.00,0.00,
healthy smoothie recipes for kids with hidden vegetables,,0,,0.00,0.00,
healthy snacks for kids fruit or vegetables,,0,,0.00,0.00,
healthy vegan vegetable dip for kids,,0,,0.00,0.00,
healthy vegetable dishes for kids,,0,,0.00,0.00,
healthy vegetable for kids,,0,,0.00,0.00,
healthy vegetable recipe for kids,,0,,0.00,0.00,
healthy vegetable recipes for kids,,0,,0.00,0.00,
healthy vegetables for kids plate,,0,,0.00,0.00,
hearty vegetable soup recipes for kids,,0,,0.00,0.00,
heathy vegetables for kids,,0,,0.00,0.00,
heinz ketchup blend more vegetables kids,,0,,0.00,0.00,
herb and vegetable garden kids,,0,,0.00,0.00,
hidden vegetable meals for kids,,0,,0.00,0.00,
hidden vegetable pasta sauce for kids,,0,,0.00,0.00,
hidden vegetable recipes for kids book,,0,,0.00,0.00,
hidden vegetable recipes for picky kids,,0,,0.00,0.00,
hidden vegetable recipes picky kids,,0,,0.00,0.00,
hidden vegetable recipes picky kids ketchup,,0,,0.00,0.00,
hidden vegetable smoothie for kids,,0,,0.00,0.00,
hidden vegetable treats for kids,,0,,0.00,0.00,
hidden vegetables recipes for kids,,0,,0.00,0.00,
hide food from kids in a bag of vegetables,,0,,0.00,0.00,
hide vegetables from kids,,0,,0.00,0.00,
hiding vegetable recipes for kids,,0,,0.00,0.00,
hiding vegetables in kid food,,0,,0.00,0.00,
hiding vegetables in kids food,,0,,0.00,0.00,
hiding vegetables kids,,0,,0.00,0.00,
hiding vegetables kids food book,,0,,0.00,0.00,
high fiber fruits and vegetables for kids,,0,,0.00,0.00,
hindi poem on fruits and vegetables for kids,,0,,0.00,0.00,
homemade vegetable costumes for kids,,0,,0.00,0.00,
homemade vegetable soup for kids,,0,,0.00,0.00,
hooray kids songs catch the vegetables,,0,,0.00,0.00,
horrible names nurses call vegetable kids,,0,,0.00,0.00,
how are vegetables good for you reasons for kids,,0,,0.00,0.00,
how can beerus be asleep and meet vegeta as kid,,0,,0.00,0.00,
how can beerus be asleep and met vegeta as kid,,0,,0.00,0.00,
how can i get kids to enjoy eating more vegetables,,0,,0.00,0.00,
how can i get my kid to eat vegetables,,0,,0.00,0.00,
how can i make my kid eat vegetables,,0,,0.00,0.00,
how can you convince your kid to eat their vegetables,,0,,0.00,0.00,
how did vegeta keep up with kid buu,,0,,0.00,0.00,
how do i feed my kids vegetable,,0,,0.00,0.00,
how do i get my kid to eat vegetables,,0,,0.00,0.00,
how do i make my kid eat vegetables,,0,,0.00,0.00,
how do you get kids to eat vegetables,,0,,0.00,0.00,
how do you make vegetables cool to kids,,0,,0.00,0.00,
how i convinced my 4 picky kids to like vegetables,,0,,0.00,0.00,
how i gey kids to eat vegetables,,0,,0.00,0.00,
how many cups of vegetables are recommended each day kids,,0,,0.00,0.00,
how many cups of vegetables per day kids,,0,,0.00,0.00,
how many cups of vegetables should kids have a day,,0,,0.00,0.00,
how many fruit and vegetables should kids eat,,0,,0.00,0.00,
how many fruits and vegetables a day for kids,,0,,0.00,0.00,
how many fruits and vegetables do kids need a day,,0,,0.00,0.00,
how many kids do vegeta and bulma,,0,,0.00,0.00,
how many kids does vegeta,,0,,0.00,0.00,
how many kids does vegeta have,,0,,0.00,0.00,
how many kids does.vegeta have,,0,,0.00,0.00,
how many kids don t like vegetables,,0,,0.00,0.00,
how many ounces of vegetables per day for kids,,0,,0.00,0.00,
how many servings a day of vegetables for kids,,0,,0.00,0.00,
how many servings of fruits and vegetables should kids get,,0,,0.00,0.00,
how many servings of vegetables kids,,0,,0.00,0.00,
how many servings of vegetables should kids eat,,0,,0.00,0.00,
how many time kid will like to eat vegetables,,0,,0.00,0.00,
how many time kid will like to eat vegetables pollan,,0,,0.00,0.00,
how many vegetables 4-8 kids,,0,,0.00,0.00,
how many vegetables and fruits a day for kids,,0,,0.00,0.00,
how many vegetables are recommended for kids,,0,,0.00,0.00,
how many vegetables kids,,0,,0.00,0.00,
how much fruits and vegetables per day for kids,,0,,0.00,0.00,
how much vegetable and fruit per day should kid eat,,0,,0.00,0.00,
how much vegetable juice for a kid,,0,,0.00,0.00,
how much vegetable should kids eat per day,,0,,0.00,0.00,
how much vegetables per day for a kid,,0,,0.00,0.00,
how old is kid vegeta,,0,,0.00,0.00,
how old is kid vegeta broly movie,,0,,0.00,0.00,
how strong is kid vegeta,,0,,0.00,0.00,
how strong is vegeta vs kid buu,,0,,0.00,0.00,
how strong was kid vegeta,,0,,0.00,0.00,
how to acquire kid vegeta,,0,,0.00,0.00,
how to add vegetables to kids diet,,0,,0.00,0.00,
how to convince a kid to eat vegetables,,0,,0.00,0.00,
how to cook vegetables for kids,,0,,0.00,0.00,
how to disguise vegetables for kids,,0,,0.00,0.00,
how to do vegetable carving for kids,,0,,0.00,0.00,
how to do vegetable painting for kids,,0,,0.00,0.00,
how to draw a vegetable garden for kids,,0,,0.00,0.00,
how to draw kid vegeta,,0,,0.00,0.00,
how to draw kid vegeta step by step,,0,,0.00,0.00,
how to draw ultra instinct vegeta cartooning 4 kids,,0,,0.00,0.00,
how to draw vegetable for kids,,0,,0.00,0.00,
how to draw vegetable kids hub,,0,,0.00,0.00,
how to draw vegetables for kids,,0,,0.00,0.00,
how to draw vegetables for kids easy step by step,,0,,0.00,0.00,
how to draw vegetables step by step for kids,,0,,0.00,0.00,
how to encourage kids eating fruits and vegetables,,0,,0.00,0.00,
how to encourage kids to eat vegetables,,0,,0.00,0.00,
how to feed kids healthy vegetables,,0,,0.00,0.00,
how to feed kids vegetables,,0,,0.00,0.00,
how to feed vegetables to kids,,0,,0.00,0.00,
how to feed your picky kid vegetables,,0,,0.00,0.00,
how to force my kids to eat vegetables,,0,,0.00,0.00,
how to get a autistic sensory kid to eat vegetables,,0,,0.00,0.00,
how to get a kid to eat vegetables,,0,,0.00,0.00,
how to get int kid vegeta in dokkan battle,,0,,0.00,0.00,
how to get kid to eat vegetables,,0,,0.00,0.00,
how to get kid to eat vegetables positive reinforcement,,0,,0.00,0.00,
how to get kid vegeta in dokkan battle,,0,,0.00,0.00,
how to get kids eat vegetables,,0,,0.00,0.00,
how to get kids to eat fresh fruits and vegetables,,0,,0.00,0.00,
how to get kids to eat fruit and vegetables,,0,,0.00,0.00,
how to get kids to eat fruits and vegetables,,0,,0.00,0.00,
how to get kids to eat green vegetables,,0,,0.00,0.00,
how to get kids to eat raw vegetables,,0,,0.00,0.00,
how to get kids to eat their vegetable,,0,,0.00,0.00,
how to get kids to eat their vegetables,,0,,0.00,0.00,
how to get kids to eat vegetables jo,,0,,0.00,0.00,
how to get kids to eat vegetables mediterranean diet tips,,0,,0.00,0.00,
how to get kids to like vegetables,,0,,0.00,0.00,
how to get kids to love vegetables,,0,,0.00,0.00,
how to get more vegetables in kids diets,,0,,0.00,0.00,
how to get my kid to eat more vegetables,,0,,0.00,0.00,
how to get my kid to eat vegetables,,0,,0.00,0.00,
how to get my kids to eat more vegetables,,0,,0.00,0.00,
how to get my kids to eat vegetables,,0,,0.00,0.00,
how to get older kids to eat vegetables,,0,,0.00,0.00,
how to get picky kids to eat green leafy vegetables,,0,,0.00,0.00,
how to get picky kids to eat vegetables,,0,,0.00,0.00,
how to get vegetables if kids don't eat them,,0,,0.00,0.00,
how to get vegetables in kids diet,,0,,0.00,0.00,
how to get vegetables into kids,,0,,0.00,0.00,
how to get your kid to eat fruits and vegetables,,0,,0.00,0.00,
how to get your kid to eat vegetables,,0,,0.00,0.00,
how to get your kid to like vegetables,,0,,0.00,0.00,
how to get your kids to eat vegetables,,0,,0.00,0.00,
how to get your kids to eat vegetables menno henselmans,,0,,0.00,0.00,
how to grow vegetables for kids,,0,,0.00,0.00,
how to hide fruits and vegetables in kids& 39,,0,,0.00,0.00,
how to hide vegetables from kids cookbook,,0,,0.00,0.00,
how to hide vegetables in food for kids,,0,,0.00,0.00,
how to hide vegetables in kids food,,0,,0.00,0.00,
how to increase vegetable intake for kids,,0,,0.00,0.00,
how to introduce vegetables to kids,,0,,0.00,0.00,
how to make a kid eat vegetables,,0,,0.00,0.00,
how to make a kid swallow a bite of vegetables,,0,,0.00,0.00,
how to make a vegetable costume for kids,,0,,0.00,0.00,
how to make instruments out of vegetables for kids,,0,,0.00,0.00,
how to make kid eat vegetables,,0,,0.00,0.00,
how to make kids eat more vegetable,,0,,0.00,0.00,
how to make kids eat vegetables and fruits,,0,,0.00,0.00,
how to make kids eat vegetables dig,,0,,0.00,0.00,
how to make kids eat vegetables gif,,0,,0.00,0.00,
how to make kids like vegetables,,0,,0.00,0.00,
how to make kids vegetable soup,,0,,0.00,0.00,
how to make my kid eat vegetables,,0,,0.00,0.00,
how to make vegetable costume for kids,,0,,0.00,0.00,
how to make vegetable costumes for kids,,0,,0.00,0.00,
how to make vegetable dress for kid,,0,,0.00,0.00,
how to make vegetable soup for kids,,0,,0.00,0.00,
how to make vegetable soup for kids at home,,0,,0.00,0.00,
how to make vegetables for kids,,0,,0.00,0.00,
how to make vegetables fun for kids,,0,,0.00,0.00,
how to make vegetables good for kids,,0,,0.00,0.00,
how to make vegetables kid friendly,,0,,0.00,0.00,
how to make vegetables so kids eat them,,0,,0.00,0.00,
how to make vegetables taste good for kids,,0,,0.00,0.00,
how to make vegetables that kids will eat,,0,,0.00,0.00,
how to make your kid eat vegetables,,0,,0.00,0.00,
how to make your kids eat vegetables,,0,,0.00,0.00,
how to plant a vegetable garden for kids,,0,,0.00,0.00,
how to prepare vegetable dosa for kids,,0,,0.00,0.00,
how to sneak vegetables into food for kids,,0,,0.00,0.00,
how to sneak vegetables into kids food,,0,,0.00,0.00,
how to start a kids vegetable garden,,0,,0.00,0.00,
how to start a vegetable garden for kids,,0,,0.00,0.00,
how to start older kids eating vegetables when its adversive,,0,,0.00,0.00,
how to start teenagers kids eating vegetables when its adversive,,0,,0.00,0.00,
how to sweeten vegetables for kids,,0,,0.00,0.00,
how to teach 3 ya kids vegetables iin english,,0,,0.00,0.00,
how to teach 3 year kids vegetables in english,,0,,0.00,0.00,
how to teach 3 years old kids english vegetables,,0,,0.00,0.00,
how to teach 3 years old kids vegetables,,0,,0.00,0.00,
how to teach kids about fruit and vegetables,,0,,0.00,0.00,
how to teach kids about growing vegetables,,0,,0.00,0.00,
how to teach kids the difference between fruits and vegetables,,0,,0.00,0.00,
how to teach kids to eat vegetables,,0,,0.00,0.00,
how to teach kids vegetables,,0,,0.00,0.00,
how to trick kids into eating vegetables,,0,,0.00,0.00,
how to trick your kids into eating vegetables,,0,,0.00,0.00,
how vegetables grow for kids,,0,,0.00,0.00,
how.to.grt.kids.to.eat vegetables,,0,,0.00,0.00,
http voice123.com lv new-vegetable-dip-for-kids-sbpxhvjw.html,,0,,0.00,0.00,
http www.5minutesformom.com 134788 10-fun-ways-get-kids-eat-fruits-vegetables,,0,,0.00,0.00,
http://www.fruitsandveggiesmorematters.org/get-kids-to-eat-fruits-and-vegetables,,0,,0.00,0.00,
hudson bay lowlands vegetation for kids,,0,,0.00,0.00,
husband isn't feeding kids fruits or vegetables,,0,,0.00,0.00,
i fed my freeloading roommate and her kid vegetables,,0,,0.00,0.00,
ideas for kids treats from vegetables and fruit,,0,,0.00,0.00,
ideas for thanksgiving dinner for kids and there vegetables,,0,,0.00,0.00,
ideas kids vegetables,,0,,0.00,0.00,
ideas to get kids to eat vegetables,,0,,0.00,0.00,
ideas to help kids eat vegetables,,0,,0.00,0.00,
if i was a vegetable kids book,,0,,0.00,0.00,
image of fruits and vegetable activities for kids,,0,,0.00,0.00,
image of fruits and vegetable activitiy for kids,,0,,0.00,0.00,
image of kids play fruits and vegetables,,0,,0.00,0.00,
images of fruits and vegetables for kids,,0,,0.00,0.00,
images of vegetables for kids,,0,,0.00,0.00,
importance of eating vegetables kids,,0,,0.00,0.00,
importance of fruits and vegetables essay for kids,,0,,0.00,0.00,
importance of fruits and vegetables for kids,,0,,0.00,0.00,
importance of green vegetables for kids,,0,,0.00,0.00,
importance of green vegetables kids in hindi,,0,,0.00,0.00,
importance of vegetables for kid,,0,,0.00,0.00,
importance of vegetables for kids,,0,,0.00,0.00,
important vegetables for kids,,0,,0.00,0.00,
incorporating vegetables for kids,,0,,0.00,0.00,
indian kids vegetable fried rice recipe,,0,,0.00,0.00,
indian vegetable soup recipe for kids,,0,,0.00,0.00,
indoor vegetable garden for kids,,0,,0.00,0.00,
instant pot vegetable kid friendly curry,,0,,0.00,0.00,
int kid vegeta,,0,,0.00,0.00,
int vegeta kid,,0,,0.00,0.00,
interesting facts about fruits and vegetables for kids,,0,,0.00,0.00,
intuitive eating for kids when they don't want vegetables,,0,,0.00,0.00,
iron rich vegetables for kids,,0,,0.00,0.00,
is it bad to make my kid eat vegetables,,0,,0.00,0.00,
is kid buu cell vegeta a good team,,0,,0.00,0.00,
is vegetable henna good for kid,,0,,0.00,0.00,
is vegetable henna good for kids,,0,,0.00,0.00,
jamie oliver asking kids about vegetables,,0,,0.00,0.00,
jamie oliver kids and vegetables,,0,,0.00,0.00,
jamie oliver kids can't name vegetables,,0,,0.00,0.00,
jamie oliver kids vegetable reddit,,0,,0.00,0.00,
jamie oliver showing kids vegetables fast,,0,,0.00,0.00,
jamie oliver shows kids vegetables,,0,,0.00,0.00,
jamie oliver testing kids on vegetables,,0,,0.00,0.00,
jamie oliver vegetable test elementary kids,,0,,0.00,0.00,
japan vegetation for kids,,0,,0.00,0.00,
japanese kids.hates vegeta,,0,,0.00,0.00,
japanese kids.hates vegeta recept,,0,,0.00,0.00,
japanese kids.hates vegetables,,0,,0.00,0.00,
juicing vegetables for kids,,0,,0.00,0.00,
jungle pussy id swallow kids if he start eating vegetables,,0,,0.00,0.00,
karate kid 2 vegetable weight scene,,0,,0.00,0.00,
karate kid 2 weighing vegetables,,0,,0.00,0.00,
kawaii vegeta as a kid,,0,,0.00,0.00,
keeping fruit and vegetables fresh lesson for kids,,0,,0.00,0.00,
ketchup recipes for kids to get more vegetables,,0,,0.00,0.00,
keto vegetable recipes for picky kids,,0,,0.00,0.00,
kid approved vegetable pasta sauce,,0,,0.00,0.00,
kid approved vegetable smoothies,,0,,0.00,0.00,
kid approved vegetables,,0,,0.00,0.00,
kid bardock and kid king vegeta,,0,,0.00,0.00,
kid bees vegeta,,0,,0.00,0.00,
kid biting into vegetable,,0,,0.00,0.00,
kid biting into vegetable market,,0,,0.00,0.00,
kid boo vs goku y vegeta,,0,,0.00,0.00,
kid boo vs vegeta manga,,0,,0.00,0.00,
kid broly and vegeta eza,,0,,0.00,0.00,
kid broly and vegeta orbs,,0,,0.00,0.00,
kid bu vs vegeta,,0,,0.00,0.00,
kid bulma and vegeta,,0,,0.00,0.00,
kid buu beats up vegeta,,0,,0.00,0.00,
kid buu beats vegeta,,0,,0.00,0.00,
kid buu chokes vegeta,,0,,0.00,0.00,
kid buu choking vegeta,,0,,0.00,0.00,
kid buu ending vegeta,,0,,0.00,0.00,
kid buu gets scared by vegeta,,0,,0.00,0.00,
kid buu kills vegeta,,0,,0.00,0.00,
kid buu makes fun of vegeta,,0,,0.00,0.00,
kid buu slam vegeta gid,,0,,0.00,0.00,
kid buu slam vegeta gif,,0,,0.00,0.00,
kid buu slam.vegeta,,0,,0.00,0.00,
kid buu slamming vegeta with his antenna,,0,,0.00,0.00,
kid buu tangling up vegeta,,0,,0.00,0.00,
kid buu taunts vegeta,,0,,0.00,0.00,
kid buu taunts vegeta gifs,,0,,0.00,0.00,
kid buu teasing vegeta,,0,,0.00,0.00,
kid buu vegeta,,0,,0.00,0.00,
kid buu vs baby vegeta,,0,,0.00,0.00,
kid buu vs baby vegeta yahoo,,0,,0.00,0.00,
kid buu vs goku and vegeta,,0,,0.00,0.00,
kid buu vs goku and vegeta full fight,,0,,0.00,0.00,
kid buu vs goku and vegeta manga,,0,,0.00,0.00,
kid buu vs majin vegeta,,0,,0.00,0.00,
kid buu vs majin vegeta flipbook,,0,,0.00,0.00,
kid buu vs ssj3 vegeta,,0,,0.00,0.00,
kid buu vs vegeta,,0,,0.00,0.00,
kid buu vs vegeta amv,,0,,0.00,0.00,
kid buu vs vegeta and goku,,0,,0.00,0.00,
kid buu vs vegeta full fight,,0,,0.00,0.00,
kid chopping vegetables,,0,,0.00,0.00,
kid chopping vegetables tiktok,,0,,0.00,0.00,
kid crying about vegetables gif,,0,,0.00,0.00,
kid crying eating a vegetable,,0,,0.00,0.00,
kid crying over vegetables meme,,0,,0.00,0.00,
kid doesn't eat vegetables,,0,,0.00,0.00,
kid doesn't like vegetables,,0,,0.00,0.00,
kid doesn't want to eat vegetables,,0,,0.00,0.00,
kid don't eat vegetables,,0,,0.00,0.00,
kid don't like vegetables,,0,,0.00,0.00,
kid drawn pictures with vegetable,,0,,0.00,0.00,
kid eat vegetables,,0,,0.00,0.00,
kid eating fruits and vegetables,,0,,0.00,0.00,
kid eating fruits and vegetables cartoon,,0,,0.00,0.00,
kid eating ten sources of fruits and vegetables,,0,,0.00,0.00,
kid eating vegetable,,0,,0.00,0.00,
kid eating vegetables,,0,,0.00,0.00,
kid eating vegetables cartoon,,0,,0.00,0.00,
kid eating vegetables drawing,,0,,0.00,0.00,
kid eating vegetables gif,,0,,0.00,0.00,
kid eating vegetables meme,,0,,0.00,0.00,
kid eating vegetables vine,,0,,0.00,0.00,
kid eating vegetables yuck face gif,,0,,0.00,0.00,
kid eating vegetables yucky face,,0,,0.00,0.00,
kid eating vegetables yucky face gif,,0,,0.00,0.00,
kid explorers love fruits and vegetables,,0,,0.00,0.00,
kid favorite vegetable recipes,,0,,0.00,0.00,
kid favorite vegetable sandwich,,0,,0.00,0.00,
kid favorite vegetable sandwich happy sandwich cafe,,0,,0.00,0.00,
kid favorite vegetables,,0,,0.00,0.00,
kid favorite vegetables lunchbox,,0,,0.00,0.00,
kid fought off bees like vegeta,,0,,0.00,0.00,
kid freindly recipes with vegetables,,0,,0.00,0.00,
kid friendlty vegetable,,0,,0.00,0.00,
kid friendlty vegetable muffins,,0,,0.00,0.00,
kid friendly article about eating vegetables,,0,,0.00,0.00,
kid friendly article about eating vegetables printable,,0,,0.00,0.00,
kid friendly casseroles with vegetables,,0,,0.00,0.00,
kid friendly chicken vegetable soup,,0,,0.00,0.00,
kid friendly dinners with vegetables,,0,,0.00,0.00,
kid friendly fruit and vegetable smoothie recipes,,0,,0.00,0.00,
kid friendly fruits and vegetables,,0,,0.00,0.00,
kid friendly green vegetable recipes,,0,,0.00,0.00,
kid friendly green vegetables,,0,,0.00,0.00,
kid friendly grilled vegetables,,0,,0.00,0.00,
kid friendly hidden vegetable baked meatballs,,0,,0.00,0.00,
kid friendly hidden vegetable recipes,,0,,0.00,0.00,
kid friendly mixed vegetables,,0,,0.00,0.00,
kid friendly pasta with vegetables,,0,,0.00,0.00,
kid friendly raw vegetables,,0,,0.00,0.00,
kid friendly recipes fruits and vegetables,,0,,0.00,0.00,
kid friendly recipes hidden vegetables,,0,,0.00,0.00,
kid friendly recipes with hidden vegetables,,0,,0.00,0.00,
kid friendly recipes with vegetables,,0,,0.00,0.00,
kid friendly roasted vegetables,,0,,0.00,0.00,
kid friendly smoothies with vegetables,,0,,0.00,0.00,
kid friendly steamed vegetables,,0,,0.00,0.00,
kid friendly stir fry vegetables,,0,,0.00,0.00,
kid friendly summer vegetable recipes,,0,,0.00,0.00,
kid friendly thanksgiving vegetable recipes,,0,,0.00,0.00,
kid friendly thanksgiving vegetables,,0,,0.00,0.00,
kid friendly vegetable,,0,,0.00,0.00,
kid friendly vegetable and fruit smoothies,,0,,0.00,0.00,
kid friendly vegetable and meat skillet,,0,,0.00,0.00,
kid friendly vegetable casserole,,0,,0.00,0.00,
kid friendly vegetable casseroles,,0,,0.00,0.00,
kid friendly vegetable curry,,0,,0.00,0.00,
kid friendly vegetable dip recipes,,0,,0.00,0.00,
kid friendly vegetable dips,,0,,0.00,0.00,
kid friendly vegetable dish,,0,,0.00,0.00,
kid friendly vegetable dishes,,0,,0.00,0.00,
kid friendly vegetable dumplings,,0,,0.00,0.00,
kid friendly vegetable fried rice,,0,,0.00,0.00,
kid friendly vegetable frittata,,0,,0.00,0.00,
kid friendly vegetable fritters,,0,,0.00,0.00,
kid friendly vegetable garden,,0,,0.00,0.00,
kid friendly vegetable garden colorado,,0,,0.00,0.00,
kid friendly vegetable garden uk,,0,,0.00,0.00,
kid friendly vegetable ideas,,0,,0.00,0.00,
kid friendly vegetable juice recipes,,0,,0.00,0.00,
kid friendly vegetable kabobs,,0,,0.00,0.00,
kid friendly vegetable lasagna,,0,,0.00,0.00,
kid friendly vegetable meals,,0,,0.00,0.00,
kid friendly vegetable muffins,,0,,0.00,0.00,
kid friendly vegetable pasta,,0,,0.00,0.00,
kid friendly vegetable pasta sauce,,0,,0.00,0.00,
kid friendly vegetable peeler,,0,,0.00,0.00,
kid friendly vegetable quesadilla,,0,,0.00,0.00,
kid friendly vegetable recipe,,0,,0.00,0.00,
kid friendly vegetable recipes for kids,,0,,0.00,0.00,
kid friendly vegetable recipes for picky eaters,,0,,0.00,0.00,
kid friendly vegetable recipes for thanksgiving,,0,,0.00,0.00,
kid friendly vegetable risotto,,0,,0.00,0.00,
kid friendly vegetable salad,,0,,0.00,0.00,
kid friendly vegetable salad for kids,,0,,0.00,0.00,
kid friendly vegetable side,,0,,0.00,0.00,
kid friendly vegetable smoothie recipes,,0,,0.00,0.00,
kid friendly vegetable snacks,,0,,0.00,0.00,
kid friendly vegetable soup recipe,,0,,0.00,0.00,
kid friendly vegetable soup recipes,,0,,0.00,0.00,
kid friendly vegetable stew,,0,,0.00,0.00,
kid friendly vegetable stir fry,,0,,0.00,0.00,
kid friendly vegetable sushi,,0,,0.00,0.00,
kid friendly vegetables and fruits,,0,,0.00,0.00,
kid friendly vegetables dishes,,0,,0.00,0.00,
kid friendly vegetables for chinese food,,0,,0.00,0.00,
kid friendly vegetables for dinners,,0,,0.00,0.00,
kid friendly vegetables for lunch,,0,,0.00,0.00,
kid friendly vegetables for picky eaters,,0,,0.00,0.00,
kid friendly vegetables for pizza,,0,,0.00,0.00,
kid friendly vegetables for shepherd's pie,,0,,0.00,0.00,
kid friendly vegetables for thanksgiving,,0,,0.00,0.00,
kid friendly vegetables recipes,,0,,0.00,0.00,
kid friendly vegetables side dishes,,0,,0.00,0.00,
kid friendly vegetables stir fry,,0,,0.00,0.00,
kid friendly vegetables to grow,,0,,0.00,0.00,
kid friendly vegetables vegas,,0,,0.00,0.00,
kid friendly weeknight dinner creamy vegetable soup,,0,,0.00,0.00,
kid frirndly vegetables,,0,,0.00,0.00,
kid frowning at vegetables,,0,,0.00,0.00,
kid gags and throws up vegetables,,0,,0.00,0.00,
kid goes blind from not eating vegetables,,0,,0.00,0.00,
kid goes blond from not eating vegetables,,0,,0.00,0.00,
kid gogeta vs kid vegeta,,0,,0.00,0.00,
kid gohan vs majin vegeta,,0,,0.00,0.00,
kid gohan vs vegeta,,0,,0.00,0.00,
kid gohan vs vegeta full fight,,0,,0.00,0.00,
kid gohan vs vegeta kai,,0,,0.00,0.00,
kid goku and kid vegeta,,0,,0.00,0.00,
kid goku and kid vegeta fanfiction,,0,,0.00,0.00,
kid goku and kid vegeta fuse,,0,,0.00,0.00,
kid goku and kid vegeta fusion,,0,,0.00,0.00,
kid goku and kid vegeta ssj4,,0,,0.00,0.00,
kid goku and ssj4 vegeta,,0,,0.00,0.00,
kid goku and vegeta,,0,,0.00,0.00,
kid goku and vegeta fanfic,,0,,0.00,0.00,
kid goku and vegeta fanfiction,,0,,0.00,0.00,
kid goku and vegeta vs omega shenron,,0,,0.00,0.00,
kid goku fusion kid vegeta,,0,,0.00,0.00,
kid goku fusion with kid vegeta,,0,,0.00,0.00,
kid goku kid vegeta,,0,,0.00,0.00,
kid goku kid vegeta kid broly,,0,,0.00,0.00,
kid goku meets kid vegeta,,0,,0.00,0.00,
kid goku ssj vs kid vegeta ssj,,0,,0.00,0.00,
kid goku ssj3 vs baby vegeta,,0,,0.00,0.00,
kid goku ssj3 vs baby vegeta.gif,,0,,0.00,0.00,
kid goku vegeta,,0,,0.00,0.00,
kid goku vs baby vegeta,,0,,0.00,0.00,
kid goku vs baby vegeta full fight,,0,,0.00,0.00,
kid goku vs baby vegeta part 1,,0,,0.00,0.00,
kid goku vs kid vegeta,,0,,0.00,0.00,
kid goku vs kid vegeta english full fight,,0,,0.00,0.00,
kid goku vs kid vegeta full fight,,0,,0.00,0.00,
kid goku vs kid vegeta gt,,0,,0.00,0.00,
kid goten vs vegeta,,0,,0.00,0.00,
kid growing vegetables,,0,,0.00,0.00,
kid harnesses vegeta latest,,0,,0.00,0.00,
kid has eye damage not eating vegetables,,0,,0.00,0.00,
kid hates vegetables,,0,,0.00,0.00,
kid icarus vegetable,,0,,0.00,0.00,
kid icarus vegetable army,,0,,0.00,0.00,
kid icarus vegetables,,0,,0.00,0.00,
kid in spider man how'd you do that vegetables,,0,,0.00,0.00,
kid in spiderman howd you do that vegetables,,0,,0.00,0.00,
kid killed for not eating vegetables,,0,,0.00,0.00,
kid like to eat vegetables because,,0,,0.00,0.00,
kid looking at his plate of vegetables,,0,,0.00,0.00,
kid loves vegetables,,0,,0.00,0.00,
kid named vegeta,,0,,0.00,0.00,
kid not eating vegetables,,0,,0.00,0.00,
kid not liking vegetables,,0,,0.00,0.00,
kid not wanting to eat vegetables,,0,,0.00,0.00,
kid powers up like vegeta,,0,,0.00,0.00,
kid practice fruit and vegetable cutting box,,0,,0.00,0.00,
kid raditz and kid vegeta,,0,,0.00,0.00,
kid recipes hidden vegetables,,0,,0.00,0.00,
kid recipes vegetables,,0,,0.00,0.00,
kid refuses to eat vegetables,,0,,0.00,0.00,
kid refusing to eat vegetables,,0,,0.00,0.00,
kid refusing to eat vegetables clipart transparent backround,,0,,0.00,0.00,
kid refusing to eat vegetables gif,,0,,0.00,0.00,
kid refusing vegetables,,0,,0.00,0.00,
kid robot vegeta,,0,,0.00,0.00,
kid safe vegetable peeler,,0,,0.00,0.00,
kid safe vegetation killer,,0,,0.00,0.00,
kid says disappear to vegetables in commercial,,0,,0.00,0.00,
kid secretly moving vegetables to another plate,,0,,0.00,0.00,
kid shouts butthole eating vegetables,,0,,0.00,0.00,
kid shouts butthole so loud eating vegetables,,0,,0.00,0.00,
kid simply won't eat vegetables,,0,,0.00,0.00,
kid smiling eating vegetables,,0,,0.00,0.00,
kid smoothies vegetables,,0,,0.00,0.00,
kid snacks with vegetables in it,,0,,0.00,0.00,
kid songs about vegetables,,0,,0.00,0.00,
kid stung by bees vegeta,,0,,0.00,0.00,
kid subscription boxes vegetables,,0,,0.00,0.00,
kid survives bear attack by channeling vegeta,,0,,0.00,0.00,
kid survives bee attack by channeling vegeta,,0,,0.00,0.00,
kid survives bee attack vegeta,,0,,0.00,0.00,
kid survives bee stings vegeta,,0,,0.00,0.00,
kid tested vegetable recipes,,0,,0.00,0.00,
kid throwing vegetables,,0,,0.00,0.00,
kid throws up eating vegetables,,0,,0.00,0.00,
kid trunks and vegeta,,0,,0.00,0.00,
kid trunks and vegeta coloring pages,,0,,0.00,0.00,
kid trunks on vegeta's back,,0,,0.00,0.00,
kid trunks spys on bulma and vegeta,,0,,0.00,0.00,
kid trunks vs vegeta,,0,,0.00,0.00,
kid uses wand to make vegetables disappear commercial,,0,,0.00,0.00,
kid vegeta action figure,,0,,0.00,0.00,
kid vegeta and baby goku,,0,,0.00,0.00,
kid vegeta and baby goku fanfiction,,0,,0.00,0.00,
kid vegeta and bardock,,0,,0.00,0.00,
kid vegeta and bulma,,0,,0.00,0.00,
kid vegeta and frieza,,0,,0.00,0.00,
kid vegeta and frieza fanfiction,,0,,0.00,0.00,
kid vegeta and kid bulma,,0,,0.00,0.00,
kid vegeta and kid goku,,0,,0.00,0.00,
kid vegeta and king vegeta,,0,,0.00,0.00,
kid vegeta and raditz dokkan,,0,,0.00,0.00,
kid vegeta and tarble,,0,,0.00,0.00,
kid vegeta art,,0,,0.00,0.00,
kid vegeta battle of gods,,0,,0.00,0.00,
kid vegeta beerus,,0,,0.00,0.00,
kid vegeta bees,,0,,0.00,0.00,
kid vegeta broly,,0,,0.00,0.00,
kid vegeta broly movi,,0,,0.00,0.00,
kid vegeta broly movie,,0,,0.00,0.00,
kid vegeta bulma,,0,,0.00,0.00,
kid vegeta character design,,0,,0.00,0.00,
kid vegeta confronts frieza,,0,,0.00,0.00,
kid vegeta cosplay,,0,,0.00,0.00,
kid vegeta costume,,0,,0.00,0.00,
kid vegeta costumes,,0,,0.00,0.00,
kid vegeta daima,,0,,0.00,0.00,
kid vegeta dbs,,0,,0.00,0.00,
kid vegeta dbs broly,,0,,0.00,0.00,
kid vegeta dead bodies,,0,,0.00,0.00,
kid vegeta deviantart,,0,,0.00,0.00,
kid vegeta different hair,,0,,0.00,0.00,
kid vegeta dokkan,,0,,0.00,0.00,
kid vegeta dokkan agl,,0,,0.00,0.00,
kid vegeta dokkan battle,,0,,0.00,0.00,
kid vegeta dokkan youtube,,0,,0.00,0.00,
kid vegeta dragoball super,,0,,0.00,0.00,
kid vegeta dragon ball super,,0,,0.00,0.00,
kid vegeta dragon ball super broly,,0,,0.00,0.00,
kid vegeta drawing,,0,,0.00,0.00,
kid vegeta drawings,,0,,0.00,0.00,
kid vegeta eating,,0,,0.00,0.00,
kid vegeta eating broly,,0,,0.00,0.00,
kid vegeta eating gif,,0,,0.00,0.00,
kid vegeta episode,,0,,0.00,0.00,
kid vegeta eza,,0,,0.00,0.00,
kid vegeta facebook,,0,,0.00,0.00,
kid vegeta fan art,,0,,0.00,0.00,
kid vegeta fanfic,,0,,0.00,0.00,
kid vegeta fanfiction,,0,,0.00,0.00,
kid vegeta figpin,,0,,0.00,0.00,
kid vegeta figure,,0,,0.00,0.00,
kid vegeta first appearance,,0,,0.00,0.00,
kid vegeta funko,,0,,0.00,0.00,
kid vegeta funko pop,,0,,0.00,0.00,
kid vegeta gif,,0,,0.00,0.00,
kid vegeta gt,,0,,0.00,0.00,
kid vegeta hair,,0,,0.00,0.00,
kid vegeta halloween costume,,0,,0.00,0.00,
kid vegeta holding a orb,,0,,0.00,0.00,
kid vegeta hsot,,0,,0.00,0.00,
kid vegeta is unstoppable,,0,,0.00,0.00,
kid vegeta jr dokkan,,0,,0.00,0.00,
kid vegeta kai,,0,,0.00,0.00,
kid vegeta kid bulma,,0,,0.00,0.00,
kid vegeta kidnapped fanfiction,,0,,0.00,0.00,
kid vegeta manga,,0,,0.00,0.00,
kid vegeta meets bulma,,0,,0.00,0.00,
kid vegeta movie,,0,,0.00,0.00,
kid vegeta nappa,,0,,0.00,0.00,
kid vegeta outfit,,0,,0.00,0.00,
kid vegeta past,,0,,0.00,0.00,
kid vegeta png,,0,,0.00,0.00,
kid vegeta pop,,0,,0.00,0.00,
kid vegeta power level,,0,,0.00,0.00,
kid vegeta roblox id,,0,,0.00,0.00,
kid vegeta scene,,0,,0.00,0.00,
kid vegeta sketch,,0,,0.00,0.00,
kid vegeta ssj,,0,,0.00,0.00,
kid vegeta ssj 1,,0,,0.00,0.00,
kid vegeta ssj2,,0,,0.00,0.00,
kid vegeta ssj3,,0,,0.00,0.00,
kid vegeta ssj4,,0,,0.00,0.00,
kid vegeta sticker,,0,,0.00,0.00,
kid vegeta super,,0,,0.00,0.00,
kid vegeta super saiyan,,0,,0.00,0.00,
kid vegeta super saiyan blue,,0,,0.00,0.00,
kid vegeta super stirk,,0,,0.00,0.00,
kid vegeta surrounded dead bodies,,0,,0.00,0.00,
kid vegeta symbol,,0,,0.00,0.00,
kid vegeta tattoo,,0,,0.00,0.00,
kid vegeta test dokkan battle,,0,,0.00,0.00,
kid vegeta toy,,0,,0.00,0.00,
kid vegeta toys,,0,,0.00,0.00,
kid vegeta training,,0,,0.00,0.00,
kid vegeta transparent,,0,,0.00,0.00,
kid vegeta tumblr,,0,,0.00,0.00,
kid vegeta voice,,0,,0.00,0.00,
kid vegeta voice actor,,0,,0.00,0.00,
kid vegeta voice actor broly movie,,0,,0.00,0.00,
kid vegeta vs,,0,,0.00,0.00,
kid vegeta vs bardock,,0,,0.00,0.00,
kid vegeta vs beerus,,0,,0.00,0.00,
kid vegeta vs kid goku,,0,,0.00,0.00,
kid vegeta vs kid goku video,,0,,0.00,0.00,
kid vegeta vs king vegeta,,0,,0.00,0.00,
kid vegeta vs nappa,,0,,0.00,0.00,
kid vegeta vs raditz,,0,,0.00,0.00,
kid vegeta vs saibamen,,0,,0.00,0.00,
kid vegeta wallapaper,,0,,0.00,0.00,
kid vegeta wallpaper,,0,,0.00,0.00,
kid vegeta with cape coloring pages,,0,,0.00,0.00,
kid vegeta x bulma,,0,,0.00,0.00,
kid vegeta youtube,,0,,0.00,0.00,
kid vegetable,,0,,0.00,0.00,
kid vegetable dip,,0,,0.00,0.00,
kid vegetable garden ideas,,0,,0.00,0.00,
kid vegetable ideas,,0,,0.00,0.00,
kid vegetable ideas youtube,,0,,0.00,0.00,
kid vegetable pancake recipes,,0,,0.00,0.00,
kid vegetable recipe,,0,,0.00,0.00,
kid vegetable recipes,,0,,0.00,0.00,
kid vegetable risk,,0,,0.00,0.00,
kid vegetable side dishes,,0,,0.00,0.00,
kid vegetable smoothie recipes,,0,,0.00,0.00,
kid vegetable snack ideas,,0,,0.00,0.00,
kid vegetable soup recipe,,0,,0.00,0.00,
kid vegetable unhealthy,,0,,0.00,0.00,
kid vegetables crying,,0,,0.00,0.00,
kid vegetables recipes,,0,,0.00,0.00,
kid vegetables tips,,0,,0.00,0.00,
kid video of vegetables grown in israel,,0,,0.00,0.00,
kid vs vegetables meme,,0,,0.00,0.00,
kid who dislikes vegetables,,0,,0.00,0.00,
kid who doesn't like vegetables,,0,,0.00,0.00,
kid who eat no vegetables,,0,,0.00,0.00,
kid who eat no vegetables health concern,,0,,0.00,0.00,
kid will not eat vegetables,,0,,0.00,0.00,
kid won t eat vegetables,,0,,0.00,0.00,
kid won't eat fruits or vegetables,,0,,0.00,0.00,
kid wont eat vegetables,,0,,0.00,0.00,
kid's camp ten on the shelf vegetables,,0,,0.00,0.00,
kid's fruit & vegetable stand,,0,,0.00,0.00,
kid's fruit & vegetable stand kellogg road new hartford ny,,0,,0.00,0.00,
kid-friendley vegetable recipes,,0,,0.00,0.00,
kid-friendly chicken and vegetable recipes,,0,,0.00,0.00,
kid-friendly fruit and vegetable recipes,,0,,0.00,0.00,
kid-friendly rainbow vegetable garden,,0,,0.00,0.00,
kid-friendly raw vegetables,,0,,0.00,0.00,
kid-friendly recipes with vegetables,,0,,0.00,0.00,
kid-friendly roasted vegetables,,0,,0.00,0.00,
kid-friendly sauce for mixed vegetables,,0,,0.00,0.00,
kid-friendly stir fry vegetables,,0,,0.00,0.00,
kid-friendly thanksgiving vegetables,,0,,0.00,0.00,
kid-friendly vegetable garden,,0,,0.00,0.00,
kid-friendly vegetable main dish dinners,,0,,0.00,0.00,
kid-friendly vegetable recipes,,0,,0.00,0.00,
kid-friendly vegetable side dishes,,0,,0.00,0.00,
kid-friendly vegetable sides,,0,,0.00,0.00,
kid-friendly vegetable stir-fry,,0,,0.00,0.00,
kid-friendly vegetables,,0,,0.00,0.00,
kid-friendly vegetables recipes,,0,,0.00,0.00,
kids 360 printable zip code for libby vegetable,,0,,0.00,0.00,
kids and vegetables,,0,,0.00,0.00,
kids angry at vegetables,,0,,0.00,0.00,
kids art of still life vegetables,,0,,0.00,0.00,
kids avoiding vegetables clipart,,0,,0.00,0.00,
kids band vegetable song,,0,,0.00,0.00,
kids being forced to eat vegetables,,0,,0.00,0.00,
kids book about pickling vegetables,,0,,0.00,0.00,
kids book about red fruits and vegetables,,0,,0.00,0.00,
kids book about vegetable,,0,,0.00,0.00,
kids book about vegetables,,0,,0.00,0.00,
kids books about vegetables,,0,,0.00,0.00,
kids books vegetables,,0,,0.00,0.00,
kids breakfast ideas vegetables,,0,,0.00,0.00,
kids can have fun eating fruits and vegetables,,0,,0.00,0.00,
kids can't identify vegetables,,0,,0.00,0.00,
kids cant recognize vegetables,,0,,0.00,0.00,
kids clipart vegetables,,0,,0.00,0.00,
kids coloring page vegetable garden,,0,,0.00,0.00,
kids complaining vegetables,,0,,0.00,0.00,
kids concept mixed vegetable box,,0,,0.00,0.00,
kids connection toys vegetable set,,0,,0.00,0.00,
kids cooking moroccan fruit and vegetables,,0,,0.00,0.00,
kids cooking moroccan fruits and vegetables,,0,,0.00,0.00,
kids cooking vegetables,,0,,0.00,0.00,
kids cooking with vegetables,,0,,0.00,0.00,
kids corn hole game vegetables,,0,,0.00,0.00,
kids coughing on vegetables,,0,,0.00,0.00,
kids country vegetable plate cracker barrel,,0,,0.00,0.00,
kids cutting vegetables,,0,,0.00,0.00,
kids definition of vegetables,,0,,0.00,0.00,
kids difference between fruit and vegetables,,0,,0.00,0.00,
kids difference between fruits and vegetables,,0,,0.00,0.00,
kids don t eat vegetables,,0,,0.00,0.00,
kids don't always like eating their vegetables,,0,,0.00,0.00,
kids don't always like eating their vegetables commercial,,0,,0.00,0.00,
kids don't eat vegetables,,0,,0.00,0.00,
kids don't eat vegetables because parents don't cook them right,,0,,0.00,0.00,
kids don't like vegetables,,0,,0.00,0.00,
kids don't like vegetables commercial,,0,,0.00,0.00,
kids dont eat vegetables,,0,,0.00,0.00,
kids dont like vegetables,,0,,0.00,0.00,
kids drawing of vegetable,,0,,0.00,0.00,
kids drawing vegetables,,0,,0.00,0.00,
kids dressed as vegetables,,0,,0.00,0.00,
kids dressed as vegetables images,,0,,0.00,0.00,
kids dressed like dancing vegetables,,0,,0.00,0.00,
kids dressed up as vegetables,,0,,0.00,0.00,
kids dressed vegetables clipart,,0,,0.00,0.00,
kids eat brazilian vegetables,,0,,0.00,0.00,
kids eat filipino vegetables,,0,,0.00,0.00,
kids eat more fruits and vegetables when schools,,0,,0.00,0.00,
kids eat vegetables,,0,,0.00,0.00,
kids eat your vegetables,,0,,0.00,0.00,
kids eat your vegetables forsaken,,0,,0.00,0.00,
kids eating fruits and vegetables,,0,,0.00,0.00,
kids eating fruits and vegetables how,,0,,0.00,0.00,
kids eating ice cream and vegetables,,0,,0.00,0.00,
kids eating open cans of fruits and vegetables,,0,,0.00,0.00,
kids eating vegetables,,0,,0.00,0.00,
kids eating vegetables cartoon,,0,,0.00,0.00,
kids eating vegetables clipart,,0,,0.00,0.00,
kids eating vegetables cliparts,,0,,0.00,0.00,
kids eating vegetables facebook,,0,,0.00,0.00,
kids eating vegetables funny video,,0,,0.00,0.00,
kids eating vegetables gif,,0,,0.00,0.00,
kids eating vegetables happy,,0,,0.00,0.00,
kids eating vegetables meme,,0,,0.00,0.00,
kids eating vegetables video,,0,,0.00,0.00,
kids eating vegetables which have a variety of color,,0,,0.00,0.00,
kids eats vegetables,,0,,0.00,0.00,
kids excited by vegetables,,0,,0.00,0.00,
kids fancy dress ideas vegetables,,0,,0.00,0.00,
kids favorite garden vegetables,,0,,0.00,0.00,
kids favorite vegetable,,0,,0.00,0.00,
kids favorite vegetable french fries,,0,,0.00,0.00,
kids favorite vegetable soup,,0,,0.00,0.00,
kids food vegetables,,0,,0.00,0.00,
kids friendly vegetables,,0,,0.00,0.00,
kids fruit and vegetable vitamins,,0,,0.00,0.00,
kids fruit and vegetables,,0,,0.00,0.00,
kids fruits and vegetables,,0,,0.00,0.00,
kids fruits and vegetables color,,0,,0.00,0.00,
kids fruits and vegetables r,,0,,0.00,0.00,
kids fruits and vegetables recommendations,,0,,0.00,0.00,
kids fruits vegetables,,0,,0.00,0.00,
kids gardening vegetables,,0,,0.00,0.00,
kids growing vegetables,,0,,0.00,0.00,
kids happy eating vegetables,,0,,0.00,0.00,
kids hate vegetables,,0,,0.00,0.00,
kids hating vegetables,,0,,0.00,0.00,
kids hating vegetables clipart,,0,,0.00,0.00,
kids health vegetables,,0,,0.00,0.00,
kids healthy roasted vegetables,,0,,0.00,0.00,
kids helping with vegetable garden,,0,,0.00,0.00,
kids holding vegetables,,0,,0.00,0.00,
kids in capes attack of the virtual vegetable,,0,,0.00,0.00,
kids in capes attack of the virtual vegetables,,0,,0.00,0.00,
kids indoor vegetable garden,,0,,0.00,0.00,
kids kitchen with vegetable,,0,,0.00,0.00,
kids leafy green vegetables,,0,,0.00,0.00,
kids learn about vegetables,,0,,0.00,0.00,
kids learning animals fruits vegetables chart,,0,,0.00,0.00,
kids learning fruits and vegetables,,0,,0.00,0.00,
kids learning tube the vegetable song for kids,,0,,0.00,0.00,
kids learning tube vegetable abc song,,0,,0.00,0.00,
kids learning tube vegetable song,,0,,0.00,0.00,
kids learning tube vegetable song lyrics,,0,,0.00,0.00,
kids learning tube vegetables,,0,,0.00,0.00,
kids likeable vegetables,,0,,0.00,0.00,
kids love fruits and vegetables,,0,,0.00,0.00,
kids love vegetables,,0,,0.00,0.00,
kids love vegetables a colorful cookbook by angela berrio,,0,,0.00,0.00,
kids loves to eat vegetables from the garden,,0,,0.00,0.00,
kids lunch vegetable fritters,,0,,0.00,0.00,
kids lunch vegetables,,0,,0.00,0.00,
kids magnetic wooden vegetable toys,,0,,0.00,0.00,
kids make vegetables disappear commercial,,0,,0.00,0.00,
kids make vegetables disappear with wand in commercial,,0,,0.00,0.00,
kids meal vegetable kale,,0,,0.00,0.00,
kids meals with vegetables,,0,,0.00,0.00,
kids meatball recipe with vegetables,,0,,0.00,0.00,
kids menu with vegetables,,0,,0.00,0.00,
kids monster party food vegetables,,0,,0.00,0.00,
kids more likely to eat vegetables they grow themselves,,0,,0.00,0.00,
kids more likely to eat vegetables theyve grown themselves,,0,,0.00,0.00,
kids need to eat vegetables to live a healthy life,,0,,0.00,0.00,
kids next door vegetable monsters,,0,,0.00,0.00,
kids next door vegetable ocean scene,,0,,0.00,0.00,
kids next door vegetables,,0,,0.00,0.00,
kids not eating enough vegetables,,0,,0.00,0.00,
kids not eating their vegetables recommendations,,0,,0.00,0.00,
kids not eating vegetables,,0,,0.00,0.00,
kids not eating vegetables myth,,0,,0.00,0.00,
kids of vegetable,,0,,0.00,0.00,
kids offered vegetables,,0,,0.00,0.00,
kids orzo and mixed vegetables,,0,,0.00,0.00,
kids parties snacks vegetables,,0,,0.00,0.00,
kids party vegetables,,0,,0.00,0.00,
kids picking vegetables,,0,,0.00,0.00,
kids planting a vegetable garden,,0,,0.00,0.00,
kids planting vegetables,,0,,0.00,0.00,
kids planting vegetables in a classroom,,0,,0.00,0.00,
kids play fruit and vegetables,,0,,0.00,0.00,
kids play vegetable instruments,,0,,0.00,0.00,
kids play vegetable instruments orchestra,,0,,0.00,0.00,
kids play vegetables,,0,,0.00,0.00,
kids play vegetables dollar tree,,0,,0.00,0.00,
kids pre planted vegetable pot,,0,,0.00,0.00,
kids preplanted vegetable pot,,0,,0.00,0.00,
kids printable fruit and vegetable,,0,,0.00,0.00,
kids printable fruits and vegetables clipart,,0,,0.00,0.00,
kids printable green fruit and vegetable,,0,,0.00,0.00,
kids programme with vegetables,,0,,0.00,0.00,
kids project planting a vegetable,,0,,0.00,0.00,
kids rainbow fruits an vegetables,,0,,0.00,0.00,
kids rainbow fruits and vegetables,,0,,0.00,0.00,
kids rapping bout vegetable,,0,,0.00,0.00,
kids react japanese vegetables,,0,,0.00,0.00,
kids react to greek vegetables,,0,,0.00,0.00,
kids refusing vegetables clipart,,0,,0.00,0.00,
kids root vegetables,,0,,0.00,0.00,
kids rotton vegetable toys,,0,,0.00,0.00,
kids running from vegetables clipart,,0,,0.00,0.00,
kids rwon't eat vegetables clipart,,0,,0.00,0.00,
kids safety gloves for chopping vegetables,,0,,0.00,0.00,
kids say the darndest things vegetables,,0,,0.00,0.00,
kids saying i like canned vegetables better commercial,,0,,0.00,0.00,
kids seed and vegetable,,0,,0.00,0.00,
kids seed and vegetable matching,,0,,0.00,0.00,
kids selling vegetables,,0,,0.00,0.00,
kids shopping cart with fruits and vegetables,,0,,0.00,0.00,
kids shopping vegetable stand,,0,,0.00,0.00,
kids show about vegetables,,0,,0.00,0.00,
kids show with dacing vegetables,,0,,0.00,0.00,
kids show with dancing vegetables,,0,,0.00,0.00,
kids show with dancing vegetables on pirate ship,,0,,0.00,0.00,
kids show with fruits and vegetables,,0,,0.00,0.00,
kids show with talking vegetables,,0,,0.00,0.00,
kids show with vegetables,,0,,0.00,0.00,
kids shows about eating fruits and vegetables,,0,,0.00,0.00,
kids shows vegetables,,0,,0.00,0.00,
kids slaves of vegetables farms,,0,,0.00,0.00,
kids smoothie recipes with vegetables,,0,,0.00,0.00,
kids snacks with fruits and vegetables for immune health,,0,,0.00,0.00,
kids song i want food and not the vegetables,,0,,0.00,0.00,
kids talking vegetable video,,0,,0.00,0.00,
kids taste test vegetables,,0,,0.00,0.00,
kids tasting vegetables,,0,,0.00,0.00,
kids telugu english vegetables,,0,,0.00,0.00,
kids thai curry vegetable soup,,0,,0.00,0.00,
kids thai curry vegetable soup mild,,0,,0.00,0.00,
kids that don t eat vegetables,,0,,0.00,0.00,
kids that don't eat fruit or vegetable,,0,,0.00,0.00,
kids to eat vegetables,,0,,0.00,0.00,
kids toy vegetables,,0,,0.00,0.00,
kids try filipino vegetables,,0,,0.00,0.00,
kids try to identify vegetables,,0,,0.00,0.00,
kids trying vegetables,,0,,0.00,0.00,
kids tv ten little vegetables,,0,,0.00,0.00,
kids tv the vegetables song,,0,,0.00,0.00,
kids tv vegetables,,0,,0.00,0.00,
kids vectors fruits and vegetables,,0,,0.00,0.00,
kids vegan hidden vegetable muffins,,0,,0.00,0.00,
kids vegan vegetable muffins,,0,,0.00,0.00,
kids vegeta,,0,,0.00,0.00,
kids vegeta costume,,0,,0.00,0.00,
kids vegeta power level,,0,,0.00,0.00,
kids vegetable advert,,0,,0.00,0.00,
kids vegetable and fruit pouches,,0,,0.00,0.00,
kids vegetable appetizers,,0,,0.00,0.00,
kids vegetable art,,0,,0.00,0.00,
kids vegetable book,,0,,0.00,0.00,
kids vegetable bunnies,,0,,0.00,0.00,
kids vegetable bunnies to eat,,0,,0.00,0.00,
kids vegetable chart,,0,,0.00,0.00,
kids vegetable chopper,,0,,0.00,0.00,
kids vegetable costume,,0,,0.00,0.00,
kids vegetable curry,,0,,0.00,0.00,
kids vegetable cutter,,0,,0.00,0.00,
kids vegetable dish,,0,,0.00,0.00,
kids vegetable dishes,,0,,0.00,0.00,
kids vegetable fritters,,0,,0.00,0.00,
kids vegetable garden clipart,,0,,0.00,0.00,
kids vegetable garden design,,0,,0.00,0.00,
kids vegetable garden kit,,0,,0.00,0.00,
kids vegetable garden kits,,0,,0.00,0.00,
kids vegetable growing kit,,0,,0.00,0.00,
kids vegetable gummies,,0,,0.00,0.00,
kids vegetable hawaii,,0,,0.00,0.00,
kids vegetable ideas,,0,,0.00,0.00,
kids vegetable jokes,,0,,0.00,0.00,
kids vegetable juice,,0,,0.00,0.00,
kids vegetable lasagna recipe,,0,,0.00,0.00,
kids vegetable meals,,0,,0.00,0.00,
kids vegetable muffin recipe,,0,,0.00,0.00,
kids vegetable muffins,,0,,0.00,0.00,
kids vegetable party foods,,0,,0.00,0.00,
kids vegetable pasta,,0,,0.00,0.00,
kids vegetable pasta sauce,,0,,0.00,0.00,
kids vegetable pasta soup,,0,,0.00,0.00,
kids vegetable patch,,0,,0.00,0.00,
kids vegetable peeler,,0,,0.00,0.00,
kids vegetable planter,,0,,0.00,0.00,
kids vegetable plate cracker barrel price,,0,,0.00,0.00,
kids vegetable platter,,0,,0.00,0.00,
kids vegetable receipe,,0,,0.00,0.00,
kids vegetable recipe,,0,,0.00,0.00,
kids vegetable recipe's,,0,,0.00,0.00,
kids vegetable rice,,0,,0.00,0.00,
kids vegetable rissoles,,0,,0.00,0.00,
kids vegetable scrubber,,0,,0.00,0.00,
kids vegetable seeds,,0,,0.00,0.00,
kids vegetable show,,0,,0.00,0.00,
kids vegetable side dishes,,0,,0.00,0.00,
kids vegetable sides,,0,,0.00,0.00,
kids vegetable smoothie,,0,,0.00,0.00,
kids vegetable snack ideas,,0,,0.00,0.00,
kids vegetable snacks,,0,,0.00,0.00,
kids vegetable soup,,0,,0.00,0.00,
kids vegetable soup recipe,,0,,0.00,0.00,
kids vegetable stand,,0,,0.00,0.00,
kids vegetable supplements,,0,,0.00,0.00,
kids vegetable sushi,,0,,0.00,0.00,
kids vegetable toy,,0,,0.00,0.00,
kids vegetable toys,,0,,0.00,0.00,
kids vegetable tray,,0,,0.00,0.00,
kids vegetable treats,,0,,0.00,0.00,
kids vegetable trivia,,0,,0.00,0.00,
kids vegetable video australia,,0,,0.00,0.00,
kids vegetables and fruits,,0,,0.00,0.00,
kids vegetables chart,,0,,0.00,0.00,
kids vegetables daily servings and serving size,,0,,0.00,0.00,
kids vegetables drawing,,0,,0.00,0.00,
kids vegetables for dinner,,0,,0.00,0.00,
kids vegetables logo,,0,,0.00,0.00,
kids vegetables meal,,0,,0.00,0.00,
kids vegetables teacher class,,0,,0.00,0.00,
kids vegetables toys,,0,,0.00,0.00,
kids videos vegetables,,0,,0.00,0.00,
kids vocabulary fruits and vegetables 1,,0,,0.00,0.00,
kids washing fruit and vegetables,,0,,0.00,0.00,
kids who become vegetables from trauma,,0,,0.00,0.00,
kids who don t eat vegetables,,0,,0.00,0.00,
kids who don't eat vegetables,,0,,0.00,0.00,
kids who dont eat vegetables,,0,,0.00,0.00,
kids who grow vegetables are more likely to eat them,,0,,0.00,0.00,
kids who hate vegetables cookbook,,0,,0.00,0.00,
kids why eat fruits and vegetables,,0,,0.00,0.00,
kids with vegetables,,0,,0.00,0.00,
kids won t eat vegetables,,0,,0.00,0.00,
kids won't eat vegetables,,0,,0.00,0.00,
kids won't know mac n cheese vegetables,,0,,0.00,0.00,
kids wont eat vegetables,,0,,0.00,0.00,
kids wont know mac n cheese vegetables,,0,,0.00,0.00,
kids wooden vegetable,,0,,0.00,0.00,
king vegeta and kid vegeta,,0,,0.00,0.00,
king vegeta vs kid vegeta,,0,,0.00,0.00,
king vegeta vs kid vegeta dokkan,,0,,0.00,0.00,
korean kids dinner hidden vegetables dark sauce recipe,,0,,0.00,0.00,
korean vegetable pancake recipe kids,,0,,0.00,0.00,
kyoot kids eating vegetables,,0,,0.00,0.00,
kyoot kids vegetables,,0,,0.00,0.00,
labeled kids vegetables,,0,,0.00,0.00,
larson cartoon kids who won't eat vegetables,,0,,0.00,0.00,
latino kids and why they should eat fruits and vegetables,,0,,0.00,0.00,
leafy vegetable for kids,,0,,0.00,0.00,
leafy vegetables for kids,,0,,0.00,0.00,
learning fruits and vegetables for kids,,0,,0.00,0.00,
learning vegetables for kids,,0,,0.00,0.00,
lego marvel superheroes kid vegetable,,0,,0.00,0.00,
let's fight somewhere empty african kid goku vegeta,,0,,0.00,0.00,
lines on vegetables for kids,,0,,0.00,0.00,
list 12 ways to get kids to eat vegetables,,0,,0.00,0.00,
list of fruits and vegetables for kids,,0,,0.00,0.00,
list of kid friendly vegetables,,0,,0.00,0.00,
list of vegetables kids like,,0,,0.00,0.00,
little kid eating vegetables,,0,,0.00,0.00,
little kid with vegetables,,0,,0.00,0.00,
little kids picking vegetables,,0,,0.00,0.00,
little vegetable starter packs for kids,,0,,0.00,0.00,
lunch ideas for kids who dont like vegetables,,0,,0.00,0.00,
lunch raw vegetables for kids,,0,,0.00,0.00,
lunch vegetables for kids,,0,,0.00,0.00,
mad vegetable lady calls me kid buu,,0,,0.00,0.00,
madagascar vegetation for kids,,0,,0.00,0.00,
majin boo kid vs vegeta,,0,,0.00,0.00,
majin kid vegeta by airon11 on deviantart,,0,,0.00,0.00,
majin kid vegeta by dairon11 on deviantart,,0,,0.00,0.00,
majin vegeta kid trunks,,0,,0.00,0.00,
majin vegeta ssj3 vs kid buu,,0,,0.00,0.00,
majin vegeta vs kid boo,,0,,0.00,0.00,
majin vegeta vs kid buu,,0,,0.00,0.00,
majin vegeta vs kid buu quien gana,,0,,0.00,0.00,
majin vegeta vs ssj2 kid gohan,,0,,0.00,0.00,
make animal with vegetable for kids,,0,,0.00,0.00,
make vegetables for kids,,0,,0.00,0.00,
making kids eat vegetables,,0,,0.00,0.00,
making kids eat vegetables is abuse,,0,,0.00,0.00,
making vegetables accessable to kids,,0,,0.00,0.00,
making vegetables fun for kids,,0,,0.00,0.00,
making vegetables kid friendly,,0,,0.00,0.00,
map of vegetation of ny for kids,,0,,0.00,0.00,
maps of fruits and vegetables for kids,,0,,0.00,0.00,
matt kido vegeta,,0,,0.00,0.00,
meals for kids with vegetables,,0,,0.00,0.00,
meals to get kids to eat vegetables,,0,,0.00,0.00,
meals with vegetables for kids,,0,,0.00,0.00,
meat and vegetable sauce the kids love,,0,,0.00,0.00,
meatballs with vegetables for kids,,0,,0.00,0.00,
memes kids hate vegetables,,0,,0.00,0.00,
mexican food with vegetables for kids,,0,,0.00,0.00,
mexican green vegetables kids,,0,,0.00,0.00,
midwest us region vegetation for kids,,0,,0.00,0.00,
mini vegetable bags for kid,,0,,0.00,0.00,
mini vegetable turkeys for kids,,0,,0.00,0.00,
miracle-gro kids' garden tool set with flower & vegetable seeds,,0,,0.00,0.00,
mixed vegetable paratha for kids,,0,,0.00,0.00,
mom making kid eat vegetables,,0,,0.00,0.00,
mom yelling at kid making kid eat vegetables,,0,,0.00,0.00,
most eaten vegetable by kids,,0,,0.00,0.00,
most healthiest vegetables for kids,,0,,0.00,0.00,
most healthy vegetables for kids,,0,,0.00,0.00,
most nutritious vegetables for kids,,0,,0.00,0.00,
most popular vegetables for kids,,0,,0.00,0.00,
my favourite vegetable essay for kids,,0,,0.00,0.00,
my kid doesn t eat vegetables,,0,,0.00,0.00,
my kid doesn't eat vegetables,,0,,0.00,0.00,
my kid doesn't like vegetables,,0,,0.00,0.00,
my kid hates vegetables,,0,,0.00,0.00,
my kid is two and wont eat vegetables,,0,,0.00,0.00,
my kid loves vegetables,,0,,0.00,0.00,
my kid only eats vegetables,,0,,0.00,0.00,
my kid refuses to eat vegetables,,0,,0.00,0.00,
my kid refuses to eat vegetables and meat,,0,,0.00,0.00,
my kid will not eat vegetables,,0,,0.00,0.00,
my kid won t eat vegetables,,0,,0.00,0.00,
my kid won't eat meat or vegetables,,0,,0.00,0.00,
my kid won't eat vegetables,,0,,0.00,0.00,
my kid won't eat vegetables or fruit,,0,,0.00,0.00,
my kid won-t eat meat or vegetables,,0,,0.00,0.00,
my kid wont eat vegetables,,0,,0.00,0.00,
my kids doens't eat vegetables,,0,,0.00,0.00,
my kids don't eat vegetables,,0,,0.00,0.00,
my kids dont like vegetables,,0,,0.00,0.00,
my kids wont eat vegetables,,0,,0.00,0.00,
myplate vegetables kids,,0,,0.00,0.00,
nachos recipe kids hidden vegetables,,0,,0.00,0.00,
name a green vegetable that kids do not like,,0,,0.00,0.00,
name a vegetable a kid hates to eat,,0,,0.00,0.00,
name a vegetable kids hate to eat,,0,,0.00,0.00,
name a vegetable that kids hate to eat,,0,,0.00,0.00,
name of vegetables for kids,,0,,0.00,0.00,
names of vegetables for kids,,0,,0.00,0.00,
nappa and kid vegeta,,0,,0.00,0.00,
nappa kid vegeta,,0,,0.00,0.00,
native vegetable worksheet for kids,,0,,0.00,0.00,
natural vegetation and wildlife for kids,,0,,0.00,0.00,
natural vegetation types of australia for kids,,0,,0.00,0.00,
new zealand vegetation for kids,,0,,0.00,0.00,
not today kid eating vegetables,,0,,0.00,0.00,
not today kid vegetables,,0,,0.00,0.00,
npr devices kids 2018 vegetables,,0,,0.00,0.00,
npr kid vegetables eating tips,,0,,0.00,0.00,
nutrilite concentrated fruits and vegetables for kids,,0,,0.00,0.00,
nutrilite fruits and vegetables for kids,,0,,0.00,0.00,
nutrilite fruits and vegetables kids,,0,,0.00,0.00,
nutrilite kids chewable concentrated fruits & vegetables tablet,,0,,0.00,0.00,
nutrilite kids chewable concentrated fruits and vegetables,,0,,0.00,0.00,
nutrition bar for kids who don't eat vegetables,,0,,0.00,0.00,
nutrition chart for kids vegetable,,0,,0.00,0.00,
nutrition facts for kids about vegetables garden,,0,,0.00,0.00,
old 2d virtual world for kids with vegetable pets,,0,,0.00,0.00,
old virtual world for kids with vegetable pets,,0,,0.00,0.00,
one-a-day commercial & kids & vegetables,,0,,0.00,0.00,
outrage obama suggests kids should eat a vegetable,,0,,0.00,0.00,
packaged vegetables & fruits kid's choice oranges,,0,,0.00,0.00,
paint vegetables kids,,0,,0.00,0.00,
painting using vegetables for kids,,0,,0.00,0.00,
painting with vegetables for kids,,0,,0.00,0.00,
parent having kid eat vegetables,,0,,0.00,0.00,
parent having kid eat vegetables portrait,,0,,0.00,0.00,
parent telling kid eay vegetables,,0,,0.00,0.00,
parents making vegetables with kids,,0,,0.00,0.00,
parts of a vegetable plant for kids,,0,,0.00,0.00,
pasta with vegetables for kids,,0,,0.00,0.00,
paying kids to eat vegetables,,0,,0.00,0.00,
pbs kids fruits and vegetables,,0,,0.00,0.00,
pbs kids vegetables,,0,,0.00,0.00,
pf changs fried rice kids with no vegetables,,0,,0.00,0.00,
pic of vegeta shaved in kids head,,0,,0.00,0.00,
picky proof vegetable powder for kids,,0,,0.00,0.00,
picture of kid eating vegetables,,0,,0.00,0.00,
picture of kid not liking vegetables,,0,,0.00,0.00,
picture of kids and vegetables,,0,,0.00,0.00,
picture of michelle vegetable garden with kids,,0,,0.00,0.00,
picture posters of fruits and vegetables for kids,,0,,0.00,0.00,
pictures of fruits and vegetables for kids,,0,,0.00,0.00,
pictures of kid made vegetable garden,,0,,0.00,0.00,
pictures of kids eating vegetables,,0,,0.00,0.00,
pictures of vegetables and fruits for kids,,0,,0.00,0.00,
pictures of vegetables for kids,,0,,0.00,0.00,
pinoy vegetable recipes for kids,,0,,0.00,0.00,
pinterest vegetable art ideas for kids,,0,,0.00,0.00,
pinterest vegetable ideas for kids,,0,,0.00,0.00,
plantasyland coloring pages for kids of vegetables,,0,,0.00,0.00,
plants with vegetables to draw for kids,,0,,0.00,0.00,
plastic fruits and vegetables for kids,,0,,0.00,0.00,
plastic fruits and vegetables kids,,0,,0.00,0.00,
plastic kids fruits and vegetables,,0,,0.00,0.00,
plastic kitchen food fruit vegetable cutting kids pretend play,,0,,0.00,0.00,
plastic vegetables for kids,,0,,0.00,0.00,
poem for kids on vegetables,,0,,0.00,0.00,
poem on fruits and vegetables for kids,,0,,0.00,0.00,
poem on fruits and vegetables for kids in hindi,,0,,0.00,0.00,
poem on vegetables for kids in hindi,,0,,0.00,0.00,
poems about vegetables for kids,,0,,0.00,0.00,
popsugar family ampbest vegetables for kids popsugar family,,0,,0.00,0.00,
popular vegetables for kids,,0,,0.00,0.00,
post kid buu vegeta doors,,0,,0.00,0.00,
pottery barn kids vegetables,,0,,0.00,0.00,
powder vegetables for kids pouch,,0,,0.00,0.00,
powder vegetables for kids single,,0,,0.00,0.00,
pre majin vegeta vs kid gohan,,0,,0.00,0.00,
preschool fruits and vegetables for kids,,0,,0.00,0.00,
preschool vegetable chart for kids,,0,,0.00,0.00,
pressure kids to eat vegetables,,0,,0.00,0.00,
pressure kids to eat vegetables researsh,,0,,0.00,0.00,
prince of destiny kid vegeta,,0,,0.00,0.00,
prince vegeta kid,,0,,0.00,0.00,
prince vegeta vs kid gohan,,0,,0.00,0.00,
printable kids vegetable activities,,0,,0.00,0.00,
printable kids vegetables,,0,,0.00,0.00,
printable list of fruits and vegetables for kids,,0,,0.00,0.00,
printable pictures of fruits and vegetables for kids,,0,,0.00,0.00,
printable vegetables chart for kids,,0,,0.00,0.00,
printable vegetables for kids,,0,,0.00,0.00,
printable vegetables kids,,0,,0.00,0.00,
products combining fruits vegetables whole grains for kids,,0,,0.00,0.00,
project on fruits and vegetables for kids,,0,,0.00,0.00,
properties of vegetable oil for kids,,0,,0.00,0.00,
pumpkin vegetable for kids,,0,,0.00,0.00,
pureed vegetable soup for kids,,0,,0.00,0.00,
pureed vegetables for kids,,0,,0.00,0.00,
questions about fruits and vegetables for kids,,0,,0.00,0.00,
questions about vegetables for kids,,0,,0.00,0.00,
quick vegetable sides for kids,,0,,0.00,0.00,
quick vegetables for kids,,0,,0.00,0.00,
raditz and vegeta kids,,0,,0.00,0.00,
rainbow fruits and vegetables for kids,,0,,0.00,0.00,
rainbow vegetables chart for kids,,0,,0.00,0.00,
rainbow vegetables for kids,,0,,0.00,0.00,
raw vegetables for kids,,0,,0.00,0.00,
raw vegetables for kids party,,0,,0.00,0.00,
raw vegetables that kids like in salad,,0,,0.00,0.00,
raw vegetables.kids will eat,,0,,0.00,0.00,
really no raw vegetables for kids under 4,,0,,0.00,0.00,
really no reason vegetables for kids under 4,,0,,0.00,0.00,
reasons to eat vegetable for kids,,0,,0.00,0.00,
recipes for getting kids to eat vegetables,,0,,0.00,0.00,
recipes for kids to eat vegetables,,0,,0.00,0.00,
recipes for kids to make with vegetables,,0,,0.00,0.00,
recipes for kids who don t like vegetables,,0,,0.00,0.00,
recipes for kids who dont like vegetables,,0,,0.00,0.00,
recipes for kids who hate vegetables,,0,,0.00,0.00,
recipes for kids who won t eat vegetables,,0,,0.00,0.00,
recipes for kids who wont eat vegetables,,0,,0.00,0.00,
recipes for kids with vegetables,,0,,0.00,0.00,
recipes for tricking kids into eating vegetables,,0,,0.00,0.00,
recipes for vegetable freezer pols for kids,,0,,0.00,0.00,
recipes for vegetable freezer pops for kids,,0,,0.00,0.00,
recipes for vegetables for kids,,0,,0.00,0.00,
recipes for vegetables kids will eat,,0,,0.00,0.00,
recipes that hide vegetables for kids,,0,,0.00,0.00,
recipes to get kids to eat more vegetables,,0,,0.00,0.00,
recipes to get kids to eat their vegetables,,0,,0.00,0.00,
recipes with fruits and vegetables for kids,,0,,0.00,0.00,
recipes with vegetables for kids,,0,,0.00,0.00,
recommended fruits vegetables for kids,,0,,0.00,0.00,
reddit how to get your kids to eat vegetables,,0,,0.00,0.00,
regrowing vegetables for kids,,0,,0.00,0.00,
remember kids eat your vegetables or off with your testicles,,0,,0.00,0.00,
remember kids if you don't eat your vegetables,,0,,0.00,0.00,
remember kids if you dont eat your vegetables,,0,,0.00,0.00,
report on kid not eating vegetables,,0,,0.00,0.00,
retarded kids and vegetables,,0,,0.00,0.00,
retarded kids vegetable,,0,,0.00,0.00,
riddles for kids on vegetables,,0,,0.00,0.00,
riddles on fruits and vegetables for kids,,0,,0.00,0.00,
roasted root vegetables for kids,,0,,0.00,0.00,
roasted vegetables for kids,,0,,0.00,0.00,
roasted vegetables kids,,0,,0.00,0.00,
root vegetable information for kids,,0,,0.00,0.00,
root vegetables facts for kids,,0,,0.00,0.00,
root vegetables for kids,,0,,0.00,0.00,
sakura kids portion hibachi vegetables nutrition,,0,,0.00,0.00,
sauces kids vegetables,,0,,0.00,0.00,
sausage and vegetable casserole kids,,0,,0.00,0.00,
saute vegetables for kids,,0,,0.00,0.00,
savory vegetable muffins for kids,,0,,0.00,0.00,
school gardens linked with kids eating more vegetables,,0,,0.00,0.00,
school kids vegetable garden,,0,,0.00,0.00,
school lunch ideas for kids that don't like vegetables,,0,,0.00,0.00,
sci show kids fruits vs vegetables,,0,,0.00,0.00,
science fruit or vegetable article for kids,,0,,0.00,0.00,
seasonal fruits and vegetables for kids,,0,,0.00,0.00,
seinfeld vegetable in kids food,,0,,0.00,0.00,
serve cut vegetables for kids,,0,,0.00,0.00,
serving size fruits and vegetables kids,,0,,0.00,0.00,
serving size vegetables per day kids,,0,,0.00,0.00,
sheet pan chicken and vegetables kid friendly,,0,,0.00,0.00,
shintani kid vegeta,,0,,0.00,0.00,
shortcut vegetable lasagna for kids,,0,,0.00,0.00,
should i force my kid to eat vegetables,,0,,0.00,0.00,
should kids eat vegetables,,0,,0.00,0.00,
should parents feed vegetables to their kids,,0,,0.00,0.00,
should you force kids to eat vegetables,,0,,0.00,0.00,
should you force your kids to eat vegetables,,0,,0.00,0.00,
sid the science kid vegetable garden,,0,,0.00,0.00,
sid the science kid vegetable harvest,,0,,0.00,0.00,
sid the science kid vegetable patterns,,0,,0.00,0.00,
sid the science kid vegetable planting,,0,,0.00,0.00,
simple fruit and vegetable carving for kids,,0,,0.00,0.00,
simple mini vegetable turkeys for kids,,0,,0.00,0.00,
simple vegetable art for kids,,0,,0.00,0.00,
simple vegetable carving for kids,,0,,0.00,0.00,
simple vegetable carvings for kids,,0,,0.00,0.00,
simple vegetable curry for kids,,0,,0.00,0.00,
simple vegetable painting for kids,,0,,0.00,0.00,
simple vegetable recipes for kids,,0,,0.00,0.00,
simple vegetable salad recipes for kids,,0,,0.00,0.00,
simple vegetable snacks for kids,,0,,0.00,0.00,
simple vegetable soup for kids,,0,,0.00,0.00,
simple vegetable soup recipe for kids,,0,,0.00,0.00,
sleeping kid bulma and kid vegeta,,0,,0.00,0.00,
small vegetable garden for kids,,0,,0.00,0.00,
smoothie recipe with vegetables that kids will love,,0,,0.00,0.00,
smoothie vegetable kids,,0,,0.00,0.00,
smoothie vegetable powder for kids,,0,,0.00,0.00,
smoothies for kids that don t eat vegetables,,0,,0.00,0.00,
smoothies for kids who won t eat vegetables,,0,,0.00,0.00,
smoothies with vegetables for kids,,0,,0.00,0.00,
smoothies with vegetables for picky kids,,0,,0.00,0.00,
snack vegetables for kids,,0,,0.00,0.00,
snacks with vegetables for kids,,0,,0.00,0.00,
snail vegetable snack for kids,,0,,0.00,0.00,
sneak vegetables in kids food,,0,,0.00,0.00,
sneaking vegetables into kids food,,0,,0.00,0.00,
sneaking vegetables into your kids food spongebob meme,,0,,0.00,0.00,
sneaking vegetables to kids,,0,,0.00,0.00,
sneaky vegetable recipes for kids,,0,,0.00,0.00,
sneaky ways to get kids to eat vegetables,,0,,0.00,0.00,
sneaky ways to get your kids to eat vegetables,,0,,0.00,0.00,
sneaky ways to make kids eat vegetables,,0,,0.00,0.00,
songs about how vegetables grow for kids,,0,,0.00,0.00,
speech on vegetables for kids,,0,,0.00,0.00,
spirilized vegetable recipes for kids,,0,,0.00,0.00,
sr int kid vegeta,,0,,0.00,0.00,
sr vegeta kid,,0,,0.00,0.00,
ss2 vegeta vs kid buu,,0,,0.00,0.00,
ssj kid vegeta,,0,,0.00,0.00,
ssj vegeta vs kid buu,,0,,0.00,0.00,
ssj2 kid gohan vs majin vegeta,,0,,0.00,0.00,
ssj2 kid gohan vs pre-majin ssj2 vegeta,,0,,0.00,0.00,
ssj2 kid gohan vs ssj2 vegeta,,0,,0.00,0.00,
ssj2 vegeta vs kid buu,,0,,0.00,0.00,
ssj2 vegeta vs kid buu gif,,0,,0.00,0.00,
ssj2 vegeta vs ssj2 goku kid buu,,0,,0.00,0.00,
ssj3 goku and ssj2 vegeta vs kid buu,,0,,0.00,0.00,
ssj3 kid goku vs baby vegeta,,0,,0.00,0.00,
ssj3 kid vegeta,,0,,0.00,0.00,
ssj3 vegeta kid,,0,,0.00,0.00,
ssj3 vegeta vs kid buu,,0,,0.00,0.00,
statistics on kids eating fruit vegetables,,0,,0.00,0.00,
stem vegetables for kids,,0,,0.00,0.00,
sticky kids vegetables,,0,,0.00,0.00,
stool softener vegetable for kids,,0,,0.00,0.00,
stories for kids about fuits and vegetables,,0,,0.00,0.00,
stories for kids about vegetables,,0,,0.00,0.00,
str vegeta and kid goku,,0,,0.00,0.00,
study city kids dont recognize vegetables,,0,,0.00,0.00,
study kids eating vegetables they grow,,0,,0.00,0.00,
suggestion conclusion essay for kids eating vegetables,,0,,0.00,0.00,
suggestion for kids eating vegetables,,0,,0.00,0.00,
summer vegetables for kids,,0,,0.00,0.00,
super healthy kids chicken and spring vegetables,,0,,0.00,0.00,
super healthy kids vegetable curry,,0,,0.00,0.00,
super healthy kids vegetable gnocchi,,0,,0.00,0.00,
super saiyan 2 vegeta vs kid buu,,0,,0.00,0.00,
super saiyan 3 vegeta vs kid buu,,0,,0.00,0.00,
super saiyan kid trunks vs saiyan saga vegeta,,0,,0.00,0.00,
super saiyan kid vegeta,,0,,0.00,0.00,
super saiyan kid vegeta dokkan,,0,,0.00,0.00,
super saiyan vegeta vs kid buu,,0,,0.00,0.00,
supplements for kids that don t eat vegetables,,0,,0.00,0.00,
supplements for kids that don't eat vegetables,,0,,0.00,0.00,
supplements for kids who don t eat vegetables,,0,,0.00,0.00,
supplements for kids who don't eat vegetables,,0,,0.00,0.00,
survey kids liek vegetables,,0,,0.00,0.00,
sweeter vegetable kids wil eat,,0,,0.00,0.00,
teach kids about fruits and vegetables,,0,,0.00,0.00,
teach kids benefits of vegetables book,,0,,0.00,0.00,
teaching kids about eating vegetables,,0,,0.00,0.00,
teaching kids about fruits and vegetables,,0,,0.00,0.00,
teaching kids about frutis and vegetables,,0,,0.00,0.00,
teaching kids about vegetables,,0,,0.00,0.00,
teaching kids about vegetables and fruits,,0,,0.00,0.00,
teaching kids the benefits of fruits and vegetables,,0,,0.00,0.00,
teaching kids the benefits of fruits and vegetables worksheets,,0,,0.00,0.00,
teaching kids vegetable mineral animal,,0,,0.00,0.00,
teaching kids where vegetables come from,,0,,0.00,0.00,
teaching vegetables for kids,,0,,0.00,0.00,
team vegeta kid,,0,,0.00,0.00,
team vegeta kid in dragon ball super,,0,,0.00,0.00,
tell tale heart kid vegetables,,0,,0.00,0.00,
tempura kids vegetable dance tutorial,,0,,0.00,0.00,
terrible woman yells at people about green vegetables and kids,,0,,0.00,0.00,
texas roadhouse kids fresh vegetables,,0,,0.00,0.00,
thanksgiving vegetables for kids,,0,,0.00,0.00,
thanksgiving vegetables kids,,0,,0.00,0.00,
that kids show with talking vegetables,,0,,0.00,0.00,
the best roasted vegetables for kids,,0,,0.00,0.00,
the best roasted vegetables for kids yummy toddler food,,0,,0.00,0.00,
the difference between fruits and vegetables for kids,,0,,0.00,0.00,
the first three vegetables kids don't like,,0,,0.00,0.00,
the fun way to teach vegetables to kids,,0,,0.00,0.00,
the important of vegetables for the kids,,0,,0.00,0.00,
the kid who survived bee attack as vegeta,,0,,0.00,0.00,
the kids picture show find the vegetables,,0,,0.00,0.00,
the kids' picture show vegetables,,0,,0.00,0.00,
the vegetable song kids learning tube,,0,,0.00,0.00,
tilda kids sunshine vegetable rice,,0,,0.00,0.00,
tilda kids sweet vegetables wholegrain rice,,0,,0.00,0.00,
tips to get kids to eat more vegetables,,0,,0.00,0.00,
tips to make kids each vegetables,,0,,0.00,0.00,
top 15 kid friendly vegetables,,0,,0.00,0.00,
top 15 kid friendly vegetables recipes indian,,0,,0.00,0.00,
top 5 vegetables for kids,,0,,0.00,0.00,
top kid friendly vegetables,,0,,0.00,0.00,
top kid vegetables,,0,,0.00,0.00,
top kids vegetable,,0,,0.00,0.00,
top rated kids fruit and vegetable juices,,0,,0.00,0.00,
top vegetables for kids,,0,,0.00,0.00,
top vegetables good for kids,,0,,0.00,0.00,
top vegetables kids like,,0,,0.00,0.00,
toy vegetables for kids,,0,,0.00,0.00,
toys kids fruit and vegetable bingo,,0,,0.00,0.00,
toys kids fruit and vegetable bingo game,,0,,0.00,0.00,
toys kids fruit and vegetable bingo matching game,,0,,0.00,0.00,
toys kids vegetable bingo matching game,,0,,0.00,0.00,
toys kids vegetable bingomatching,,0,,0.00,0.00,
toys kids vegetable matching,,0,,0.00,0.00,
toys kids vegetable picture matching,,0,,0.00,0.00,
toys kids vegetable puzzle matching,,0,,0.00,0.00,
trick your kids into eating vegetables,,0,,0.00,0.00,
tricking your kid into eating vegetables,,0,,0.00,0.00,
tricks are for kids vegeta,,0,,0.00,0.00,
tricks to get kids to eat vegetables,,0,,0.00,0.00,
triick kids to eat vegetables,,0,,0.00,0.00,
trivia for kids about fruits and vegetables,,0,,0.00,0.00,
tropical vegetation for kids,,0,,0.00,0.00,
trump kids buy vegetables snopes,,0,,0.00,0.00,
trump kids id vegetables snopes,,0,,0.00,0.00,
trump kids vegetables id,,0,,0.00,0.00,
turkey cups with vegetables for kids,,0,,0.00,0.00,
turkey vegetable meatloaf kid friendly,,0,,0.00,0.00,
tv commercial of kid who hates vegetables,,0,,0.00,0.00,
types of vegetables for kids,,0,,0.00,0.00,
types of vegetables for kids - vegetable names in english.,,0,,0.00,0.00,
types of vegetation in australia for kids,,0,,0.00,0.00,
types of vegetation powerpoint for kids,,0,,0.00,0.00,
underground vegetables for kids,,0,,0.00,0.00,
underground vegetables kids,,0,,0.00,0.00,
unhappy kid eating vegetables,,0,,0.00,0.00,
us northeast region vegetation for kids,,0,,0.00,0.00,
usda fruit and vegetable intake recommendations for kids,,0,,0.00,0.00,
uses of vegetables for kids,,0,,0.00,0.00,
valentines day dinner kids vegetable,,0,,0.00,0.00,
veget and bulma kids names,,0,,0.00,0.00,
vegeta & bulma 2nd kid,,0,,0.00,0.00,
vegeta and bluma kids,,0,,0.00,0.00,
vegeta and bulma kid,,0,,0.00,0.00,
vegeta and bulma kids,,0,,0.00,0.00,
vegeta and bulmas kids,,0,,0.00,0.00,
vegeta and goku vs kid buu full fight,,0,,0.00,0.00,
vegeta and his kids,,0,,0.00,0.00,
vegeta and his kids fanfiction,,0,,0.00,0.00,
vegeta and kid goku,,0,,0.00,0.00,
vegeta and kid trunks,,0,,0.00,0.00,
vegeta and kid trunks fan art,,0,,0.00,0.00,
vegeta and kid trunks fanfiction,,0,,0.00,0.00,
vegeta and kid trunks story,,0,,0.00,0.00,
vegeta and kid trunks super saiyan,,0,,0.00,0.00,
vegeta and kid trunks super sayian,,0,,0.00,0.00,
vegeta battle suit as a kid,,0,,0.00,0.00,
vegeta bloody face kid buu,,0,,0.00,0.00,
vegeta bulma kid trunks,,0,,0.00,0.00,
vegeta bulma kids,,0,,0.00,0.00,
vegeta combo kid buu assist,,0,,0.00,0.00,
vegeta commenting about kid trunks and goten being super saiyans,,0,,0.00,0.00,
vegeta costume for kids,,0,,0.00,0.00,
vegeta costume kids,,0,,0.00,0.00,
vegeta crocs kids,,0,,0.00,0.00,
vegeta epic speech to kid buu,,0,,0.00,0.00,
vegeta fights kid buu,,0,,0.00,0.00,
vegeta gets choked by kid buu,,0,,0.00,0.00,
vegeta gets kicked by kid buu,,0,,0.00,0.00,
vegeta getting back up kid buu chills,,0,,0.00,0.00,
vegeta getting beat up by kid buu,,0,,0.00,0.00,
vegeta goes super saiyan 2 against kid buu,,0,,0.00,0.00,
vegeta hairline kid,,0,,0.00,0.00,
vegeta halloween costume kid,,0,,0.00,0.00,
vegeta has two kids,,0,,0.00,0.00,
vegeta hits kid trunks,,0,,0.00,0.00,
vegeta holds off kid buu,,0,,0.00,0.00,
vegeta hole kid buu,,0,,0.00,0.00,
vegeta hole kid buu gif,,0,,0.00,0.00,
vegeta i was kidding,,0,,0.00,0.00,
vegeta in a suit punches kid,,0,,0.00,0.00,
vegeta kid,,0,,0.00,0.00,
vegeta kid agl,,0,,0.00,0.00,
vegeta kid boo revived,,0,,0.00,0.00,
vegeta kid born for battle,,0,,0.00,0.00,
vegeta kid buu,,0,,0.00,0.00,
vegeta kid buu chills,,0,,0.00,0.00,
vegeta kid buu combo,,0,,0.00,0.00,
vegeta kid buu revived,,0,,0.00,0.00,
vegeta kid buu speech,,0,,0.00,0.00,
vegeta kid buu wallpaper 4k,,0,,0.00,0.00,
vegeta kid buu wallpaper galaxy s10,,0,,0.00,0.00,
vegeta kid costume,,0,,0.00,0.00,
vegeta kid dokkan,,0,,0.00,0.00,
vegeta kid dragon ball dokkan,,0,,0.00,0.00,
vegeta kid eza,,0,,0.00,0.00,
vegeta kid hair,,0,,0.00,0.00,
vegeta kid medal,,0,,0.00,0.00,
vegeta kid nappa,,0,,0.00,0.00,
vegeta kid power level,,0,,0.00,0.00,
vegeta kid sa15,,0,,0.00,0.00,
vegeta kid sa15 showcase,,0,,0.00,0.00,
vegeta kid sr,,0,,0.00,0.00,
vegeta kid stung by bee,,0,,0.00,0.00,
vegeta kid ultra instinct,,0,,0.00,0.00,
vegeta kid vs nappa,,0,,0.00,0.00,
vegeta kid's names,,0,,0.00,0.00,
vegeta kids,,0,,0.00,0.00,
vegeta kids costume,,0,,0.00,0.00,
vegeta kids names,,0,,0.00,0.00,
vegeta kids sr,,0,,0.00,0.00,
vegeta kills kid buu,,0,,0.00,0.00,
vegeta makes kid buu,,0,,0.00,0.00,
vegeta power level as a kid,,0,,0.00,0.00,
vegeta punches kids,,0,,0.00,0.00,
vegeta removes kid buu,,0,,0.00,0.00,
vegeta saiyan armor shirt kids,,0,,0.00,0.00,
vegeta saiyan armor tshirt kids,,0,,0.00,0.00,
vegeta says he's sorry to kid trunks fanfiction,,0,,0.00,0.00,
vegeta scares kid buu,,0,,0.00,0.00,
vegeta shaved in kids head,,0,,0.00,0.00,
vegeta shirt kids,,0,,0.00,0.00,
vegeta should have gotten to name a kid,,0,,0.00,0.00,
vegeta speech kid buu,,0,,0.00,0.00,
vegeta speech to kid buu,,0,,0.00,0.00,
vegeta ss2 vs kid buu,,0,,0.00,0.00,
vegeta ssj2 gt vs kid buu,,0,,0.00,0.00,
vegeta ssj2 vs kid boo,,0,,0.00,0.00,
vegeta ssj2 vs kid buu,,0,,0.00,0.00,
vegeta ssj2 vs kid buu audio latino,,0,,0.00,0.00,
vegeta ssj3 vs kid buu,,0,,0.00,0.00,
vegeta stronger than kid buu,,0,,0.00,0.00,
vegeta super saiyan 2 kid buu,,0,,0.00,0.00,
vegeta super saiyan 2 vs kid buu,,0,,0.00,0.00,
vegeta taunts kid buu,,0,,0.00,0.00,
vegeta trains kid to super sayan,,0,,0.00,0.00,
vegeta vs buu kid,,0,,0.00,0.00,
vegeta vs kid buu,,0,,0.00,0.00,
vegeta vs kid buu amv,,0,,0.00,0.00,
vegeta vs kid buu dubstep,,0,,0.00,0.00,
vegeta vs kid buu dubstep remix the saiyan prince tribute,,0,,0.00,0.00,
vegeta vs kid buu eng dub,,0,,0.00,0.00,
vegeta vs kid buu english,,0,,0.00,0.00,
vegeta vs kid buu episode,,0,,0.00,0.00,
vegeta vs kid buu full fight,,0,,0.00,0.00,
vegeta vs kid buu full fight english dub,,0,,0.00,0.00,
vegeta vs kid buu full fight in hindi,,0,,0.00,0.00,
vegeta vs kid buu gif,,0,,0.00,0.00,
vegeta vs kid buu japanese,,0,,0.00,0.00,
vegeta vs kid buu kai,,0,,0.00,0.00,
vegeta vs kid buu manga,,0,,0.00,0.00,
vegeta vs kid buu part 1,,0,,0.00,0.00,
vegeta vs kid buu part 2,,0,,0.00,0.00,
vegeta vs kid buu part 3,,0,,0.00,0.00,
vegeta vs kid buu quotes,,0,,0.00,0.00,
vegeta vs kid buu reaction,,0,,0.00,0.00,
vegeta vs kid buu reddit,,0,,0.00,0.00,
vegeta vs kid buu remix,,0,,0.00,0.00,
vegeta vs kid buu speech,,0,,0.00,0.00,
vegeta vs kid buu youtube,,0,,0.00,0.00,
vegeta vs kid gohan,,0,,0.00,0.00,
vegeta vs kid goku meme,,0,,0.00,0.00,
vegeta vs kid majin buu,,0,,0.00,0.00,
vegeta vs kid trunks,,0,,0.00,0.00,
vegeta vs majin boo kid,,0,,0.00,0.00,
vegeta vs majin buu kid,,0,,0.00,0.00,
vegeta x bulma fanfiction kids,,0,,0.00,0.00,
vegeta x kid gohan,,0,,0.00,0.00,
vegeta's kids,,0,,0.00,0.00,
vegeta's kids bra,,0,,0.00,0.00,
vegetaas kids,,0,,0.00,0.00,
vegetable accessories for kids,,0,,0.00,0.00,
vegetable activities for kids,,0,,0.00,0.00,
vegetable activity for kids,,0,,0.00,0.00,
vegetable alternatives for kids,,0,,0.00,0.00,
vegetable and fruit carving for kids,,0,,0.00,0.00,
vegetable and fruit jokes for kid,,0,,0.00,0.00,
vegetable and fruit jokes for kids,,0,,0.00,0.00,
vegetable and fruit planner kids,,0,,0.00,0.00,
vegetable and fruit smoothie kids,,0,,0.00,0.00,
vegetable and fruit story for kids,,0,,0.00,0.00,
vegetable and fruit week planner kids,,0,,0.00,0.00,
vegetable and fruits names for kids,,0,,0.00,0.00,
vegetable animal snacks for kids,,0,,0.00,0.00,
vegetable animals for kids,,0,,0.00,0.00,
vegetable animals for kids to make,,0,,0.00,0.00,
vegetable animals kids,,0,,0.00,0.00,
vegetable appam for kids,,0,,0.00,0.00,
vegetable appetizers for kids,,0,,0.00,0.00,
vegetable art and craft for kids,,0,,0.00,0.00,
vegetable art for kids,,0,,0.00,0.00,
vegetable art ideas for kids,,0,,0.00,0.00,
vegetable art kids,,0,,0.00,0.00,
vegetable asparagus drawings for kids,,0,,0.00,0.00,
vegetable bag for kids,,0,,0.00,0.00,
vegetable bake for kids,,0,,0.00,0.00,
vegetable bakes for kids,,0,,0.00,0.00,
vegetable balls for kids,,0,,0.00,0.00,
vegetable band pbs kids,,0,,0.00,0.00,
vegetable band pbs kids music,,0,,0.00,0.00,
vegetable based meals for kids,,0,,0.00,0.00,
vegetable based recipes for kids,,0,,0.00,0.00,
vegetable based recipes kid,,0,,0.00,0.00,
vegetable basket drawing for kid,,0,,0.00,0.00,
vegetable basket drawing for kids,,0,,0.00,0.00,
vegetable basket pictures for kids,,0,,0.00,0.00,
vegetable benefits for kids,,0,,0.00,0.00,
vegetable book for kids,,0,,0.00,0.00,
vegetable books for kids,,0,,0.00,0.00,
vegetable bread kids,,0,,0.00,0.00,
vegetable breakfast kids,,0,,0.00,0.00,
vegetable broth for sick kids,,0,,0.00,0.00,
vegetable brownies for kids,,0,,0.00,0.00,
vegetable by kid dee,,0,,0.00,0.00,
vegetable cabbage drawings for kids,,0,,0.00,0.00,
vegetable cake for kids,,0,,0.00,0.00,
vegetable cards for kids,,0,,0.00,0.00,
vegetable carving for kids,,0,,0.00,0.00,
vegetable carving for kids for international theme,,0,,0.00,0.00,
vegetable carving images for kids,,0,,0.00,0.00,
vegetable carving models for kids,,0,,0.00,0.00,
vegetable casserole kid friendly,,0,,0.00,0.00,
vegetable casseroles for kids,,0,,0.00,0.00,
vegetable chart for kids,,0,,0.00,0.00,
vegetable chart for kids in english,,0,,0.00,0.00,
vegetable chart for kids pdf,,0,,0.00,0.00,
vegetable chart for kids printable,,0,,0.00,0.00,
vegetable cheese sandwich for kids,,0,,0.00,0.00,
vegetable chicken nuggets for kids,,0,,0.00,0.00,
vegetable chips for kids,,0,,0.00,0.00,
vegetable clay modelling for kids,,0,,0.00,0.00,
vegetable clear soup for kids,,0,,0.00,0.00,
vegetable clip art for kids,,0,,0.00,0.00,
vegetable coloring book for kids,,0,,0.00,0.00,
vegetable coloring for kids,,0,,0.00,0.00,
vegetable coloring gamesfor kids,,0,,0.00,0.00,
vegetable coloring pages for kids,,0,,0.00,0.00,
vegetable coloring sheets for kids,,0,,0.00,0.00,
vegetable coloring sheets for kids learning tube,,0,,0.00,0.00,
vegetable coloring sheets kids,,0,,0.00,0.00,
vegetable coloring sheets kids learning tube,,0,,0.00,0.00,
vegetable compost for kids,,0,,0.00,0.00,
vegetable container gardening for kids,,0,,0.00,0.00,
vegetable corn drawings for kids,,0,,0.00,0.00,
vegetable costume for kids,,0,,0.00,0.00,
vegetable costume for kids diy,,0,,0.00,0.00,
vegetable costume kids,,0,,0.00,0.00,
vegetable costumes for kids,,0,,0.00,0.00,
vegetable craft for kids,,0,,0.00,0.00,
vegetable craft ideas for kids,,0,,0.00,0.00,
vegetable craft kids,,0,,0.00,0.00,
vegetable crafts for kids,,0,,0.00,0.00,
vegetable croquettes kids,,0,,0.00,0.00,
vegetable cucumber drawings for kids,,0,,0.00,0.00,
vegetable cupcakes for kids,,0,,0.00,0.00,
vegetable curry for kids,,0,,0.00,0.00,
vegetable curry kid friendly,,0,,0.00,0.00,
vegetable curry kids,,0,,0.00,0.00,
vegetable curry kids recipe,,0,,0.00,0.00,
vegetable curry that kids love,,0,,0.00,0.00,
vegetable cutlet for kids,,0,,0.00,0.00,
vegetable cutouts for kids,,0,,0.00,0.00,
vegetable cutter shapes for kids,,0,,0.00,0.00,
vegetable cutting for kids,,0,,0.00,0.00,
vegetable cutting set for kids,,0,,0.00,0.00,
vegetable cutting toys for kids,,0,,0.00,0.00,
vegetable dal for kids,,0,,0.00,0.00,
vegetable day activity for kids crafts recipes,,0,,0.00,0.00,
vegetable day for kids,,0,,0.00,0.00,
vegetable day for kids craft,,0,,0.00,0.00,
vegetable decoration for kids,,0,,0.00,0.00,
vegetable definition for kids,,0,,0.00,0.00,
vegetable dessert recipes for kids,,0,,0.00,0.00,
vegetable desserts for kids,,0,,0.00,0.00,
vegetable dinner for kids,,0,,0.00,0.00,
vegetable dinner ideas for kids,,0,,0.00,0.00,
vegetable dinners for kids,,0,,0.00,0.00,
vegetable dip for kids,,0,,0.00,0.00,
vegetable dip kids like,,0,,0.00,0.00,
vegetable dip recipe for kids,,0,,0.00,0.00,
vegetable dips for kids,,0,,0.00,0.00,
vegetable dish for kids,,0,,0.00,0.00,
vegetable dish that kids like,,0,,0.00,0.00,
vegetable dishes for kid,,0,,0.00,0.00,
vegetable dishes for kids with autism,,0,,0.00,0.00,
vegetable dishes kids,,0,,0.00,0.00,
vegetable dishes kids like,,0,,0.00,0.00,
vegetable dishes kids will eat,,0,,0.00,0.00,
vegetable dishes kids will like,,0,,0.00,0.00,
vegetable dishes that kids will eat,,0,,0.00,0.00,
vegetable dosa for kids,,0,,0.00,0.00,
vegetable drawing for kid,,0,,0.00,0.00,
vegetable drawing for kids,,0,,0.00,0.00,
vegetable drawing kids,,0,,0.00,0.00,
vegetable drawings for kids,,0,,0.00,0.00,
vegetable dress design for kids,,0,,0.00,0.00,
vegetable dress for kids,,0,,0.00,0.00,
vegetable drinks for kids,,0,,0.00,0.00,
vegetable education for kids,,0,,0.00,0.00,
vegetable egg fried rice the kids cook monday,,0,,0.00,0.00,
vegetable egg plant drawings for kids,,0,,0.00,0.00,
vegetable face mask for kids,,0,,0.00,0.00,
vegetable faces for kids,,0,,0.00,0.00,
vegetable facts for kid,,0,,0.00,0.00,
vegetable fancy dress for kids,,0,,0.00,0.00,
vegetable fancy dress ideas for kids,,0,,0.00,0.00,
vegetable flashcards for kids,,0,,0.00,0.00,
vegetable flowers kid snacks,,0,,0.00,0.00,
vegetable food art for kids,,0,,0.00,0.00,
vegetable food for kids,,0,,0.00,0.00,
vegetable food group for kids,,0,,0.00,0.00,
vegetable food ideas for kids,,0,,0.00,0.00,
vegetable for kid,,0,,0.00,0.00,
vegetable for kids cartoons,,0,,0.00,0.00,
vegetable for kids constipation,,0,,0.00,0.00,
vegetable for kids ideas,,0,,0.00,0.00,
vegetable for kids lunch,,0,,0.00,0.00,
vegetable for kids youtube,,0,,0.00,0.00,
vegetable french fries kids,,0,,0.00,0.00,
vegetable fried rice for kids,,0,,0.00,0.00,
vegetable fried rice kids,,0,,0.00,0.00,
vegetable frittata for kids,,0,,0.00,0.00,
vegetable fritters for kids,,0,,0.00,0.00,
vegetable fritters kids,,0,,0.00,0.00,
vegetable fun facts for kids,,0,,0.00,0.00,
vegetable fun for kids,,0,,0.00,0.00,
vegetable game for kids,,0,,0.00,0.00,
vegetable game kids,,0,,0.00,0.00,
vegetable games for kids,,0,,0.00,0.00,
vegetable gamesfor kids,,0,,0.00,0.00,
vegetable garden activity kids,,0,,0.00,0.00,
vegetable garden art for kids,,0,,0.00,0.00,
vegetable garden art ideas for kids,,0,,0.00,0.00,
vegetable garden book for kids,,0,,0.00,0.00,
vegetable garden books for kids,,0,,0.00,0.00,
vegetable garden close up kids,,0,,0.00,0.00,
vegetable garden coloring page for kids,,0,,0.00,0.00,
vegetable garden coloring pages for kids,,0,,0.00,0.00,
vegetable garden craft for kids,,0,,0.00,0.00,
vegetable garden crafts for kids,,0,,0.00,0.00,
vegetable garden drawing for kids,,0,,0.00,0.00,
vegetable garden facts for kids,,0,,0.00,0.00,
vegetable garden for kids target,,0,,0.00,0.00,
vegetable garden garden coloring pages for kids,,0,,0.00,0.00,
vegetable garden ideas for kids,,0,,0.00,0.00,
vegetable garden kids,,0,,0.00,0.00,
vegetable garden kids sketch,,0,,0.00,0.00,
vegetable garden pictures for kids,,0,,0.00,0.00,
vegetable garden plans for kids,,0,,0.00,0.00,
vegetable garden project for kids,,0,,0.00,0.00,
vegetable gardening for kids,,0,,0.00,0.00,
vegetable gardening with your kids,,0,,0.00,0.00,
vegetable gardens for kids,,0,,0.00,0.00,
vegetable good for kid and adult,,0,,0.00,0.00,
vegetable green curry kids,,0,,0.00,0.00,
vegetable greens for kids,,0,,0.00,0.00,
vegetable growing kit for kids,,0,,0.00,0.00,
vegetable growing kits for kids,,0,,0.00,0.00,
vegetable harvesting information for kids,,0,,0.00,0.00,
vegetable hat for kids,,0,,0.00,0.00,
vegetable hats for kids,,0,,0.00,0.00,
vegetable healthy eating for kids,,0,,0.00,0.00,
vegetable healthy eating video for kids,,0,,0.00,0.00,
vegetable healthy food for kids,,0,,0.00,0.00,
vegetable ideas for kids lunch,,0,,0.00,0.00,
vegetable ideas for kids lunches,,0,,0.00,0.00,
vegetable ideas for sensory kids,,0,,0.00,0.00,
vegetable idli for kids,,0,,0.00,0.00,
vegetable image for kids,,0,,0.00,0.00,
vegetable images for kids,,0,,0.00,0.00,
vegetable information for kids,,0,,0.00,0.00,
vegetable information kids,,0,,0.00,0.00,
vegetable insects snack kids,,0,,0.00,0.00,
vegetable instruments for kids,,0,,0.00,0.00,
vegetable jewellery for kids,,0,,0.00,0.00,
vegetable juice for kid,,0,,0.00,0.00,
vegetable juice for kids doing healthy,,0,,0.00,0.00,
vegetable juice for kids doing sport,,0,,0.00,0.00,
vegetable juice for kids homemade,,0,,0.00,0.00,
vegetable juices for kids,,0,,0.00,0.00,
vegetable kabobs for kids,,0,,0.00,0.00,
vegetable kebabs for kids,,0,,0.00,0.00,
vegetable khichdi for kids,,0,,0.00,0.00,
vegetable kid,,0,,0.00,0.00,
vegetable kid asks to be killed movie,,0,,0.00,0.00,
vegetable kid booklet,,0,,0.00,0.00,
vegetable kid cornhole,,0,,0.00,0.00,
vegetable kid friendly recipes,,0,,0.00,0.00,
vegetable kid heals today show,,0,,0.00,0.00,
vegetable kid memes,,0,,0.00,0.00,
vegetable kid names,,0,,0.00,0.00,
vegetable kid show,,0,,0.00,0.00,
vegetable kid thats slurring,,0,,0.00,0.00,
vegetable kid urban dictionary,,0,,0.00,0.00,
vegetable kids,,0,,0.00,0.00,
vegetable kids book,,0,,0.00,0.00,
vegetable kids cartoon,,0,,0.00,0.00,
vegetable kids cartoon movie,,0,,0.00,0.00,
vegetable kids cook,,0,,0.00,0.00,
vegetable kids drawing,,0,,0.00,0.00,
vegetable kids joke,,0,,0.00,0.00,
vegetable kids like,,0,,0.00,0.00,
vegetable kids per day,,0,,0.00,0.00,
vegetable kids poster,,0,,0.00,0.00,
vegetable kids recipes,,0,,0.00,0.00,
vegetable kids show,,0,,0.00,0.00,
vegetable kids tv show,,0,,0.00,0.00,
vegetable kids will eat,,0,,0.00,0.00,
vegetable kids youtube,,0,,0.00,0.00,
vegetable kids youtube teaching videos,,0,,0.00,0.00,
vegetable lasagna for kids,,0,,0.00,0.00,
vegetable lasagna kid-friendly,,0,,0.00,0.00,
vegetable lasagna recipe kid friendly,,0,,0.00,0.00,
vegetable lasagna recipe kid-friendly,,0,,0.00,0.00,
vegetable laxative and kids,,0,,0.00,0.00,
vegetable laxative and kids good or bad,,0,,0.00,0.00,
vegetable learning for kids,,0,,0.00,0.00,
vegetable list for kids,,0,,0.00,0.00,
vegetable lunch ideas for kids,,0,,0.00,0.00,
vegetable main dishes for kids,,0,,0.00,0.00,
vegetable man for kids,,0,,0.00,0.00,
vegetable market activity for kids,,0,,0.00,0.00,
vegetable market drawing for kids,,0,,0.00,0.00,
vegetable mash for kids,,0,,0.00,0.00,
vegetable mask for kids,,0,,0.00,0.00,
vegetable meal for kids,,0,,0.00,0.00,
vegetable meals for kids,,0,,0.00,0.00,
vegetable meatballs for kids,,0,,0.00,0.00,
vegetable mix for kids,,0,,0.00,0.00,
vegetable models for kids,,0,,0.00,0.00,
vegetable movie kids you tube,,0,,0.00,0.00,
vegetable muffins kids,,0,,0.00,0.00,
vegetable name for kids,,0,,0.00,0.00,
vegetable names for kids,,0,,0.00,0.00,
vegetable names in english for kids,,0,,0.00,0.00,
vegetable noodles for kids,,0,,0.00,0.00,
vegetable nutrition facts for kids,,0,,0.00,0.00,
vegetable nutrition for kids,,0,,0.00,0.00,
vegetable nutrition lessons for kids,,0,,0.00,0.00,
vegetable nutritious food for kids,,0,,0.00,0.00,
vegetable oil facts for kids,,0,,0.00,0.00,
vegetable olanting activity for.kids,,0,,0.00,0.00,
vegetable omelette kids,,0,,0.00,0.00,
vegetable omelette muffins for kids,,0,,0.00,0.00,
vegetable options for kids,,0,,0.00,0.00,
vegetable options for kids lunch,,0,,0.00,0.00,
vegetable ornaments for kids,,0,,0.00,0.00,
vegetable pages for kids,,0,,0.00,0.00,
vegetable painting for kids,,0,,0.00,0.00,
vegetable pancake for kids,,0,,0.00,0.00,
vegetable pancake recipe for kids,,0,,0.00,0.00,
vegetable pancakes for kids,,0,,0.00,0.00,
vegetable pancakes kids,,0,,0.00,0.00,
vegetable paratha for kids,,0,,0.00,0.00,
vegetable paratha recipe for kids,,0,,0.00,0.00,
vegetable pasta bake for kids,,0,,0.00,0.00,
vegetable pasta for kids,,0,,0.00,0.00,
vegetable pasta kids,,0,,0.00,0.00,
vegetable pasta recipe for kids,,0,,0.00,0.00,
vegetable pasta sauce kids,,0,,0.00,0.00,
vegetable pasta sauce recipe for kids,,0,,0.00,0.00,
vegetable pasties kids,,0,,0.00,0.00,
vegetable pasty kids,,0,,0.00,0.00,
vegetable patch kids,,0,,0.00,0.00,
vegetable patties for kids,,0,,0.00,0.00,
vegetable patties kids,,0,,0.00,0.00,
vegetable peeler for kids,,0,,0.00,0.00,
vegetable photos for kids,,0,,0.00,0.00,
vegetable picnic sides kid friendly,,0,,0.00,0.00,
vegetable pics for kids,,0,,0.00,0.00,
vegetable picture for kids,,0,,0.00,0.00,
vegetable pictures for kids,,0,,0.00,0.00,
vegetable pizza for kids,,0,,0.00,0.00,
vegetable planting activity for.kids,,0,,0.00,0.00,
vegetable planting with kids,,0,,0.00,0.00,
vegetable plates for kids,,0,,0.00,0.00,
vegetable platter for kids,,0,,0.00,0.00,
vegetable platter for kids party,,0,,0.00,0.00,
vegetable poem for kids,,0,,0.00,0.00,
vegetable poster for kids,,0,,0.00,0.00,
vegetable potato drawings for kids,,0,,0.00,0.00,
vegetable potatoe drawings for kids,,0,,0.00,0.00,
vegetable powder for kids review,,0,,0.00,0.00,
vegetable powder kids,,0,,0.00,0.00,
vegetable presentation for kids,,0,,0.00,0.00,
vegetable print art for kids,,0,,0.00,0.00,
vegetable print out for kids,,0,,0.00,0.00,
vegetable printable dice games for kids,,0,,0.00,0.00,
vegetable printing activity for kids,,0,,0.00,0.00,
vegetable printing art for kids,,0,,0.00,0.00,
vegetable printing craft for kids,,0,,0.00,0.00,
vegetable printing for kids,,0,,0.00,0.00,
vegetable printing kids,,0,,0.00,0.00,
vegetable printing pictures for kids,,0,,0.00,0.00,
vegetable prints for kids,,0,,0.00,0.00,
vegetable project for kids,,0,,0.00,0.00,
vegetable pulao for kids,,0,,0.00,0.00,
vegetable puree for kids,,0,,0.00,0.00,
vegetable puree spaghetti sauce kids,,0,,0.00,0.00,
vegetable puzzle for kids,,0,,0.00,0.00,
vegetable question for kids,,0,,0.00,0.00,
vegetable questions and answers for kids,,0,,0.00,0.00,
vegetable questions for kids,,0,,0.00,0.00,
vegetable quiz for kids,,0,,0.00,0.00,
vegetable quotes for kids,,0,,0.00,0.00,
vegetable recipes for dinner for kids,,0,,0.00,0.00,
vegetable recipes for kids philippines,,0,,0.00,0.00,
vegetable recipes for kids picky eaters,,0,,0.00,0.00,
vegetable recipes for kids pinoy,,0,,0.00,0.00,
vegetable recipes for kids who don t like vegetables,,0,,0.00,0.00,
vegetable recipes kid friendly,,0,,0.00,0.00,
vegetable recipes kids,,0,,0.00,0.00,
vegetable recipes kids can make,,0,,0.00,0.00,
vegetable recipes kids love,,0,,0.00,0.00,
vegetable recipes picky kids,,0,,0.00,0.00,
vegetable recipes picky kids who won't eat,,0,,0.00,0.00,
vegetable recipes with kid appeal,,0,,0.00,0.00,
vegetable retard kids,,0,,0.00,0.00,
vegetable rhymes for kids,,0,,0.00,0.00,
vegetable rice for kids,,0,,0.00,0.00,
vegetable rice for kids lunch box,,0,,0.00,0.00,
vegetable riddles for kids,,0,,0.00,0.00,
vegetable rissoles kids,,0,,0.00,0.00,
vegetable salad activity for kids,,0,,0.00,0.00,
vegetable salad decoration for kids,,0,,0.00,0.00,
vegetable salad for kids,,0,,0.00,0.00,
vegetable salad for kids',,0,,0.00,0.00,
vegetable salad kids like,,0,,0.00,0.00,
vegetable salad recipe for kids,,0,,0.00,0.00,
vegetable salad recipes for kids,,0,,0.00,0.00,
vegetable salads for kids,,0,,0.00,0.00,
vegetable samosa recipe for kids,,0,,0.00,0.00,
vegetable sandwic kids indian,,0,,0.00,0.00,
vegetable sandwich for kids,,0,,0.00,0.00,
vegetable seeds for kids,,0,,0.00,0.00,
vegetable serving size for kids,,0,,0.00,0.00,
vegetable set for kids,,0,,0.00,0.00,
vegetable shape cutter for kids,,0,,0.00,0.00,
vegetable shaped bean bag chairs for kids,,0,,0.00,0.00,
vegetable shapes for kids,,0,,0.00,0.00,
vegetable show for kids,,0,,0.00,0.00,
vegetable show kids,,0,,0.00,0.00,
vegetable side dish for kids,,0,,0.00,0.00,
vegetable side dishes kid friendly,,0,,0.00,0.00,
vegetable side dishes kids love,,0,,0.00,0.00,
vegetable side dishes kids will eat,,0,,0.00,0.00,
vegetable side dishes kids will like,,0,,0.00,0.00,
vegetable sides for lunch kids,,0,,0.00,0.00,
vegetable sides kid friendly,,0,,0.00,0.00,
vegetable sides kids like,,0,,0.00,0.00,
vegetable sides kids will eat,,0,,0.00,0.00,
vegetable skewers for kids,,0,,0.00,0.00,
vegetable slice kids,,0,,0.00,0.00,
vegetable slices in kids tiys,,0,,0.00,0.00,
vegetable slices in kids toys,,0,,0.00,0.00,
vegetable smoothie recipes for kids,,0,,0.00,0.00,
vegetable smoothue fir kids,,0,,0.00,0.00,
vegetable smoothue fir kids juice,,0,,0.00,0.00,
vegetable snack for kids,,0,,0.00,0.00,
vegetable snacks for kids recipes,,0,,0.00,0.00,
vegetable snacks for kids recipes indian,,0,,0.00,0.00,
vegetable snacks for kids+recipes,,0,,0.00,0.00,
vegetable snacks kids love,,0,,0.00,0.00,
vegetable snacks kids will eat,,0,,0.00,0.00,
vegetable song abc kid tv,,0,,0.00,0.00,
vegetable song for kid,,0,,0.00,0.00,
vegetable song for kids,,0,,0.00,0.00,
vegetable song for kids lyrics,,0,,0.00,0.00,
vegetable song for kids walrus,,0,,0.00,0.00,
vegetable song in arabic for kids,,0,,0.00,0.00,
vegetable songs for kids,,0,,0.00,0.00,
vegetable songs in spanish for kids,,0,,0.00,0.00,
vegetable soup coloring sheet for kids,,0,,0.00,0.00,
vegetable soup for kids in hindi,,0,,0.00,0.00,
vegetable soup for kids indian,,0,,0.00,0.00,
vegetable soup for kids indian recipe,,0,,0.00,0.00,
vegetable soup for kids recipe,,0,,0.00,0.00,
vegetable soup for kids to make,,0,,0.00,0.00,
vegetable soup for kids who dont like vegie,,0,,0.00,0.00,
vegetable soup for kids yummy tummy,,0,,0.00,0.00,
vegetable soup for sick kid,,0,,0.00,0.00,
vegetable soup kid friendly,,0,,0.00,0.00,
vegetable soup kids,,0,,0.00,0.00,
vegetable soup kids 70's,,0,,0.00,0.00,
vegetable soup kids book,,0,,0.00,0.00,
vegetable soup kids like,,0,,0.00,0.00,
vegetable soup kids love,,0,,0.00,0.00,
vegetable soup kids show,,0,,0.00,0.00,
vegetable soup kids teachers,,0,,0.00,0.00,
vegetable soup kids tv show,,0,,0.00,0.00,
vegetable soup kids will like,,0,,0.00,0.00,
vegetable soup recipe kid friendly,,0,,0.00,0.00,
vegetable soup recipe kids,,0,,0.00,0.00,
vegetable soups for kids,,0,,0.00,0.00,
vegetable stamping for kids,,0,,0.00,0.00,
vegetable stamps for kids,,0,,0.00,0.00,
vegetable starters for kids,,0,,0.00,0.00,
vegetable stew for kids,,0,,0.00,0.00,
vegetable stickers for kids,,0,,0.00,0.00,
vegetable sticks for kids,,0,,0.00,0.00,
vegetable stir fry noodles kids,,0,,0.00,0.00,
vegetable stock for kids,,0,,0.00,0.00,
vegetable stories for kids,,0,,0.00,0.00,
vegetable story for kids,,0,,0.00,0.00,
vegetable substitute for kids,,0,,0.00,0.00,
vegetable supplement kids,,0,,0.00,0.00,
vegetable sushi recipes for kids,,0,,0.00,0.00,
vegetable tanned leather sandals kids,,0,,0.00,0.00,
vegetable tattoos for kids,,0,,0.00,0.00,
vegetable that kids eat,,0,,0.00,0.00,
vegetable that kids hate to eat,,0,,0.00,0.00,
vegetable that kids hated,,0,,0.00,0.00,
vegetable that kids like,,0,,0.00,0.00,
vegetable that kids will eat,,0,,0.00,0.00,
vegetable theme for kids,,0,,0.00,0.00,
vegetable tikki for kids,,0,,0.00,0.00,
vegetable tips for kids,,0,,0.00,0.00,
vegetable to plant for kids,,0,,0.00,0.00,
vegetable tots for kids,,0,,0.00,0.00,
vegetable toys for kids,,0,,0.00,0.00,
vegetable train for kids,,0,,0.00,0.00,
vegetable tray for kids,,0,,0.00,0.00,
vegetable trivia for kids,,0,,0.00,0.00,
vegetable turkey craft edible kids,,0,,0.00,0.00,
vegetable turkey for kids,,0,,0.00,0.00,
vegetable vendor essay for kids,,0,,0.00,0.00,
vegetable video for kids,,0,,0.00,0.00,
vegetable vitamin for kids,,0,,0.00,0.00,
vegetable vitamins for kids and adults amazon,,0,,0.00,0.00,
vegetable vocabulary for kids,,0,,0.00,0.00,
vegetable vs fruit games for kids,,0,,0.00,0.00,
vegetable vs fruit kids,,0,,0.00,0.00,
vegetable waffles for kids,,0,,0.00,0.00,
vegetable washing basin kids,,0,,0.00,0.00,
vegetable websites for kids,,0,,0.00,0.00,
vegetable word search for kids,,0,,0.00,0.00,
vegetable worksheet for kids,,0,,0.00,0.00,
vegetable worksheets for kids,,0,,0.00,0.00,
vegetable wrap for kids,,0,,0.00,0.00,
vegetable yoga for kids,,0,,0.00,0.00,
vegetable-shaped bean bag chairs for kids,,0,,0.00,0.00,
vegetable.khichdi recipe for kids,,0,,0.00,0.00,
vegetables activities for kids,,0,,0.00,0.00,
vegetables activity for kids,,0,,0.00,0.00,
vegetables and fruits coloring pages for kids,,0,,0.00,0.00,
vegetables and fruits for kids,,0,,0.00,0.00,
vegetables and kids,,0,,0.00,0.00,
vegetables and their benefits for kids,,0,,0.00,0.00,
vegetables art and craft for kids,,0,,0.00,0.00,
vegetables art for kids,,0,,0.00,0.00,
vegetables benefits for kids,,0,,0.00,0.00,
vegetables benefits kids,,0,,0.00,0.00,
vegetables bingo for kids,,0,,0.00,0.00,
vegetables book for kids,,0,,0.00,0.00,
vegetables books for kids readaloud,,0,,0.00,0.00,
vegetables cartoon for kids,,0,,0.00,0.00,
vegetables cartoon images for kids,,0,,0.00,0.00,
vegetables chart for kids,,0,,0.00,0.00,
vegetables chart for kids learning,,0,,0.00,0.00,
vegetables chips for kids,,0,,0.00,0.00,
vegetables clipart for kids,,0,,0.00,0.00,
vegetables coloring for kids,,0,,0.00,0.00,
vegetables coloring pages for kids,,0,,0.00,0.00,
vegetables craft for kids,,0,,0.00,0.00,
vegetables crafts for kids,,0,,0.00,0.00,
vegetables cutouts for kids,,0,,0.00,0.00,
vegetables cutting for kids learning colors,,0,,0.00,0.00,
vegetables definition for kids,,0,,0.00,0.00,
vegetables definition kids,,0,,0.00,0.00,
vegetables dishes kids like,,0,,0.00,0.00,
vegetables drawing for kid,,0,,0.00,0.00,
vegetables drawing for kids,,0,,0.00,0.00,
vegetables easy drawing for kids,,0,,0.00,0.00,
vegetables easy to grow kids,,0,,0.00,0.00,
vegetables facts for kids,,0,,0.00,0.00,
vegetables facts for kids poster,,0,,0.00,0.00,
vegetables flash cards for kids,,0,,0.00,0.00,
vegetables flashcards for kids,,0,,0.00,0.00,
vegetables flashcards kids,,0,,0.00,0.00,
vegetables for autistic kids,,0,,0.00,0.00,
vegetables for breakfast for kids,,0,,0.00,0.00,
vegetables for kid,,0,,0.00,0.00,
vegetables for kid garden,,0,,0.00,0.00,
vegetables for kid lunches,,0,,0.00,0.00,
vegetables for kids drawing,,0,,0.00,0.00,
vegetables for kids fancy dress,,0,,0.00,0.00,
vegetables for kids health,,0,,0.00,0.00,
vegetables for kids learning,,0,,0.00,0.00,
vegetables for kids lunch box,,0,,0.00,0.00,
vegetables for kids lunchbox,,0,,0.00,0.00,
vegetables for kids lunches,,0,,0.00,0.00,
vegetables for kids pinterest,,0,,0.00,0.00,
vegetables for kids pre k,,0,,0.00,0.00,
vegetables for kids printable chart,,0,,0.00,0.00,
vegetables for kids recipe,,0,,0.00,0.00,
vegetables for kids recipes,,0,,0.00,0.00,
vegetables for kids snack,,0,,0.00,0.00,
vegetables for kids snacks,,0,,0.00,0.00,
vegetables for kids that don t like vegetables,,0,,0.00,0.00,
vegetables for kids to eat,,0,,0.00,0.00,
vegetables for kids to grow,,0,,0.00,0.00,
vegetables for kids to learn,,0,,0.00,0.00,
vegetables for kids who don t like vegetables,,0,,0.00,0.00,
vegetables for kids who don't like vegetables,,0,,0.00,0.00,
vegetables for kids who dont like vegetables,,0,,0.00,0.00,
vegetables for kids who hate vegetables,,0,,0.00,0.00,
vegetables for kids with braces,,0,,0.00,0.00,
vegetables for kids with down syndrome,,0,,0.00,0.00,
vegetables for kids worksheet,,0,,0.00,0.00,
vegetables for picky eaters kids,,0,,0.00,0.00,
vegetables for the picky kid,,0,,0.00,0.00,
vegetables for.kids,,0,,0.00,0.00,
vegetables fruits vs junk food kids you tube,,0,,0.00,0.00,
vegetables game for kids,,0,,0.00,0.00,
vegetables games for kids,,0,,0.00,0.00,
vegetables good for kids,,0,,0.00,0.00,
vegetables how to draw kids,,0,,0.00,0.00,
vegetables ideas for kids,,0,,0.00,0.00,
vegetables illustration kids,,0,,0.00,0.00,
vegetables image for kids,,0,,0.00,0.00,
vegetables images for kids,,0,,0.00,0.00,
vegetables images for kids colouring,,0,,0.00,0.00,
vegetables images for kids drawing,,0,,0.00,0.00,
vegetables in english for kids,,0,,0.00,0.00,
vegetables in french kids,,0,,0.00,0.00,
vegetables in hindi for kids,,0,,0.00,0.00,
vegetables in spanish kids video,,0,,0.00,0.00,
vegetables in spanish kids video dora,,0,,0.00,0.00,
vegetables information for kids,,0,,0.00,0.00,
vegetables juice recipes for kids,,0,,0.00,0.00,
vegetables juice recipes for kids using the blender,,0,,0.00,0.00,
vegetables kid,,0,,0.00,0.00,
vegetables kid should eat,,0,,0.00,0.00,
vegetables kid show,,0,,0.00,0.00,
vegetables kids,,0,,0.00,0.00,
vegetables kids are familiar with,,0,,0.00,0.00,
vegetables kids clipart,,0,,0.00,0.00,
vegetables kids don't like,,0,,0.00,0.00,
vegetables kids dont like,,0,,0.00,0.00,
vegetables kids drawing,,0,,0.00,0.00,
vegetables kids eat,,0,,0.00,0.00,
vegetables kids employment,,0,,0.00,0.00,
vegetables kids hate,,0,,0.00,0.00,
vegetables kids like the most,,0,,0.00,0.00,
vegetables kids like to eat,,0,,0.00,0.00,
vegetables kids loves,,0,,0.00,0.00,
vegetables kids playing,,0,,0.00,0.00,
vegetables kids should eat,,0,,0.00,0.00,
vegetables kids show,,0,,0.00,0.00,
vegetables kids show meme,,0,,0.00,0.00,
vegetables kids will eat in lunch,,0,,0.00,0.00,
vegetables kids will love,,0,,0.00,0.00,
vegetables kids won't eat top 10,,0,,0.00,0.00,
vegetables kids wont eat top 10,,0,,0.00,0.00,
vegetables learning books for kids,,0,,0.00,0.00,
vegetables learning books for kids target,,0,,0.00,0.00,
vegetables learning for kids,,0,,0.00,0.00,
vegetables lesson kids esl,,0,,0.00,0.00,
vegetables list for kids,,0,,0.00,0.00,
vegetables list kids,,0,,0.00,0.00,
vegetables meals for kids,,0,,0.00,0.00,
vegetables muffins for kids,,0,,0.00,0.00,
vegetables my kids will eat,,0,,0.00,0.00,
vegetables n fruits gud for eyes of kids,,0,,0.00,0.00,
vegetables name for kids,,0,,0.00,0.00,
vegetables name in english for kids,,0,,0.00,0.00,
vegetables name t color for kids,,0,,0.00,0.00,
vegetables name with picture for kids,,0,,0.00,0.00,
vegetables names for kids,,0,,0.00,0.00,
vegetables names in english for kids,,0,,0.00,0.00,
vegetables names to trace for kids,,0,,0.00,0.00,
vegetables painting for kids,,0,,0.00,0.00,
vegetables painting ideas for kids,,0,,0.00,0.00,
vegetables pdf for kids,,0,,0.00,0.00,
vegetables photos for kids,,0,,0.00,0.00,
vegetables pics for kids,,0,,0.00,0.00,
vegetables picture worksheet young kids,,0,,0.00,0.00,
vegetables pictures for kid,,0,,0.00,0.00,
vegetables pictures for kids,,0,,0.00,0.00,
vegetables pictures for kids to color,,0,,0.00,0.00,
vegetables pictures for kids to colour,,0,,0.00,0.00,
vegetables pictures for kids with names,,0,,0.00,0.00,
vegetables poster for kids,,0,,0.00,0.00,
vegetables ppt esl kids,,0,,0.00,0.00,
vegetables project for kids,,0,,0.00,0.00,
vegetables purpele names kids,,0,,0.00,0.00,
vegetables questions and answers for kids,,0,,0.00,0.00,
vegetables quiz for kids,,0,,0.00,0.00,
vegetables quotes for kids,,0,,0.00,0.00,
vegetables recipe for kids,,0,,0.00,0.00,
vegetables recipes kids will eat,,0,,0.00,0.00,
vegetables salad for kids,,0,,0.00,0.00,
vegetables snack for kids,,0,,0.00,0.00,
vegetables snack for kids veggie bugs,,0,,0.00,0.00,
vegetables snacks for kids,,0,,0.00,0.00,
vegetables song for kid,,0,,0.00,0.00,
vegetables song for kids,,0,,0.00,0.00,
vegetables song for kids lyrics,,0,,0.00,0.00,
vegetables song kids,,0,,0.00,0.00,
vegetables songs for kids,,0,,0.00,0.00,
vegetables soup recipes for kids,,0,,0.00,0.00,
vegetables spelled out for kids,,0,,0.00,0.00,
vegetables tacos recipe for kids,,0,,0.00,0.00,
vegetables taste good kids employment,,0,,0.00,0.00,
vegetables that are purple kid picture,,0,,0.00,0.00,
vegetables that kids don't eat,,0,,0.00,0.00,
vegetables that kids don't like,,0,,0.00,0.00,
vegetables that kids hate,,0,,0.00,0.00,
vegetables that kids like in salads,,0,,0.00,0.00,
vegetables that kids love,,0,,0.00,0.00,
vegetables that kids pass on,,0,,0.00,0.00,
vegetables that kids will like,,0,,0.00,0.00,
vegetables that kids will love,,0,,0.00,0.00,
vegetables to add to kids food,,0,,0.00,0.00,
vegetables to color for kids,,0,,0.00,0.00,
vegetables to draw for kids,,0,,0.00,0.00,
vegetables video for kids,,0,,0.00,0.00,
vegetables vitamins for kids,,0,,0.00,0.00,
vegetables vocabulary for kids,,0,,0.00,0.00,
vegetables with fiber and minerals for kids,,0,,0.00,0.00,
vegetables worksheet for kids,,0,,0.00,0.00,
vegetables worksheets for kids,,0,,0.00,0.00,
vegetables young esl kids,,0,,0.00,0.00,
vegetables.for kids,,0,,0.00,0.00,
vegetables.for.kids,,0,,0.00,0.00,
vegetables.in hamburgers for.kids,,0,,0.00,0.00,
vegetal art kids,,0,,0.00,0.00,
vegetarian meals for kids that don t like vegetables,,0,,0.00,0.00,
vegetarian meals for kids who don t like vegetables,,0,,0.00,0.00,
vegetarian recipes for kids who don t like vegetables,,0,,0.00,0.00,
vegetas and bulmas kid,,0,,0.00,0.00,
vegetas kid super,,0,,0.00,0.00,
vegetas kids,,0,,0.00,0.00,
vegetas second kid,,0,,0.00,0.00,
vegetation crash course kids,,0,,0.00,0.00,
vegetation definition for kids,,0,,0.00,0.00,
vegetation facts for kids,,0,,0.00,0.00,
vegetation for kids,,0,,0.00,0.00,
vegetation in a sentence for kids,,0,,0.00,0.00,
vegetation in australia for kids,,0,,0.00,0.00,
vegetation in bolivia for kids,,0,,0.00,0.00,
vegetation in china for kids,,0,,0.00,0.00,
vegetation in france for kids,,0,,0.00,0.00,
vegetation in the southeast region for kids,,0,,0.00,0.00,
vegetation kids definition,,0,,0.00,0.00,
vegetation map definition for kids,,0,,0.00,0.00,
vegetation map for kids,,0,,0.00,0.00,
vegetation map of ny for kids,,0,,0.00,0.00,
vegetation meaning kids,,0,,0.00,0.00,
vegetation of ny for kids,,0,,0.00,0.00,
vegetation of papua new guinea for kids,,0,,0.00,0.00,
vegetation of south america for kids,,0,,0.00,0.00,
vegetation on the beach facts for kids,,0,,0.00,0.00,
vegetation zones for kids,,0,,0.00,0.00,
vegetative propagation for kids,,0,,0.00,0.00,
vegetative propagation lesson for kids worksheet,,0,,0.00,0.00,
vegetative reproduction definition for kids,,0,,0.00,0.00,
vegetative reproduction for kids,,0,,0.00,0.00,
vegetative state kid,,0,,0.00,0.00,
vegetcooking vegetables for kids,,0,,0.00,0.00,
vegeto vs kid buu,,0,,0.00,0.00,
vegitables for kids who don'tlike vegetables,,0,,0.00,0.00,
vegitarian meal for kids who dont like many vegetables,,0,,0.00,0.00,
venuswild comic 3 english color vegeta x kid goten,,0,,0.00,0.00,
video how to make vegetable garden for kids,,0,,0.00,0.00,
video how to paint a vegetable garden for kids book,,0,,0.00,0.00,
video kid goku vs kid vegeta,,0,,0.00,0.00,
video of kid loving vegetables,,0,,0.00,0.00,
video teaching kid to eat vegetables by punching bear,,0,,0.00,0.00,
video teaching kid to et vegetables by punching bear,,0,,0.00,0.00,
videos de goku y vegeta vs kid buu parte 1,,0,,0.00,0.00,
videos for kids about fruits and vegetables,,0,,0.00,0.00,
videos for kids on vegetation in ny,,0,,0.00,0.00,
vitamins for kids that don t eat vegetables,,0,,0.00,0.00,
vitamins for kids that don't eat vegetables,,0,,0.00,0.00,
vitamins for kids who don t eat vegetables,,0,,0.00,0.00,
vitamins for kids who dont eat vegetables,,0,,0.00,0.00,
vitamins for kids who won t eat vegetables,,0,,0.00,0.00,
vitamins for kids who won't eat vegetables,,0,,0.00,0.00,
vitamins for kids with vegetables,,0,,0.00,0.00,
vocabulary words about fruits and vegetables for kids,,0,,0.00,0.00,
was vegeta in ssj2 when he gought kid buu,,0,,0.00,0.00,
was vegeta ssj2 against kid buu,,0,,0.00,0.00,
watch goku and vegeta vs kid buu,,0,,0.00,0.00,
ways to get your kid to eat vegetables,,0,,0.00,0.00,
ways to get your kids to eat vegetables,,0,,0.00,0.00,
ways to sneak vegetables into kids meals,,0,,0.00,0.00,
we are fruit and vegetable songs for kids,,0,,0.00,0.00,
what age do kids start to eat vegetables,,0,,0.00,0.00,
what are some kid-friendly recipes using fresh fruits and vegetables,,0,,0.00,0.00,
what are vegetables for kids,,0,,0.00,0.00,
what are vegetables kids,,0,,0.00,0.00,
what ate those kids toys that are rotton vegetables,,0,,0.00,0.00,
what commercial shows kid says disappear to vegetables,,0,,0.00,0.00,
what do fruits and vegetables provide for kids,,0,,0.00,0.00,
what do nurses call vegetable kids,,0,,0.00,0.00,
what does vegetation mean for kids,,0,,0.00,0.00,
what does vegetation mean kid friendly,,0,,0.00,0.00,
what episode does goku and vegeta fight kid buu,,0,,0.00,0.00,
what happens if kids don t eat vegetables,,0,,0.00,0.00,
what happens if kids don't eat vegetables,,0,,0.00,0.00,
what happens if kids never eat vegetables,,0,,0.00,0.00,
what happens to kids who don't eat vegetables,,0,,0.00,0.00,
what happens when a kid does not eat vegetables,,0,,0.00,0.00,
what happens when kids don t eat vegetables,,0,,0.00,0.00,
what happens when kids don't eat vegetables,,0,,0.00,0.00,
what happens when kids don't eat vegetables and fruits,,0,,0.00,0.00,
what happens when kids eat fruit and vegetables,,0,,0.00,0.00,
what helps kids like vegetables,,0,,0.00,0.00,
what if goku and vegeta fused against kid buu,,0,,0.00,0.00,
what if kid buu absorbs vegeta,,0,,0.00,0.00,
what if my kid never eats a vegetable,,0,,0.00,0.00,
what is a good vegetable snack for kids,,0,,0.00,0.00,
what is a vegetable for kids,,0,,0.00,0.00,
what is a vegetable kids,,0,,0.00,0.00,
what is kid dont like vegetables,,0,,0.00,0.00,
what is stemic kid vegetable souce,,0,,0.00,0.00,
what is the difference between fruit and vegetables for kids,,0,,0.00,0.00,
what is the most hated vegetable by kids,,0,,0.00,0.00,
what is the top vegetable consumed by kids,,0,,0.00,0.00,
what is the vegetation of czech republic for kids,,0,,0.00,0.00,
what is vegetation for kids,,0,,0.00,0.00,
what is vegetation in geography for kids,,0,,0.00,0.00,
what is vegetative propagation for kids,,0,,0.00,0.00,
what is your favorite vegetable kid brogle,,0,,0.00,0.00,
what kind of fermented vegetables might kids like,,0,,0.00,0.00,
what to do if your kid won't eat vegetables,,0,,0.00,0.00,
what to do when your kid won't eat vegetables,,0,,0.00,0.00,
what to tell your kids to eat vegetables,,0,,0.00,0.00,
what vegetable pairs well with milk for kids,,0,,0.00,0.00,
what vegetables are good for kids,,0,,0.00,0.00,
what vegetables constipate kids,,0,,0.00,0.00,
what vegetables do i feed my kid,,0,,0.00,0.00,
what vegetables do kids hate the most,,0,,0.00,0.00,
what vegetables do kids like,,0,,0.00,0.00,
what vegetables do kids like the most,,0,,0.00,0.00,
what vegetables do my kids need to be eating,,0,,0.00,0.00,
what vegetables have the most protein for kids,,0,,0.00,0.00,
what was stronger kid vegeta or nappa,,0,,0.00,0.00,
what would vegeta name his kid,,0,,0.00,0.00,
when a kid won't eat vegetables,,0,,0.00,0.00,
when can kids eat raw vegetables,,0,,0.00,0.00,
when does kid goku and vegeta meet,,0,,0.00,0.00,
where do fruits and vegetables come from wondergrove kids,,0,,0.00,0.00,
where do vegetables come from for kids,,0,,0.00,0.00,
where does fruit and vegetables come from for kids,,0,,0.00,0.00,
where is kid vegeta dokkan battle,,0,,0.00,0.00,
where vegetables grow for kids,,0,,0.00,0.00,
which vegetable do kids eat the most,,0,,0.00,0.00,
which vegetable seeds grows fast for kids plant at school,,0,,0.00,0.00,
who are vegetas kids,,0,,0.00,0.00,
who voiced kid vegeta in dragon ball super,,0,,0.00,0.00,
whrer to get kid vegeta medals,,0,,0.00,0.00,
why american kids hate vegetables,,0,,0.00,0.00,
why are parents feeding kids frozen unthawed vegetables,,0,,0.00,0.00,
why are vegetables good for kids,,0,,0.00,0.00,
why are vegetables good for you for kids,,0,,0.00,0.00,
why are vegetables good for you kids,,0,,0.00,0.00,
why are vegetables healthy for kids,,0,,0.00,0.00,
why are vegetables important for kids,,0,,0.00,0.00,
why did bulma have a kid with vegeta,,0,,0.00,0.00,
why did vegeta have a kid with bulma,,0,,0.00,0.00,
why didn't goku and vegeta fuse against kid buu,,0,,0.00,0.00,
why didn't vegeta go super saiyan against kid buu,,0,,0.00,0.00,
why didn't vegeta have more kids,,0,,0.00,0.00,
why do college kids need fruit and vegetables,,0,,0.00,0.00,
why do fruit bats like fruit but not vegetables kid.information,,0,,0.00,0.00,
why do kids dislike vegetables,,0,,0.00,0.00,
why do kids don t like vegetables,,0,,0.00,0.00,
why do kids don't like vegetables,,0,,0.00,0.00,
why do kids dont like vegetables,,0,,0.00,0.00,
why do kids hate vegetables carnivore diet,,0,,0.00,0.00,
why do kids need vegetables,,0,,0.00,0.00,
why do kids not eat vegetables,,0,,0.00,0.00,
why do most kids hate vegetables,,0,,0.00,0.00,
why do none of vegeta's kids look like him,,0,,0.00,0.00,
why do so many kids not like vegetables,,0,,0.00,0.00,
why do we need vegetables kids,,0,,0.00,0.00,
why do white kids hate vegetables,,0,,0.00,0.00,
why doesnt vegeta go super saiyan 2 against kid buu,,0,,0.00,0.00,
why don t american kids eat vegetables,,0,,0.00,0.00,
why don t kids like eating vegetables,,0,,0.00,0.00,
why don t kids like fruits and vegetables,,0,,0.00,0.00,
why don t kids like vegetables,,0,,0.00,0.00,
why don't kids eat vegetables,,0,,0.00,0.00,
why dont kids like vegetables,,0,,0.00,0.00,
why eat fruits vegetables brochure for kids,,0,,0.00,0.00,
why eat fruits vegetables kid,,0,,0.00,0.00,
why fruits and vegetables are important for kids,,0,,0.00,0.00,
why is kid vegetas hair different than adult vegeta,,0,,0.00,0.00,
why kids don t like eat vegetable,,0,,0.00,0.00,
why kids don t like eating vegetables,,0,,0.00,0.00,
why kids don t like vegetables,,0,,0.00,0.00,
why kids don't like vegetables,,0,,0.00,0.00,
why kids dont like vegetables,,0,,0.00,0.00,
why kids hate dinner because of vegetables,,0,,0.00,0.00,
why kids hate vegetable,,0,,0.00,0.00,
why kids hate vegetables,,0,,0.00,0.00,
why kids hate vegetables what to do,,0,,0.00,0.00,
why kids should eat green vegetables,,0,,0.00,0.00,
why kids should eat vegetables,,0,,0.00,0.00,
why little kids hate vegetables,,0,,0.00,0.00,
why should kids eat more vegetables,,0,,0.00,0.00,
why should kids eat more vegetables a day,,0,,0.00,0.00,
why should kids eat vegetables,,0,,0.00,0.00,
why should we eat vegetables for kids,,0,,0.00,0.00,
why sneaking vegetables into food is bad for your kid,,0,,0.00,0.00,
why there is not kid commercials about vegetables and fruits,,0,,0.00,0.00,
winter vegetables for kids,,0,,0.00,0.00,
winter vegetables sydney for kids,,0,,0.00,0.00,
wondergrove kids where do fruits and vegetables come from,,0,,0.00,0.00,
wood velcro kids vegetables,,0,,0.00,0.00,
yemen types of vegetation kids,,0,,0.00,0.00,
yes yes vegetable song for kids,,0,,0.00,0.00,
yogurt with vegetables for kids,,0,,0.00,0.00,
you tube vegetable song for kids,,0,,0.00,0.00,
youtube for kids vegetables,,0,,0.00,0.00,
youtube jamie oliver kids vegetables,,0,,0.00,0.00,
youtube kid won eat vegetables,,0,,0.00,0.00,
youtube kids to eat vegetables,,0,,0.00,0.00,
youtubes vegetable for kids,,0,,0.00,0.00,
yummy kid vegetables,,0,,0.00,0.00,
zucchini and garden vegetables illustration kids,,0,,0.00,0.00,
zuchini recipe to get kids to eat vegetables,,0,,0.00,0.00,
