Keyword,Intent,Volume,Keyword Difficulty,CPC (USD),Competitive Density,SERP Features
renzo's picky eater multi multivitamin,Informational,12100,24,0.00,0.00,"Sitelinks, AI Overview, Reviews, Video, People also ask, Knowledge panel, Related searches"
picky eater,"Informational, Commercial",5400,52,1.20,0.14,"AI Overview, Reviews, Video, People also ask, Discussions and forums, Related searches, Things to know"
picky eater test,Informational,5400,20,2.23,0.01,"Video, Video carousel, People also ask, Discussions and forums, Related searches, Things to know"
renzos picky eater multivitamin for kids sugar-free,Informational,2400,38,0.00,0.00,"Sitelinks, AI Overview, Reviews, Video, People also ask, Related searches"
couple picky eater quiz,Informational,1300,13,0.00,0.00,"AI Overview, Video, Video carousel, People also ask, Related searches"
picky eater dinner ideas,Informational,1300,30,0.12,0.58,"Image, Image pack, Video, People also ask, Recipes, Related searches"
picky eater list,Informational,1000,20,0.00,0.01,"Sitelinks, Image pack, Video, People also ask, Discussions and forums, Related searches"
picky eating disorder,Informational,1000,54,0.00,0.00,"AI Overview, Image pack, Video, People also ask, Related searches, Things to know"
food for picky eater,Informational,880,19,0.34,0.58,"Sitelinks, AI Overview, Video, People also ask, Discussions and forums, Related searches"
picky eater recipes,Informational,880,35,0.31,0.67,"AI Overview, Image, Video, Related searches"
dog food picky eater,"Informational, Commercial",720,25,5.29,0.54,"Sitelinks, AI Overview, Video, Video carousel, People also ask, Discussions and forums, Related searches, Popular products"
picky eating,Informational,720,51,1.10,0.13,"AI Overview, Image pack, Video, Video carousel, People also ask, Related searches, Ads bottom, Ads middle"
dog picky eater,Informational,590,19,4.75,1.00,"Sitelinks, AI Overview, Video, Video carousel, People also ask, Related searches"
picky eater disorder,Informational,590,40,1.04,0.14,"AI Overview, Image pack, Video, Video carousel, People also ask, Related searches, Ads bottom"
picky eater food list,Informational,590,16,0.59,0.87,"Sitelinks, AI Overview, Image pack, Video, Video carousel, People also ask, Discussions and forums, Related searches"
picky eater foods,Informational,590,32,0.39,0.69,"Sitelinks, AI Overview, Image pack, Video, People also ask, Related searches"
arfid vs picky eating,Commercial,480,21,0.68,0.17,"Sitelinks, AI Overview, Image, Image pack, Video, People also ask, Related searches"
dw the picky eater,Informational,480,27,0.00,0.10,"Sitelinks, Reviews, Image, Video, People also ask, Knowledge panel, Related searches, See results about"
picky eater dog food,"Informational, Commercial",480,21,6.04,0.46,"Sitelinks, AI Overview, Video, Video carousel, People also ask, Discussions and forums, Related searches, Popular products"
the picky eater test,Informational,480,17,0.00,0.33,"Image, Image pack, Video, Video carousel, Discussions and forums, Related searches, Things to know"
what is a picky eater,Informational,480,24,0.00,0.33,"Sitelinks, AI Overview, Image pack, Video, People also ask, Related searches"
picky dog eater,Informational,390,28,3.59,0.97,"Sitelinks, AI Overview, Video, Video carousel, People also ask, Discussions and forums, Related searches"
picky eater icd 10,Informational,390,23,0.00,0.33,"AI Overview, Video, People also ask, Related searches"
picky eater in spanish,Informational,390,24,0.00,0.01,"Sitelinks, AI Overview, Instant answer, People also ask, Related searches"
picky eater lunch ideas,Informational,390,16,0.38,0.89,"Sitelinks, AI Overview, Image, Video, Short videos, People also ask, Related searches"
picky eating syndrome,Informational,390,34,1.08,0.10,"AI Overview, Image pack, Video, Video carousel, People also ask, Related searches"
renzo's picky eater multivitamin,Informational,390,36,3.12,0.91,"Sitelinks, Reviews, Image, Video, People also ask, Knowledge panel, Related searches"
high protein meals for picky eater,Informational,320,19,0.00,0.00,"Sitelinks, AI Overview, Video, Video carousel, Related searches"
picky eater chart,Informational,320,16,0.00,0.39,"Image, Image pack, Video, People also ask, Related searches"
picky eater lunch box,Informational,320,20,0.41,0.92,"Sitelinks, AI Overview, Image, Video, Video carousel, Discussions and forums, Related searches, Popular products"
picky eater meals,Informational,320,31,0.24,0.71,"AI Overview, Image, Video, Video carousel, People also ask, Discussions and forums, Related searches"
picky eater meaning,Informational,320,21,0.00,0.33,"Sitelinks, AI Overview, Image pack, Video, People also ask, Related searches"
picky eating icd 10,Informational,320,21,0.00,0.33,"AI Overview, Video, People also ask, Related searches"
renzos picky eater,"Informational, Transactional",320,27,2.42,1.00,"Sitelinks, Reviews, Video, People also ask, Knowledge panel, Discussions and forums, Related searches"
arthur dw picky eater,"Informational, Transactional",260,26,0.00,0.33,"Sitelinks, Reviews, Image, Video, Short videos, Knowledge panel, Related searches"
arthur dw the picky eater,"Informational, Transactional",260,26,0.00,0.33,"Sitelinks, Reviews, Image, Image pack, Video, People also ask, Knowledge panel, See results about"
cat food for picky eater,Informational,260,18,2.23,0.18,"Sitelinks, AI Overview, Video, Short videos, People also ask, Discussions and forums, Related searches"
how to stop being a picky eater,Informational,260,23,1.15,0.09,"Sitelinks, AI Overview, Video, Video carousel, People also ask, Related searches"
picky eater meal prep,Informational,260,19,2.42,1.00,"Sitelinks, AI Overview, Video, Video carousel, Related searches"
picky eater quiz,Informational,260,17,0.00,0.33,"Reviews, Video, Video carousel, Related searches"
picky eater toddler,Informational,260,50,0.00,0.00,"Sitelinks, AI Overview, Video, Video carousel, People also ask, Related searches, Things to know"
picky eater vitamins,Informational,260,33,3.40,1.00,"Sitelinks, AI Overview, Reviews, Video, Video carousel, People also ask, Discussions and forums, Related searches"
picky eating test,Informational,260,14,1.80,0.33,"Reviews, Image pack, Video, Video carousel, People also ask, Related searches"
renzo picky eater multi,Informational,260,30,2.20,1.00,"Sitelinks, AI Overview, Reviews, Video, People also ask, Knowledge panel, Related searches"
renzo's picky eater multi,Commercial,260,24,3.06,1.00,"Sitelinks, Reviews, Image, Video, People also ask, Related searches, Popular products"
renzos picky eater multi,Informational,260,26,3.06,1.00,"Sitelinks, Reviews, Image, Image pack, Video, People also ask, Knowledge panel, Related searches"
toddler picky eater,Informational,260,58,0.00,0.00,"AI Overview, Video, People also ask, Related searches, Things to know"
when to worry about picky eating,Informational,260,37,1.13,0.10,"AI Overview, Video, People also ask, Related searches"
autism and picky eating,Informational,210,41,0.00,0.00,"Image, Video, Video carousel, People also ask, Related searches"
buzzfeed picky eater test,Navigational,210,33,0.00,0.33,Related searches
cat picky eater,Informational,210,14,1.86,0.92,"Sitelinks, AI Overview, Reviews, Video, Video carousel, People also ask, Related searches"
d.w picky eater,"Informational, Transactional",210,27,0.00,0.17,"Sitelinks, Video, People also ask, Knowledge panel, Related searches"
healthy eating for picky eaters,Informational,210,14,1.35,0.60,"AI Overview, Video, Video carousel, People also ask, Discussions and forums, Related searches"
how to get a picky dog to eat,Informational,210,22,2.46,0.98,"Sitelinks, AI Overview, Video, Video carousel, Short videos, People also ask, Discussions and forums, Related searches"
picky eater definition,Informational,210,27,0.00,0.01,"Sitelinks, AI Overview, People also ask, Related searches"
picky eater dog,Informational,210,17,4.75,1.00,"Sitelinks, AI Overview, Image pack, Video, People also ask, Discussions and forums, Related searches, Ads bottom"
picky eater dog remedy,Informational,210,25,2.86,1.00,"Sitelinks, AI Overview, Video, Video carousel, People also ask, Discussions and forums, Related searches"
picky eater noun,Informational,210,24,0.00,0.00,"AI Overview, Reviews, Video, People also ask"
picky eater test buzzfeed,"Navigational, Transactional",210,34,0.00,0.33,Related searches
adhd and picky eating,Informational,170,11,1.57,0.06,"Sitelinks, AI Overview, Video, People also ask, Discussions and forums, Related searches"
adult picky eater recipes,Informational,170,20,0.39,0.30,"Sitelinks, AI Overview, Video, Video carousel, Discussions and forums, Related searches"
aita for being a picky eater at friendsgiving,Informational,170,26,0.00,0.33,"Sitelinks, Related searches"
autism picky eater,Informational,170,38,0.00,0.00,"AI Overview, Image, Image pack, Video, Video carousel, People also ask, Discussions and forums, Related searches"
best vitamins for picky eater toddler,Commercial,170,35,0.00,0.00,"Sitelinks, AI Overview, Reviews, Video, Video carousel, People also ask, Discussions and forums, Related searches"
d.w. the picky eater,"Informational, Transactional",170,26,0.00,0.17,"Sitelinks, Reviews, Video, Video carousel, Knowledge panel, Related searches, See results about"
healthy picky eater recipes,Informational,170,29,0.70,0.86,"AI Overview, Video, Recipes, Related searches"
how to eat healthy as a picky eater,Informational,170,24,1.96,0.49,"Sitelinks, AI Overview, Video, Video carousel, People also ask, Discussions and forums, Related searches"
how to get a picky eater to eat,Informational,170,50,0.48,0.89,"Sitelinks, AI Overview, Video, Short videos, People also ask, Discussions and forums, Related searches"
how to get a picky toddler to eat,Informational,170,36,0.00,0.00,"Sitelinks, AI Overview, Video, Video carousel, Short videos, People also ask, Discussions and forums, Related searches"
meals for 2 year old picky eater,Informational,170,26,0.00,0.00,"Sitelinks, AI Overview, Video, Video carousel, People also ask, Discussions and forums, Related searches, Ads bottom"
my dog is a picky eater,Informational,170,25,4.66,1.00,"Sitelinks, AI Overview, Video, Video carousel, People also ask, Related searches"
picky eater meme,Informational,170,21,0.00,0.33,"Sitelinks, Image, Image pack, Video, Video carousel, Short videos, People also ask, Related searches"
picky eater toddler meals,Informational,170,22,0.00,0.00,"Sitelinks, AI Overview, Video, People also ask, Related searches"
picky eater.,Informational,170,57,1.20,0.14,"Sitelinks, AI Overview, People also ask, Related searches"
picky eating in childhood,Informational,170,54,0.75,0.63,"AI Overview, Video, Video carousel, People also ask, Discussions and forums, Related searches"
picky eating toddler,Informational,170,52,0.00,0.00,"Sitelinks, AI Overview, Video, People also ask, Related searches"
recipes for a picky eater,Informational,170,21,0.31,0.67,"Sitelinks, AI Overview, Video, Recipes, Related searches, Ads bottom, Ads middle"
renzo's picky eater,Informational,170,27,2.42,1.00,"Sitelinks, AI Overview, Reviews, Image, Video, People also ask, Knowledge panel, Discussions and forums, Related searches"
adhd picky eater,Informational,140,12,1.57,0.06,"Sitelinks, AI Overview, Image, Video, People also ask, Discussions and forums, Related searches"
dog picky eater best food,Commercial,140,19,5.43,1.00,"Sitelinks, AI Overview, Video, Video carousel, People also ask, Discussions and forums, Related searches, Popular products"
how do you get a picky eater to eat,Informational,140,19,0.37,0.88,"AI Overview, Video, Video carousel, People also ask, Discussions and forums, Related searches"
meal prep for the picky eater,Informational,140,6,2.03,0.99,"Sitelinks, AI Overview, Video, Video carousel, Related searches"
picky eater book,Commercial,140,12,0.39,0.92,"Sitelinks, Image, Video, Video carousel, People also ask, Discussions and forums, Related searches, Popular products"
picky eater booster bag,Informational,140,17,0.00,0.00,"Sitelinks, AI Overview, Video, Video carousel, People also ask"
picky eater checklist,Informational,140,15,0.00,0.03,"Image pack, Video, Related searches"
picky eater meal ideas,Informational,140,30,0.31,0.67,"AI Overview, Image, Video, People also ask, Recipes, Related searches"
picky eating list,Informational,140,23,0.00,0.01,"AI Overview, Reviews, Image pack, Video, Video carousel, People also ask, Related searches"
picky eating quiz,Informational,140,9,0.00,0.33,"Reviews, Video, Related searches"
renzo picky eater multivitamin,Informational,140,35,2.04,0.99,"Sitelinks, Reviews, Image, Video, People also ask, Knowledge panel, Discussions and forums, Related searches"
severe picky eating,Informational,140,59,1.07,0.24,"Video, People also ask, Related searches"
whats a picky eater,Informational,140,28,0.00,0.33,"Sitelinks, AI Overview, Image pack, Video, People also ask, Related searches"
when to worry about picky eater,Informational,140,40,0.57,0.11,"Sitelinks, AI Overview, Video, Video carousel, People also ask, Related searches"
adhd picky eating,Informational,110,8,1.79,0.06,"Sitelinks, AI Overview, Image, Video, People also ask, Discussions and forums, Related searches"
define picky eater,Informational,110,27,0.00,0.33,"Sitelinks, AI Overview, Video, Video carousel, Short videos, People also ask, Related searches"
definition of picky eating,Informational,110,40,0.00,0.33,"Sitelinks, AI Overview, Video, Short videos, People also ask, Related searches"
definition picky eater,Informational,110,30,0.00,0.33,"Sitelinks, AI Overview, Video, Video carousel, People also ask, Related searches"
dw picky eater,Informational,110,26,0.00,0.10,"Sitelinks, Reviews, Image, Video, Video carousel, People also ask, Knowledge panel, Discussions and forums, Related searches"
easy picky eater dinners,Informational,110,21,0.24,0.47,"AI Overview, Image, Video, Recipes, Related searches"
eating healthy as a picky eater,Informational,110,14,2.01,0.69,"Sitelinks, AI Overview, Video, People also ask, Discussions and forums, Related searches"
extreme picky eating,Informational,110,46,1.07,0.24,"Sitelinks, AI Overview, Video, People also ask, Related searches"
how picky eater are you,Informational,110,12,0.00,0.33,"Sitelinks, AI Overview, Video, Related searches"
how to deal with picky eater toddler,Informational,110,50,0.00,0.00,"Sitelinks, AI Overview, Video, Video carousel, People also ask, Related searches"
how to not be a picky eater,Informational,110,45,0.65,0.04,"Sitelinks, AI Overview, Video, Short videos, People also ask"
icd 10 picky eater,Informational,110,24,0.00,0.33,"AI Overview, Video, People also ask, Related searches"
meaning of picky eater,Informational,110,36,0.00,0.33,"Sitelinks, AI Overview, Reviews, Video, Video carousel, People also ask, Related searches"
picky eater def,Informational,110,18,0.00,0.33,"Sitelinks, AI Overview, Image pack, Video, People also ask, Related searches"
picky eater meal plan,Informational,110,17,2.96,0.86,"Sitelinks, AI Overview, Reviews, Image, Image pack, Video, Related searches"
picky eater multivitamin,"Informational, Transactional",110,21,2.24,0.95,"Reviews, Image, Image pack, People also ask, Knowledge panel, Related searches"
picky eater reddit,Navigational,110,30,0.00,0.33,Related searches
picky eater school lunch ideas,Informational,110,16,0.00,0.00,"Sitelinks, AI Overview, Reviews, Image, Video, Related searches, Ads bottom"
picky eater test list,Informational,110,16,0.00,0.33,"Image pack, Video, Related searches"
picky eater therapy,Informational,110,0,3.93,0.21,"Sitelinks, AI Overview, Video, Video carousel, People also ask, Discussions and forums, Related searches"
picky eater twitter,"Informational, Transactional",110,26,0.00,0.33,"Sitelinks, Video, People also ask, Discussions and forums"
picky eating and autism,Informational,110,41,1.01,0.15,"AI Overview, Image, Image pack, Video, Video carousel, People also ask, Discussions and forums, Related searches"
picky eating reddit,Navigational,110,35,0.00,0.33,Related searches
renzo picky eater,Informational,110,21,2.42,1.00,"Sitelinks, AI Overview, Reviews, Video, People also ask, Knowledge panel, Discussions and forums, Related searches"
what is picky eating,Informational,110,36,0.00,0.33,"AI Overview, Image, Image pack, Video, People also ask, Related searches"
why am i such a picky eater,Informational,110,44,0.51,0.07,"Sitelinks, AI Overview, Video, Video carousel, People also ask, Related searches"
2 year old picky eater,Informational,90,30,0.00,0.00,"Sitelinks, AI Overview, Video, People also ask, Discussions and forums, Related searches"
arfid vs picky eating in adults,Commercial,90,9,2.01,0.19,"Sitelinks, AI Overview, Image pack, Video, People also ask, Discussions and forums, Related searches"
arthur d.w. the picky eater,"Informational, Transactional",90,25,0.00,0.33,"Sitelinks, Reviews, Video, People also ask, Knowledge panel, See results about"
best dog food for picky eater,Commercial,90,18,5.43,1.00,"Sitelinks, AI Overview, Reviews, Video, People also ask, Discussions and forums, Related searches, Popular products, Ads bottom"
cookbook for the picky eater,Commercial,90,12,0.62,1.00,"Sitelinks, Reviews, Video, Discussions and forums, Related searches, Popular products"
dog is picky eater,Informational,90,28,3.59,0.97,"Sitelinks, AI Overview, Reviews, Video, Video carousel, People also ask, Related searches"
dw the picky eater living books,Informational,90,24,0.00,0.02,"Sitelinks, Reviews, Video, Video carousel, People also ask, Knowledge panel, Discussions and forums"
eating healthy for the picky eater,Informational,90,14,2.01,0.69,"Sitelinks, AI Overview, Video, Video carousel, People also ask, Discussions and forums, Related searches"
healthy meals picky eater,Informational,90,19,0.00,0.00,"AI Overview, Video, Video carousel, Related searches"
how to handle a picky eater,Informational,90,27,0.43,0.30,"Sitelinks, AI Overview, Reviews, Video, People also ask, Discussions and forums, Related searches"
how to make a picky dog eat,Informational,90,18,2.21,0.69,"Sitelinks, AI Overview, Video, Video carousel, Short videos, People also ask, Discussions and forums, Related searches"
how to not be picky eater,Informational,90,52,0.57,0.04,"AI Overview, Video, People also ask, Related searches"
icd 10 code for picky eater,Informational,90,25,0.00,0.33,"AI Overview, Reviews, Video, People also ask, Related searches"
is picky eating a sign of autism,Informational,90,40,0.00,0.00,"Sitelinks, AI Overview, Video, People also ask, Discussions and forums, Related searches"
my kitten is a picky eater manga,Informational,90,8,0.00,0.24,"Sitelinks, AI Overview, Video, People also ask, Related searches"
opposite of picky eater,Informational,90,24,0.00,0.33,"Sitelinks, AI Overview, Video, People also ask, Related searches"
picky eater cookbook,Commercial,90,17,0.62,1.00,"Sitelinks, Video, Discussions and forums, Related searches, Popular products"
picky eater dinner,Informational,90,28,0.06,0.55,"AI Overview, Image, Video, People also ask, Related searches"
picky eater dinners,Informational,90,28,0.06,0.55,"AI Overview, Image, Video, People also ask, Related searches"
picky eater lunch ideas for school,Informational,90,26,0.00,0.00,"Sitelinks, AI Overview, Reviews, Video, People also ask, Related searches"
picky eater plate,Commercial,90,6,0.32,0.94,"Sitelinks, AI Overview, Image, Image pack, People also ask, Related searches, Popular products"
picky eater puppy food,"Informational, Commercial",90,21,4.28,0.48,"Sitelinks, AI Overview, Reviews, Video, Video carousel, People also ask, Discussions and forums, Related searches, Popular products, Ads bottom"
picky eater syndrome,Informational,90,36,1.08,0.10,"AI Overview, Image pack, Video, Video carousel, People also ask, Related searches"
picky eater vitamin,Informational,90,22,2.94,1.00,"Sitelinks, AI Overview, Reviews, Image pack, Video, Video carousel, People also ask, Discussions and forums, Related searches"
picky eating in teens,Informational,90,18,0.00,0.43,"Sitelinks, AI Overview, Video, People also ask, Discussions and forums, Related searches"
picky eating vs arfid,"Informational, Commercial",90,11,0.63,0.26,"AI Overview, Image, Image pack, People also ask, Related searches"
puppy picky eater,Informational,90,28,2.49,0.85,"Sitelinks, AI Overview, Reviews, Video, Video carousel, People also ask, Related searches"
renzo's kids picky eater multi with iron,,90,,0.00,0.00,
renzos picky eater vitamins,Informational,90,29,3.09,1.00,"Sitelinks, Video, People also ask, Knowledge panel, Discussions and forums, Related searches"
what causes picky eating,Informational,90,26,0.19,0.07,"AI Overview, Image, Video, People also ask, Discussions and forums, Related searches"
why is my dog a picky eater,Informational,90,19,1.17,0.62,"Sitelinks, AI Overview, Video, People also ask, Related searches"
15 month old picky eater,Informational,70,43,0.76,0.30,"Sitelinks, AI Overview, Video, Video carousel, People also ask, Discussions and forums, Related searches"
2 year old picky eater recipes,Informational,70,24,0.00,0.00,"Sitelinks, AI Overview, Image, Video, Video carousel, People also ask, Recipes, Related searches"
3 year old picky eater,Informational,70,49,0.00,0.00,"Sitelinks, AI Overview, Image pack, Video, People also ask, Discussions and forums, Related searches"
4 year old picky eater,Informational,70,36,0.00,0.00,"Sitelinks, AI Overview, Video, Short videos, People also ask, Discussions and forums, Related searches"
aap picky eating toddler repeated exposure 10 15 times,Informational,70,15,0.00,0.00,"AI Overview, Video, People also ask, Related searches"
aita for being a picky eater,Informational,70,19,0.00,0.33,"Sitelinks, Related searches"
aqueon stick'ems freeze dried picky eater treat,Informational,70,20,0.00,0.00,"Sitelinks, AI Overview, Video, Knowledge panel"
best vitamins for picky eater kids,Commercial,70,36,0.00,0.00,"Sitelinks, AI Overview, Reviews, Video, Video carousel, Discussions and forums, Related searches"
cat is a picky eater,Informational,70,15,1.86,0.92,"Sitelinks, AI Overview, Video, People also ask, Related searches"
cat is picky eater,Informational,70,21,1.86,0.92,"Sitelinks, AI Overview, Reviews, Video, People also ask, Related searches"
definition of a picky eater,Informational,70,18,0.00,0.33,"Sitelinks, AI Overview, Video, Video carousel, Short videos, People also ask, Related searches"
diet for picky eater,Informational,70,22,1.51,0.82,"Sitelinks, AI Overview, Video, People also ask, Discussions and forums, Related searches, Ads bottom"
dinner for a picky eater,Informational,70,30,0.06,0.55,"AI Overview, Image, People also ask, Related searches"
dog food for picky eater,Commercial,70,24,6.04,0.46,"Sitelinks, AI Overview, Video, People also ask, Discussions and forums, Related searches, Popular products"
eating healthy for picky eaters,Informational,70,15,1.05,0.58,"Sitelinks, AI Overview, Video, Video carousel, People also ask, Discussions and forums, Related searches"
healthy eating plan for picky eaters,Informational,70,16,2.43,0.68,"Sitelinks, AI Overview, Reviews, Video, Video carousel, People also ask, Related searches"
healthy meal plan for a picky eater,Informational,70,22,2.08,1.00,"Sitelinks, AI Overview, Video, Video carousel, Related searches"
how to deal with a picky eater,Informational,70,39,0.43,0.30,"Sitelinks, AI Overview, Reviews, Video, Video carousel, People also ask, Discussions and forums, Related searches"
how to deal with picky eater,Informational,70,38,0.43,0.30,"Sitelinks, AI Overview, Reviews, Video, People also ask, Discussions and forums, Related searches"
how to deal with picky eating,Informational,70,28,0.43,0.30,"AI Overview, Video, Video carousel, People also ask, Discussions and forums, Related searches"
how to get picky eaters to eat,Informational,70,46,0.37,0.88,"Sitelinks, AI Overview, Video, Video carousel, Short videos, People also ask, Discussions and forums, Related searches"
how to get picky toddler to eat,Informational,70,32,0.00,0.00,"Sitelinks, AI Overview, Video, Short videos, People also ask, Discussions and forums, Related searches, Ads bottom"
how to lose weight as a picky eater,Informational,70,33,1.97,0.74,"Sitelinks, AI Overview, Video, People also ask, Discussions and forums, Related searches"
how to lose weight picky eater,Informational,70,39,1.97,0.74,"Sitelinks, AI Overview, Video, People also ask, Discussions and forums, Related searches"
how to say picky eater in spanish,Informational,70,22,0.00,0.02,"Sitelinks, AI Overview, Reviews, Instant answer, Video, Video carousel, People also ask, Related searches"
living books dw the picky eater,"Informational, Transactional",70,23,0.00,0.33,"Sitelinks, Reviews, Video, Video carousel, Knowledge panel, Discussions and forums, Related searches"
my cat is a picky eater,Informational,70,11,1.43,0.76,"Sitelinks, AI Overview, Video, Video carousel, Short videos, People also ask, Related searches"
my dog is picky eater,Informational,70,22,3.75,0.96,"Sitelinks, AI Overview, Video, Video carousel, People also ask, Related searches, Ads bottom"
my kitten is a picky eater,Informational,70,13,1.50,0.66,"Sitelinks, AI Overview, Video, Video carousel, Short videos, People also ask, Related searches"
opposite of a picky eater,Informational,70,22,0.00,0.33,"Sitelinks, AI Overview, Reviews, Video, People also ask, Related searches"
picky cat eater,Informational,70,16,1.86,0.92,"Sitelinks, AI Overview, Video, Video carousel, People also ask, Discussions and forums, Related searches"
picky eater adult,Informational,70,47,1.09,0.04,"Sitelinks, AI Overview, Video, Video carousel, Short videos, People also ask, Discussions and forums"
picky eater cat,"Informational, Commercial",70,21,1.86,0.92,"Sitelinks, AI Overview, Video, People also ask, Related searches"
picky eater dog breeds,Informational,70,14,2.78,0.69,"AI Overview, People also ask, Related searches"
picky eater in spanish slang,Informational,70,22,0.00,0.33,"Sitelinks, AI Overview, Video, Short videos, People also ask, Related searches"
picky eater meal,Informational,70,23,0.31,0.67,"Sitelinks, AI Overview, Image, Video, People also ask, Recipes, Related searches"
picky eater or eating disorder,Informational,70,34,0.61,0.25,"Sitelinks, AI Overview, Video, People also ask, Related searches"
picky eater power 3-pack,,70,,0.00,0.00,
picky eater snacks,Informational,70,12,1.52,0.91,"Sitelinks, AI Overview, Reviews, Video, Video carousel, People also ask, Discussions and forums, Related searches"
picky eater tips,Informational,70,41,1.46,0.26,"Sitelinks, AI Overview, Video, Related searches"
picky eating autism buffalo grove,Informational,70,8,0.00,0.00,"Video, People also ask, Related searches"
picky-eater,Informational,70,53,1.20,0.14,"Video, People also ask, Related searches"
puppy is picky eater,Informational,70,23,2.49,0.85,"Sitelinks, AI Overview, Reviews, Video, People also ask, Related searches"
renzo's picky eater multi with iron,Informational,70,28,1.15,1.00,"Sitelinks, Reviews, Image, Video, People also ask, Knowledge panel, Related searches, Ads top, Ads bottom"
toddler picky eater meals,Informational,70,21,0.00,0.00,"Sitelinks, Video, People also ask, Discussions and forums, Related searches"
when does picky eating start,"Informational, Commercial",70,26,0.00,0.01,"Sitelinks, AI Overview, Reviews, Video, People also ask, Discussions and forums, Related searches"
1 year old picky eater food ideas,Informational,50,21,0.00,0.00,"Sitelinks, AI Overview, Image, Video, Video carousel, People also ask, Related searches"
16 month old picky eater,Informational,50,26,0.85,0.38,"Sitelinks, AI Overview, Video, People also ask, Discussions and forums, Related searches"
18 month old picky eater,Informational,50,36,0.70,0.42,"Sitelinks, AI Overview, Image pack, Video, Video carousel, People also ask, Related searches"
aap picky eating repeated exposure 10 15 times,,50,,0.00,0.00,
aap toddler picky eating repeated exposure 10 15 times,,50,,0.00,0.00,
best vitamin for picky eater kids,Commercial,50,38,0.00,0.00,"Sitelinks, AI Overview, Reviews, Video, People also ask, Discussions and forums, Related searches"
definition of picky eater,Informational,50,29,0.00,0.33,"Sitelinks, AI Overview, Video, Video carousel, People also ask, Related searches"
dog food for a picky eater,,50,,5.53,0.53,
extremely picky eater,Informational,50,54,1.07,0.24,"Sitelinks, AI Overview, Reviews, Video, Video carousel, Short videos, People also ask, Related searches"
healthy food for picky eater,Informational,50,12,0.80,0.82,"Sitelinks, AI Overview, Video, Video carousel, People also ask, Discussions and forums, Related searches"
how do you say picky eater in spanish,Informational,50,22,0.00,0.02,"Sitelinks, AI Overview, Instant answer, Video, People also ask, Related searches"
how to deal with picky eater child,Informational,50,38,0.00,0.00,"Sitelinks, AI Overview, Video, People also ask, Discussions and forums, Related searches"
how to eat healthier as a picky eater,Informational,50,16,1.54,0.45,"Sitelinks, AI Overview, Video, People also ask, Discussions and forums, Related searches"
how to get a picky cat to eat,Informational,50,14,1.07,1.00,"Sitelinks, AI Overview, Reviews, Video, Video carousel, Short videos, People also ask, Discussions and forums, Related searches"
how to get picky dog to eat,Informational,50,13,2.50,1.00,"Sitelinks, Video, Short videos, People also ask, Discussions and forums, Related searches"
how to get picky dogs to eat,Informational,50,17,2.50,1.00,"Sitelinks, AI Overview, Video, Video carousel, People also ask, Discussions and forums, Related searches"
how to help a picky eater,Informational,50,48,0.55,0.50,"AI Overview, People also ask, Related searches"
is being a picky eater a sign of autism,Informational,50,32,0.00,0.00,"Sitelinks, AI Overview, Video, Video carousel, People also ask, Discussions and forums, Related searches"
is picky eating genetic,Informational,50,42,0.00,0.33,"Sitelinks, AI Overview, Video, People also ask, Discussions and forums, Related searches"
picky eater autism,Informational,50,40,0.00,0.00,"Sitelinks, AI Overview, Image, Image pack, Video, Video carousel, People also ask, Discussions and forums, Related searches"
picky eater breakfast ideas,Informational,50,17,0.23,0.85,"Sitelinks, AI Overview, Image, Video, People also ask, Recipes, Related searches"
picky eater cookbook for adults,Commercial,50,11,0.48,0.99,"Sitelinks, AI Overview, Video, Discussions and forums, Related searches, Popular products"
picky eater crock pot recipes,Informational,50,12,0.11,0.38,"Sitelinks, AI Overview, Image, Video, Video carousel, Recipes, Related searches"
picky eater diet,Informational,50,26,1.51,0.82,"Sitelinks, AI Overview, Video, People also ask, Related searches"
picky eater food,Informational,50,29,0.34,0.58,"Sitelinks, AI Overview, Video, Short videos, People also ask, Discussions and forums, Related searches"
picky eater list of foods,Informational,50,16,0.00,0.02,"Sitelinks, Image pack, Video, People also ask, Related searches"
picky eater lunch box ideas,Informational,50,18,0.39,0.90,"Sitelinks, AI Overview, Image, Video, Video carousel, Related searches"
picky eater multi product info and reviews,Commercial,50,26,0.00,0.00,"Sitelinks, AI Overview, Reviews, Video, People also ask, Related searches"
picky eater multi reviews,Commercial,50,29,0.00,0.00,"Sitelinks, Reviews, Video, Video carousel, People also ask, Knowledge panel, Discussions and forums, Related searches"
picky eater pdf,Informational,50,16,0.00,0.02,"Image pack, Video, Related searches"
picky eater supplement,Informational,50,15,2.69,1.00,"Sitelinks, AI Overview, Reviews, Video, People also ask, Discussions and forums, Related searches"
picky eater toddler recipes,Informational,50,19,0.00,0.00,"Sitelinks, AI Overview, Image, Video, Video carousel, Related searches"
picky eater tweet,Informational,50,22,0.00,0.33,"Sitelinks, AI Overview, Video, People also ask, Related searches"
picky eater vitamins kids,Informational,50,38,0.00,0.00,"Sitelinks, AI Overview, Reviews, Image pack, Video, Video carousel, Short videos, People also ask, Discussions and forums, Related searches"
picky eating dogs,Informational,50,17,3.59,0.97,"Sitelinks, AI Overview, Reviews, Video, Video carousel, People also ask, Related searches"
the picky eater,Informational,50,53,0.00,0.09,"Sitelinks, AI Overview, Image pack, Video, Video carousel, People also ask, Related searches"
toddler lunch ideas 2 year old picky eater,Informational,50,24,0.00,0.00,"Sitelinks, AI Overview, Video, Video carousel, People also ask, Discussions and forums, Related searches, Ads bottom, Ads middle"
when does picky eating stop,Informational,50,40,0.00,0.04,"Sitelinks, AI Overview, Video, People also ask, Discussions and forums, Related searches"
aap picky eating repeated exposure 10 to 15 times,,40,,0.00,0.00,
aap picky eating repeated exposure 10-15 times,,40,,0.00,0.00,
adult picky eater,Informational,40,39,1.09,0.04,"Sitelinks, AI Overview, Video, Video carousel, Short videos, People also ask, Discussions and forums"
aita for being a picky eater at friendsgiving reddit,"Navigational, Transactional",40,24,0.00,0.00,Related searches
aita for being a picky eater friendsgiving,Informational,40,25,0.00,0.33,"Sitelinks, Related searches"
aita picky eater,Informational,40,20,0.00,0.33,"Sitelinks, Video, Related searches"
am i a picky eater quiz,,40,,0.00,0.33,
american academy of pediatrics picky eating toddlers guidelines,Informational,40,25,0.00,0.00,"Sitelinks, AI Overview, Video, Related searches"
are you a picky eater quiz,Informational,40,11,0.00,0.01,"Video, Video carousel, Related searches"
arfid vs picky eating reddit,Commercial,40,21,0.00,0.33,"AI Overview, Video"
best dog food for a picky eater,Commercial,40,21,6.35,1.00,"Sitelinks, AI Overview, Reviews, Video, Video carousel, People also ask, Discussions and forums, Related searches, Popular products"
best food for picky eater shih tzu,Commercial,40,18,3.43,1.00,"Sitelinks, AI Overview, Video, Video carousel, People also ask, Related searches, Popular products"
best multivitamin for picky eater kids,Commercial,40,28,0.00,0.00,"Sitelinks, AI Overview, Reviews, Video, People also ask, Discussions and forums, Related searches"
d.w. the picky eater living books,"Informational, Transactional",40,26,0.00,0.33,"Sitelinks, Reviews, Video, Video carousel, People also ask, Knowledge panel, Discussions and forums"
dinner ideas for a picky eater,Informational,40,22,0.12,0.58,"Sitelinks, AI Overview, Image, Video, People also ask, Recipes, Related searches"
dinner ideas picky eater,Informational,40,,0.15,0.61,"AI Overview, Image, Video, Recipes, Discussions and forums, Related searches"
easy picky eater recipes,Informational,40,26,0.30,0.88,"AI Overview, Image, Video, Related searches"
extreme picky eater,Informational,40,24,0.64,0.23,"Sitelinks, AI Overview, Video, Video carousel, People also ask, Discussions and forums, Related searches"
extremely picky eater 7 year old,Informational,40,41,0.00,0.00,"Sitelinks, AI Overview, Video, Video carousel, People also ask, Discussions and forums, Related searches"
food for picky eater toddler,,40,,0.00,0.00,
fussy eater vs picky eater,Informational,40,33,0.00,0.33,"Image pack, Video, People also ask, Related searches"
he's a picky eater,,40,,0.00,0.33,
healthy picky eater meals,Informational,40,24,0.70,0.86,"AI Overview, Image, Video, Video carousel, Recipes, Related searches"
how to get my picky toddler to eat,Informational,40,50,0.00,0.00,"Sitelinks, AI Overview, Video, Video carousel, People also ask, Discussions and forums, Related searches"
is being a picky eater genetic,,40,,0.00,0.33,
picky dog won't eat,Informational,40,19,2.61,1.00,"Sitelinks, AI Overview, Video, Short videos, People also ask, Discussions and forums, Related searches"
picky eater breakfast,Informational,40,16,0.27,0.78,"Sitelinks, AI Overview, Image, Video, Video carousel, People also ask, Related searches"
picky eater food ideas,Informational,40,21,0.33,0.89,"AI Overview, Image, Image pack, Video, People also ask, Related searches"
picky eater game,Informational,40,22,0.00,0.14,"Sitelinks, AI Overview, Reviews, Image, Image pack, Video, Video carousel, People also ask, Related searches"
picky eater healthy meals,Informational,40,33,0.70,0.86,"Sitelinks, AI Overview, Video, People also ask, Recipes, Related searches"
picky eater help,Informational,40,49,2.37,0.91,"AI Overview, Reviews, Video, Video carousel, Short videos, People also ask, Related searches"
picky eater kids,,40,,0.00,0.00,
picky eater lunch,Informational,40,20,0.40,0.89,"Sitelinks, AI Overview, Video, Video carousel, Short videos, Related searches"
picky eater recipe,Informational,40,34,0.31,0.67,"AI Overview, Image, Video, Related searches"
picky eater restaurant,Informational,40,20,0.00,0.02,"Sitelinks, Reviews, Video, People also ask, Discussions and forums, Related searches"
picky eater synonym,Informational,40,20,0.00,0.33,"Sitelinks, AI Overview, Reviews, Video, People also ask, Related searches"
picky eater test español,"Informational, Commercial",40,14,0.00,0.00,"Reviews, Video, People also ask, Related searches"
picky eater toddler breakfast ideas,,40,,0.00,0.00,
picky eater toddler ideas,,40,,0.00,0.00,
picky eater vegetarian meals,,40,,0.22,0.37,
picky eating dog,Informational,40,24,3.59,0.97,"Sitelinks, AI Overview, Reviews, Video, People also ask, Related searches"
picky eating in adults,Informational,40,22,1.22,0.06,"Sitelinks, AI Overview, Video, Video carousel, Short videos, People also ask, Discussions and forums, Related searches"
renzo's picky eater kids multivitamin,,40,,0.00,0.00,
the picky eater guru,,40,,1.94,0.66,
the picky eater's recovery book,Informational,40,23,0.52,0.75,"Sitelinks, Video, People also ask, Knowledge panel, Related searches, Popular products"
toddler picky eating,Informational,40,58,0.00,0.00,"AI Overview, Video, People also ask, Related searches"
vitamins for picky eater toddler,"Informational, Commercial",40,23,0.00,0.00,"Sitelinks, AI Overview, Reviews, Video, People also ask, Discussions and forums, Related searches"
what to do about a picky eater,Informational,40,38,0.55,0.57,"Sitelinks, AI Overview, Video, People also ask, Discussions and forums, Related searches"
why am i a picky eater,,40,,0.00,0.33,
1 year old picky eater,,30,,0.00,0.00,
15 month old picky eater reddit,,30,,0.00,0.33,
aap picky eating toddlers repeated exposure 10 15 times,,30,,0.00,0.00,
arfid vs picky eating differences,,30,,0.00,0.00,
autism picky eating,,30,,0.00,0.00,
beefeaters lickable cat treats for picky eater features,,30,,0.00,0.00,
best cat food for picky eater,,30,,2.15,1.00,
better bites picky eating,,30,,0.00,0.34,
cat suddenly picky eater,,30,,0.00,0.02,
cdc picky eating children repeated exposure new foods,,30,,0.00,0.00,
clean eating for picky eaters,Informational,30,33,1.45,0.98,"Sitelinks, AI Overview, People also ask, Related searches"
conquer picky eating for teens and adults,,30,,0.00,0.54,
difference between arfid and picky eating,,30,,0.60,0.33,
dog is a picky eater,Informational,30,21,4.75,1.00,"Sitelinks, AI Overview, Video, Video carousel, People also ask, Related searches"
dog picky eater solutions,,30,,5.85,1.00,
dog+picky+eater,Informational,30,,3.59,0.97,"Sitelinks, AI Overview, Video, People also ask, Related searches"
dw picky eater book,,30,,0.00,0.34,
dw the picky eater book,,30,,0.00,0.34,
easiest vegetable to eat for picky eaters,,30,,0.00,0.33,
extreme picky eating disorder,,30,,0.00,0.00,
extremely picky eater disorder,Informational,30,25,1.57,0.26,"AI Overview, Video, Video carousel, People also ask, Related searches"
food ideas for 18 month old picky eater,Informational,30,17,1.46,1.00,"Sitelinks, AI Overview, Video, People also ask, Discussions and forums, Related searches"
golden retriever picky eater,,30,,3.73,0.99,
goldendoodle picky eater,Informational,30,20,4.24,0.80,"Sitelinks, AI Overview, Video, People also ask, Related searches"
healthy dinner for picky eater,,30,,0.28,0.58,
healthy foods for a picky eater,,30,,0.53,0.79,
healthy meals for picky eater,Informational,30,15,0.80,0.82,"AI Overview, Image, Video, Video carousel, Recipes, Related searches"
healthychildren org picky eating,,30,,0.00,0.10,
high fat food for picky eater,,30,,0.00,0.00,
how to diet as a picky eater,Informational,30,44,1.88,0.37,"Sitelinks, AI Overview, Video, Video carousel, People also ask, Discussions and forums, Related searches"
how to eat more vegetables as a picky eater,,30,,0.00,0.33,
how to feed a picky eater,,30,,0.35,0.71,
how to fix a picky eater,,30,,0.44,0.66,
how to fix picky eating,,30,,0.44,0.35,
how to fix picky eating adults,Informational,30,,2.57,0.27,"Sitelinks, AI Overview, Video, Video carousel, People also ask, Discussions and forums, Related searches"
how to handle a picky eater puppy with nutrition plans,,30,,0.00,0.00,
how to raise a non picky eater,,30,,0.00,0.11,
how to reverse picky eating,,30,,0.55,0.45,
how to start eating healthy as a picky eater,Informational,30,26,1.77,0.34,"Sitelinks, AI Overview, Video, Video carousel, People also ask, Discussions and forums, Related searches"
infant picky eater,,30,,1.38,0.23,
most effective picky eating therapy options comparison,,30,,0.00,0.00,
my dog is a picky eater what should i do,Informational,30,10,5.65,1.00,"Sitelinks, AI Overview, Video, Video carousel, People also ask, Related searches, Ads bottom"
picky 18 month old eater,Informational,30,42,0.98,0.38,"Sitelinks, AI Overview, Video, Video carousel, People also ask, Discussions and forums, Related searches"
picky cat won't eat,Informational,30,11,1.76,0.87,"Sitelinks, AI Overview, Reviews, Video, Video carousel, People also ask, Discussions and forums, Related searches"
picky eater 4 year old,,30,,0.00,0.00,
picky eater bingo,,30,,0.00,0.05,
picky eater cat food,,30,,2.40,1.00,
picky eater diet to lose weight,Informational,30,26,2.23,0.89,"Sitelinks, AI Overview, Video, People also ask, Discussions and forums, Related searches"
picky eater dogs,Informational,30,23,3.59,0.97,"Sitelinks, Video, Video carousel, Short videos, People also ask, Related searches"
picky eater food test,,30,,0.00,0.01,
picky eater friendly meals,,30,,0.21,0.71,
picky eater handout pdf,,30,,0.00,0.19,
picky eater icd10,,30,,0.00,0.33,
picky eater lunches,,30,,0.39,0.91,
picky eater packed lunch ideas,,30,,0.41,0.99,
picky eater recipes for kids,,30,,0.00,0.00,
picky eater test adults,"Informational, Commercial",30,13,2.05,0.13,"Video, People also ask, Discussions and forums, Related searches"
picky eater tier list,,30,,0.00,0.33,
picky eater toddler dinner ideas,,30,,0.00,0.00,
picky eater toddler tips,,30,,0.00,0.00,
picky eater toddler vitamins,,30,,0.00,0.00,
picky eater veggie powder,Informational,30,24,1.81,1.00,"Sitelinks, Image pack, Video, Video carousel, People also ask, Knowledge panel, Related searches"
picky eater vs arfid,,30,,0.63,0.31,
picky eater vs problem feeder,,30,,0.00,0.03,
picky eating adults,,30,,1.32,0.04,
picky eating and adhd,Informational,30,9,1.57,0.06,"Sitelinks, AI Overview, Image, Video, People also ask, Discussions and forums, Related searches"
picky eating autism,,30,,0.00,0.00,
picky eating tips,,30,,0.48,0.18,
picky puppy eater,,30,,2.97,1.00,
powder vs chew supplements for picky eater dogs,,30,,0.00,0.00,
recipes for the picky eater,,30,,0.29,0.68,
renzo picky eater vitamin,,30,,2.70,1.00,
renzo's picky eater kids multivitamin with iron reviews,,30,,0.00,0.00,
renzo's picky eater multi multivitamin product info and reviews,,30,,0.00,0.00,
renzo's picky eater multi multivitamin reviews,,30,,0.00,0.00,
renzo's picky eater multi with iron reviews,Commercial,30,27,1.52,1.00,"Sitelinks, AI Overview, Reviews, Video, People also ask, Knowledge panel, Related searches"
renzo's picky eater vitamin,"Informational, Transactional",30,34,3.22,1.00,"Sitelinks, Reviews, Video, People also ask, Knowledge panel, Related searches"
renzo's picky eater vitamins,,30,,2.70,1.00,
shih tzu picky eater,Informational,30,15,3.35,0.98,"Sitelinks, AI Overview, Video, Video carousel, People also ask, Related searches"
things picky eaters don't eat,,30,,0.00,0.33,
tips to help your picky eater,,30,,0.00,0.00,
toddler becoming picky eater,,30,,0.00,0.00,
very picky eater,,30,,0.76,0.33,
what causes picky eating in adults,,30,,0.00,0.04,
what to do with a picky eater,,30,,0.50,0.53,
what to do with a picky eater dog,Informational,30,20,2.31,1.00,"Sitelinks, AI Overview, Reviews, Video, People also ask, Discussions and forums, Related searches"
what to do with picky dog eater,Informational,30,19,3.57,1.00,"Sitelinks, AI Overview, Reviews, Video, Video carousel, Short videos, People also ask, Discussions and forums, Related searches"
what to eat in japan as a picky eater,,30,,0.00,0.03,
why is my cat a picky eater,,30,,0.00,0.33,
why is my dog such a picky eater,Informational,30,29,1.39,0.44,"Sitelinks, AI Overview, Video, People also ask, Related searches"
10 month old picky eater,,20,,0.00,0.32,
10 month old suddenly picky eater,,20,,0.00,0.11,
11 month old picky eater,,20,,2.09,0.17,
12 month old becoming picky eater,,20,,0.00,0.14,
12 month old picky eater,,20,,1.10,0.40,
12 month old suddenly picky eater,,20,,0.00,0.18,
13 month old picky eater,,20,,0.00,0.36,
13 month old suddenly picky eater,,20,,0.00,0.33,
14 month old picky eater,,20,,0.79,0.37,
14 month old suddenly picky eater,,20,,0.00,0.10,
15 month old becoming picky eater,,20,,0.00,0.27,
15 month old suddenly picky eater,,20,,0.00,0.03,
15 month old very picky eater,,20,,0.00,0.46,
16 month old becoming picky eater,,20,,0.00,0.17,
16 month old suddenly picky eater,,20,,0.00,0.33,
16 month old very picky eater,,20,,0.00,0.45,
17 month old picky eater,,20,,1.66,0.47,
18 month old becoming picky eater,,20,,0.00,0.33,
18 month old picky eater not gaining weight,,20,,0.00,0.00,
18 month old suddenly picky eater,,20,,0.00,0.33,
18 month old very picky eater,,20,,0.00,0.43,
18 month picky eater,,20,,0.37,0.35,
19 month old picky eater,,20,,1.80,0.90,
19 month old suddenly picky eater,,20,,0.00,0.33,
20 month old picky eater,,20,,0.96,0.55,
21 month old picky eater,,20,,0.00,0.33,
22 month old picky eater,,20,,0.00,0.47,
5 year old picky eater,,20,,0.00,0.00,
6 month old picky eater,,20,,0.00,1.00,
6 month old puppy picky eater,,20,,3.26,0.43,
7 month old picky eater,,20,,0.00,1.00,
8 month old picky eater,,20,,0.00,0.02,
9 month old picky eater,,20,,0.00,0.20,
a picky eater,,20,,0.00,0.03,
a picky eater meaning,,20,,0.00,0.33,
aap picky eater repeated exposure 10 15 times,,20,,0.00,0.00,
aap picky eating,,20,,0.00,0.08,
adhd and picky eating adults,,20,,0.00,0.33,
adhd picky eating adults,,20,,0.00,0.12,
adhd picky eating reddit,,20,,0.00,0.00,
adult picky eater syndrome,,20,,0.00,0.16,
adult picky eating questionnaire,,20,,0.00,0.33,
am i a picky eater,,20,,0.00,0.33,
am i picky eater,,20,,0.00,0.33,
am i picky eater quiz,,20,,0.00,0.33,
am ia picky eater,,20,,0.00,0.33,
am ia picky eater quiz,,20,,0.00,0.33,
american academy of pediatrics picky eating recommendations,,20,,0.00,0.00,
american bully picky eater,,20,,0.00,0.00,
anderson cooper picky eater,,20,,0.00,0.33,
anjali shah picky eater,,20,,0.00,0.33,
another way to say picky eater,,20,,0.00,0.33,
another word for picky eater,,20,,0.00,0.33,
another word for picky eating,,20,,0.00,0.33,
antonym of picky eater,,20,,0.00,0.33,
anxiety and picky eating,,20,,0.00,0.50,
apa itu picky eater,,20,,0.00,0.00,
are you a picky eater,,20,,0.00,0.01,
are you a picky eater buzzfeed,,20,,0.00,0.33,
are you a picky eater list,,20,,0.00,0.01,
are you a picky eater template,,20,,0.00,0.33,
are you a picky eater test,,20,,0.00,0.33,
are you picky eater,,20,,0.00,0.01,
are you picky eater quiz,,20,,0.00,0.33,
arfid or picky eater,,20,,0.99,0.47,
arfid or picky eating,,20,,0.71,0.45,
arfid picky eater,,20,,1.83,0.33,
arthur dw the picky eater book,,20,,0.00,0.07,
arthur dw the picky eater buster and the daredevils,,20,,0.00,0.33,
arthur dw the picky eater dvd,,20,,0.00,0.33,
arthur dw the picky eater episode,,20,,0.00,0.33,
arthur dw the picky eater full episode,,20,,0.00,0.33,
arthur dw the picky eater game,,20,,0.00,0.00,
arthur dw the picky eater vhs,,20,,0.00,0.33,
arthur picky eater,,20,,0.00,0.33,
asd picky eater,,20,,0.00,0.33,
aspergers and picky eating,,20,,0.00,0.02,
aspergers picky eater,,20,,0.00,0.02,
autism picky eater adult,,20,,0.00,0.33,
autism picky eater reddit,,20,,0.00,0.06,
autism picky eating strategies,,20,,0.85,0.57,
autistic but not a picky eater,,20,,0.00,0.33,
autistic picky eater,,20,,1.60,0.17,
ayuda picky eater en casa,,20,,0.00,0.62,
ayuda picky eater en casa pdf,,20,,0.00,0.33,
ball python picky eater,,20,,0.00,0.11,
beagle picky eater,,20,,1.69,0.68,
bearded dragon picky eater,,20,,0.00,0.70,
being a picky eater,,20,,0.00,0.02,
being a picky eater as an adult,,20,,0.00,0.33,
belgian malinois picky eater,,20,,0.00,0.19,
best dog food for sensitive stomach and picky eater,,20,,6.89,1.00,
best drinks for picky eater toddlers,,20,,0.00,0.00,
best picky eater recipes,,20,,0.10,0.79,
best picky eating course,,20,,0.00,1.00,
best puppy food picky eater,,20,,4.34,1.00,
best vitamin for picky eater,,20,,2.32,0.95,
betta fish picky eater,,20,,0.00,0.33,
betta picky eater,,20,,0.00,0.33,
better bites picky eating program,,20,,0.00,0.14,
bichon frise picky eater,,20,,0.00,0.33,
big little feelings picky eating,,20,,1.53,0.29,
bil jac picky eater,,20,,1.90,1.00,
bil jac picky eater dog food,,20,,2.00,1.00,
border collie picky eater,,20,,0.00,0.43,
boston terrier picky eater,,20,,0.00,0.63,
buzzfeed are you a picky eater,,20,,0.00,0.33,
buzzfeed picky eater,,20,,0.00,0.33,
buzzfeed picky eater quiz,,20,,0.00,0.33,
buzzfeed quiz picky eater,,20,,0.00,0.33,
can adhd cause picky eating,,20,,0.00,0.33,
can occupational therapist help with picky eating,,20,,0.00,0.06,
can ot help with picky eating,,20,,0.00,0.09,
can picky eating be a sign of autism,,20,,0.00,0.06,
cane corso picky eater,,20,,1.69,0.60,
cat became picky eater,,20,,0.00,0.14,
cat becoming picky eater,,20,,0.00,0.40,
cat is extremely picky eater,,20,,0.00,0.99,
cat is extremely picky eater reddit,,20,,0.00,0.33,
cat picky eater all of a sudden,,20,,0.00,0.33,
cat picky eater losing weight,,20,,1.76,0.86,
cat picky eater reddit,,20,,0.00,0.33,
cat picky eater wet food,,20,,0.00,1.00,
cat suddenly picky eater reddit,,20,,0.00,0.33,
causes of picky eating,,20,,0.39,0.33,
cavalier king charles spaniel picky eater,,20,,0.00,0.91,
cavapoo picky eater,,20,,3.97,0.56,
cdc toddler picky eating mealtime guidance,,20,,0.00,0.00,
challenge picky eater test,,20,,0.00,0.01,
cheap picky eater meals,,20,,0.37,0.65,
checklist picky eater list,,20,,0.00,0.70,
chihuahua picky eater,,20,,3.89,0.66,
chihuahua very picky eater,,20,,0.00,1.00,
chronic picky eater,,20,,0.00,0.33,
clean eating for the picky eater,,20,,2.39,1.00,
clean eating ideas for picky eaters,,20,,1.73,0.43,
clean eating meal plan for picky eaters,,20,,0.00,1.00,
clean eating recipes for picky eaters,,20,,0.34,0.61,
cockapoo picky eater,,20,,3.06,0.95,
common picky eater foods,,20,,0.00,0.33,
conquer picky eating,,20,,0.00,0.57,
consequences of picky eating,,20,,0.00,0.00,
corgi picky eater,,20,,3.67,0.49,
d.w. the picky eater full episode,,20,,0.00,0.33,
dachshund picky eater,,20,,4.92,0.67,
dating a picky eater,,20,,0.00,0.33,
dating a picky eater reddit,,20,,0.00,0.33,
define a picky eater,,20,,0.00,0.01,
diabetic breakfast for picky eater,,20,,0.00,0.00,
difference between picky eater and arfid,,20,,0.63,0.26,
difference between picky eating and arfid,,20,,0.63,0.33,
dinner ideas for picky eater,,20,,0.14,0.60,
dinner ideas for the picky eater,,20,,0.18,0.78,
dinners picky kids will eat,,20,,0.00,0.00,
disney dreamlight valley doorine is a picky eater,,20,,0.00,0.33,
does adhd make you a picky eater,,20,,0.00,0.33,
does my picky eater have a disorder,,20,,0.87,0.43,
does picky eating mean autism,,20,,0.00,0.33,
dog a picky eater,,20,,0.00,0.33,
dog became picky eater,,20,,3.54,0.80,
dog becomes picky eater,,20,,0.53,0.86,
dog becoming picky eater,,20,,4.89,0.61,
dog being a picky eater,,20,,1.41,0.90,
dog being picky about eating,,20,,0.00,0.71,
dog being picky and not eating,,20,,1.74,0.79,
dog being picky eater,,20,,1.01,0.45,
dog being picky eater all of a sudden,,20,,1.31,0.40,
dog food picky dogs will eat,,20,,5.63,0.99,
dog has become picky eater,,20,,1.10,0.52,
dog is a picky eater reddit,,20,,0.00,0.33,
dog is a picky eater what can i do,,20,,2.10,0.99,
dog is a very picky eater,,20,,3.27,0.71,
dog is very picky eater,,20,,5.61,0.92,
dog picky eater dry food,,20,,3.02,1.00,
dog picky eater losing weight,,20,,0.00,0.71,
dog picky eater reddit,,20,,0.00,0.01,
dog picky eater suddenly,,20,,0.93,0.29,
dog picky eater vomit,,20,,0.00,0.21,
dog picky eater what to do,,20,,0.00,0.93,
dog suddenly becomes picky eater,,20,,0.00,0.14,
dog too picky to eat,,20,,0.00,0.89,
dog very picky eater,,20,,0.00,1.00,
doorine is a picky eater,,20,,0.00,0.33,
dorine is a picky eater,,20,,0.00,0.33,
dr becky picky eating,,20,,0.00,0.20,
dr now picky eater,,20,,0.00,0.35,
dreamlight valley doorine is a picky eater,,20,,0.00,0.33,
dw picky eater episode,,20,,0.00,0.33,
dw the picky eater buster and the daredevils,,20,,0.00,0.33,
dw the picky eater by marc brown,,20,,0.00,0.43,
dw the picky eater episode,,20,,0.00,0.33,
dw the picky eater full episode,,20,,0.00,0.33,
dw the picky eater game,,20,,0.00,0.33,
dw the picky eater vhs,,20,,0.00,0.33,
easy meals for a picky eater,,20,,0.23,0.70,
easy picky eater dinner ideas,,20,,0.22,0.66,
easy picky eater finger foods,,20,,0.00,0.50,
easy picky eater lunches,,20,,0.00,1.00,
easy picky eater meals,,20,,0.14,0.99,
easy recipes for dinner picky eater,,20,,0.22,0.34,
eat healthy for picky eaters,,20,,0.00,0.99,
eating disorder picky,,20,,0.93,0.16,
eating disorder picky eater,,20,,0.00,0.00,
eating disorder that makes you a picky eater,,20,,0.00,0.21,
eating disorder where you are very picky,,20,,0.00,0.20,
ellyn satter picky eater,,20,,0.00,0.19,
ellyn satter picky eating,,20,,0.94,0.29,
end picky eating,,20,,0.00,0.03,
erin graham picky eater,,20,,0.00,0.33,
erin graham picky eater now,,20,,0.00,0.33,
extreme pickiness eating disorder,,20,,1.28,0.27,
extreme picky eater toddler,,20,,0.00,0.00,
extreme picky eating book,,20,,0.29,1.00,
extreme picky eating books,,20,,0.29,1.00,
extreme picky eating diagnosis,,20,,0.00,0.00,
extreme picky eating help,,20,,0.00,0.79,
extreme picky eating in adults,,20,,0.00,0.22,
extremely picky eater 7 year-old,,20,,0.00,0.00,
extremely picky eater adult,,20,,0.00,0.06,
extremely picky eater autism,,20,,0.00,0.33,
extremely picky eater recipes,,20,,0.00,0.95,
feeding littles picky eating,,20,,0.00,0.11,
feeding littles picky eating course,,20,,0.00,0.02,
ff7 rebirth picky eater,,20,,0.00,0.33,
fiend intel 5 picky eater,,20,,0.00,0.33,
fix picky eating,,20,,0.00,1.00,
flintstones picky eater,,20,,0.47,1.00,
food aversion vs picky eating,,20,,0.00,0.05,
food disorder picky eater,,20,,0.75,0.49,
food list picky eater,,20,,0.00,0.05,
food picky eaters will eat,,20,,0.00,0.14,
foods for 2 year old picky eater,,20,,0.00,0.00,
foods picky eaters will eat,,20,,0.45,0.99,
foods picky eaters won't eat,,20,,0.00,0.02,
foods to eat for picky eaters,,20,,0.38,0.41,
foods to eat to lose weight for picky eaters,,20,,0.83,0.77,
foods to try as a picky eater,,20,,0.30,0.29,
foods to try if you're a picky eater,,20,,0.00,0.33,
french bulldog picky eater,,20,,0.00,0.33,
george carlin picky eater,,20,,0.00,0.33,
german shepherd picky eater,,20,,3.90,0.97,
getting a picky dog to eat,,20,,2.86,1.00,
getting picky dog to eat,,20,,0.00,0.71,
getting picky dogs to eat,,20,,2.25,0.00,
getting picky eaters to eat,,20,,0.00,1.00,
getting picky eaters to eat veggies,,20,,0.00,0.50,
good places to eat for picky eaters near me,,20,,0.00,0.06,
great dane picky eater,,20,,3.23,1.00,
great pyrenees picky eater,,20,,3.28,0.64,
gregory the picky eater,,20,,0.00,0.89,
hamster picky eater,,20,,0.00,0.07,
hardly a picky eater crossword,,20,,0.00,0.33,
hardly a picky eater crossword clue,,20,,0.00,0.33,
havanese picky eater,,20,,3.69,0.43,
healthy breakfast ideas picky eater,,20,,0.59,0.66,
healthy eating for extremely picky eaters,,20,,0.00,0.00,
healthy eating for picky adults,,20,,2.33,0.86,
healthy eating for picky eaters adults,,20,,2.33,0.86,
healthy eating meal plan for picky eaters,,20,,0.00,1.00,
healthy eating options for picky eaters,,20,,0.00,1.00,
healthy eating picky eaters adults,,20,,2.71,1.00,
healthy eating tips for picky eaters,,20,,0.00,0.33,
healthy foods to eat for picky eaters,,20,,0.53,0.99,
healthy picky eater dinners,,20,,0.00,0.79,
healthy things to eat for lunch for picky eaters,,20,,0.00,0.33,
healthy things to eat for picky eaters,,20,,0.00,0.16,
hello fresh picky eater,,20,,0.00,1.00,
help for teen picky eating,,20,,0.00,0.00,
help picky eater gain weight,,20,,1.76,0.69,
help with picky eater,,20,,2.92,0.89,
high protein meals picky eater,,20,,0.99,0.21,
high protein picky eater,,20,,0.00,0.50,
how can a picky eater eat healthy,,20,,0.26,0.57,
how can a picky eater lose weight,,20,,1.37,0.33,
how can i get my picky dog to eat,,20,,3.46,1.00,
how can i stop being a picky eater,,20,,0.60,0.06,
how do i get my picky dog to eat,,20,,2.97,1.00,
how do i stop being a picky eater,,20,,0.00,0.33,
how do picky eaters eat healthy,,20,,0.00,0.36,
how is arfid different from picky eating,,20,,0.46,0.15,
how long can a picky dog go without eating,,20,,0.00,0.31,
how long does picky eating last,,20,,0.00,0.33,
how long will a picky dog go without eating,,20,,0.00,0.33,
how much of a picky eater are you,,20,,0.00,0.33,
how much of a picky eater are you quiz,,20,,0.00,0.33,
how picky of an eater am i,,20,,0.00,0.00,
how picky of an eater are you,,20,,0.00,0.33,
how picky of an eater are you quiz,,20,,0.00,0.33,
how to avoid a picky eater,,20,,0.00,0.05,
how to avoid raising a picky eater,,20,,0.00,0.40,
how to be a less picky eater,,20,,0.00,0.08,
how to be a picky eater,,20,,0.00,0.33,
how to be healthy as a picky eater,,20,,0.00,0.67,
how to be less of a picky eater,,20,,0.00,0.33,
how to be vegetarian as a picky eater,,20,,0.00,0.29,
how to become a less picky eater,,20,,0.00,0.13,
how to become a picky eater,,20,,0.00,0.02,
how to become less of a picky eater,,20,,0.00,0.04,
how to break a picky eater,,20,,0.41,0.61,
how to break picky eating,,20,,0.51,0.66,
how to break picky eating habits,,20,,0.00,0.00,
how to bulk as a picky eater,,20,,0.00,0.16,
how to change a picky eater,,20,,0.36,0.67,
how to change picky eating habits,,20,,0.00,0.66,
how to combat picky eating,,20,,0.93,0.94,
how to cure a picky eater,,20,,0.60,0.40,
how to deal with a picky eater cat,,20,,0.00,1.00,
how to deal with a picky eater dog,,20,,1.47,0.94,
how to deal with a picky eater husband,,20,,0.00,0.33,
how to deal with a picky eater puppy,,20,,0.00,0.00,
how to deal with a picky eater toddler,,20,,0.00,0.00,
how to deal with dog picky eater,,20,,0.00,0.67,
how to deal with picky eater cat,,20,,0.00,0.16,
how to deal with picky eater dog,,20,,1.47,0.94,
how to deal with picky eater puppy,,20,,0.00,0.00,
how to diet if you are a picky eater,,20,,1.02,0.71,
how to diet when you are a picky eater,,20,,0.00,0.00,
how to diet when you're a picky eater,,20,,0.00,0.33,
how to eat better as a picky eater,,20,,2.05,0.39,
how to eat better for picky eaters,,20,,0.00,0.46,
how to eat healthier when you're picky,,20,,0.00,0.43,
how to eat healthy as a picky eater reddit,,20,,0.00,0.24,
how to eat healthy being a picky eater,,20,,0.00,0.57,
how to eat healthy for extremely picky eaters,,20,,0.00,0.43,
how to eat healthy for picky eaters,,20,,1.73,0.47,
how to eat healthy for picky eaters adults,,20,,1.72,0.91,
how to eat healthy if you are a picky eater,,20,,1.70,0.64,
how to eat healthy if you are picky,,20,,0.00,0.36,
how to eat healthy if you're a picky eater,,20,,0.00,0.21,
how to eat healthy if you're picky,,20,,0.00,0.21,
how to eat healthy if your picky,,20,,0.00,0.14,
how to eat healthy when picky,,20,,1.29,0.19,
how to eat healthy when picky eater,,20,,0.00,0.66,
how to eat healthy when you are a picky eater,,20,,2.31,0.99,
how to eat healthy when you are picky,,20,,0.00,0.38,
how to eat healthy when you're a picky eater,,20,,1.29,0.39,
how to eat healthy when you're picky,,20,,0.00,0.33,
how to eat more veggies as a picky eater,,20,,0.00,0.66,
how to eat vegetables as a picky eater,,20,,0.00,0.32,
how to eat vegetables for picky eaters,,20,,0.00,0.04,
how to encourage picky eaters to eat,,20,,0.35,0.99,
how to feed a picky eater dog,,20,,3.24,1.00,
how to feed a picky eater toddler,,20,,0.00,0.00,
how to feed picky eater dog,,20,,0.00,1.00,
how to feed picky eater shih tzu,,20,,0.00,0.00,
how to fix a picky eater dog,,20,,1.81,0.88,
how to fix picky eater dog,,20,,3.18,1.00,
how to gain weight as a picky eater,,20,,1.89,0.15,
how to gain weight picky eater,,20,,0.00,0.33,
how to get a picky ball python to eat,,20,,0.00,0.17,
how to get a picky cat to eat dry food,,20,,0.22,0.96,
how to get a picky cat to eat new food,,20,,0.00,0.83,
how to get a picky cat to eat wet food,,20,,1.05,0.99,
how to get a picky dog eater to eat,,20,,0.00,1.00,
how to get a picky dog to eat dog food,,20,,2.52,1.00,
how to get a picky dog to eat dry food,,20,,2.16,0.99,
how to get a picky dog to eat his food,,20,,0.36,1.00,
how to get a picky dog to eat kibble,,20,,0.00,0.93,
how to get a picky dog to eat their food,,20,,1.62,0.99,
how to get a picky eater to eat food,,20,,0.00,0.43,
how to get a picky eater to eat healthy,,20,,0.98,0.93,
how to get a picky eater to eat veggies,,20,,0.00,0.70,
how to get a picky eater to gain weight,,20,,0.32,1.00,
how to get a picky eater to try new foods,,20,,0.38,0.66,
how to get a picky eater to try new things,,20,,0.00,0.43,
how to get a picky puppy to eat,,20,,2.78,1.00,
how to get a picky senior dog to eat,,20,,3.30,0.90,
how to get iron into a picky eater,,20,,0.43,1.00,
how to get more protein as a picky eater,,20,,0.00,1.00,
how to get my picky cat to eat,,20,,1.14,1.00,
how to get my picky cat to eat wet food,,20,,0.00,0.92,
how to get my picky dog to eat,,20,,4.16,1.00,
how to get my picky eater to eat,,20,,0.66,0.96,
how to get my picky eater to eat healthy,,20,,1.24,0.80,
how to get my picky eater to gain weight,,20,,0.00,0.98,
how to get my picky eater to try new foods,,20,,0.85,0.79,
how to get nutrients into a picky eater,,20,,1.97,1.00,
how to get over being a picky eater,,20,,0.90,0.16,
how to get over picky eating,,20,,0.61,0.14,
how to get picky cat to eat,,20,,2.54,0.94,
how to get picky cat to eat wet food,,20,,1.02,0.99,
how to get picky cats to eat,,20,,0.00,0.80,
how to get picky dog to eat dog food,,20,,1.48,1.00,
how to get picky dog to eat dry food,,20,,1.85,1.00,
how to get picky dog to eat food,,20,,2.92,1.00,
how to get picky dog to eat kibble,,20,,2.06,0.94,
how to get picky dogs to eat kibble,,20,,2.84,0.99,
how to get picky eater dog to gain weight,,20,,0.00,0.33,
how to get picky eater to gain weight,,20,,0.00,1.00,
how to get picky eater to try new foods,,20,,0.57,0.66,
how to get picky eaters to eat fruit,,20,,0.00,0.33,
how to get picky eaters to eat healthy,,20,,1.57,0.88,
how to get picky eaters to eat vegetables,,20,,0.86,0.90,
how to get picky eaters to eat veggies,,20,,0.43,0.77,
how to get picky shih tzu to eat,,20,,0.00,0.71,
how to get picky toddler to eat vegetables,,20,,0.00,0.00,
how to get protein into a picky eater,,20,,0.66,1.00,
how to get rid of picky eating,,20,,0.00,0.31,
how to get your picky dog to eat,,20,,3.02,1.00,
how to get your picky dog to eat dry food,,20,,2.90,1.00,
how to get your picky eater to eat,,20,,0.58,1.00,
how to get your picky eater to eat healthy,,20,,0.00,1.00,
how to get your picky eater to try new foods,,20,,0.00,0.86,
how to handle picky eater dog,,20,,0.00,1.00,
how to help a picky eater dog,,20,,1.49,1.00,
how to help a picky eater eat healthy,,20,,0.85,0.99,
how to help a picky eater gain weight,,20,,0.91,1.00,
how to help a picky eater lose weight,,20,,2.81,0.61,
how to help my picky eater,,20,,1.20,0.99,
how to help my picky eater gain weight,,20,,0.61,1.00,
how to help picky eaters eat,,20,,0.00,0.00,
how to introduce new foods to a picky eater,,20,,0.09,0.61,
how to know if you're a picky eater,,20,,0.00,0.06,
how to lose weight for a picky eater,,20,,1.54,0.41,
how to lose weight if you are a picky eater,,20,,1.59,1.00,
how to lose weight if you're a picky eater,,20,,0.00,0.69,
how to lose weight when you are a picky eater,,20,,2.44,0.81,
how to lose weight when your a picky eater,,20,,1.99,0.84,
how to make a picky cat eat,,20,,0.00,1.00,
how to make a picky eater eat,,20,,0.37,0.92,
how to make a picky eater eat healthy,,20,,0.61,0.80,
how to make a picky eater eat vegetables,,20,,0.00,0.50,
how to make a picky eater gain weight,,20,,0.00,0.86,
how to make a picky eater try new foods,,20,,0.07,0.43,
how to make a picky puppy eat,,20,,0.00,0.14,
how to make broccoli for a picky eater,,20,,0.00,0.33,
how to make my dog not a picky eater,,20,,0.00,0.54,
how to make my picky dog eat,,20,,3.33,1.00,
how to make picky dog eat,,20,,3.50,1.00,
how to make picky dogs eat,,20,,0.00,0.86,
how to make picky eaters eat healthy,,20,,0.61,0.80,
how to make your dog not a picky eater,,20,,0.00,0.00,
how to not be a picky eater anymore,,20,,0.00,0.05,
how to not have a picky eater,,20,,0.00,0.30,
how to not raise a picky eater,,20,,0.00,0.10,
how to overcome being a picky eater,,20,,0.39,0.15,
how to overcome picky eating,,20,,1.09,0.20,
how to overcome picky eating as an adult,,20,,2.22,0.33,
how to prevent a picky eater,,20,,0.00,0.14,
how to prevent picky eating,,20,,0.07,0.33,
how to raise non picky eater,,20,,0.00,0.20,
how to say picky eater in japanese,,20,,0.00,0.33,
how to solve picky eater dog,,20,,0.00,0.86,
how to solve picky eating,,20,,0.47,0.49,
how to start eating better as a picky eater,,20,,0.00,0.33,
how to start eating healthy for picky eaters,,20,,0.00,0.43,
how to start eating healthy picky eater,,20,,1.35,0.71,
how to stop a picky dog eater,,20,,0.00,0.52,
how to stop a picky eater,,20,,0.53,0.45,
how to stop being a picky eater adults,,20,,0.00,0.02,
how to stop being a picky eater as an adult,,20,,0.00,0.33,
how to stop being a picky eater reddit,,20,,0.00,0.33,
how to stop my cat from being a picky eater,,20,,0.00,0.33,
how to stop my dog from being a picky eater,,20,,2.48,0.91,
how to stop picky eating,,20,,0.86,0.33,
how to stop picky eating in dogs,,20,,0.00,0.66,
how to stop picky eating toddler,,20,,0.00,0.00,
how to stop your dog from being a picky eater,,20,,0.00,1.00,
how to tell if your dog is a picky eater,,20,,0.00,0.33,
how to train a picky eater dog,,20,,1.91,1.00,
how to treat a picky eater dog,,20,,0.00,1.00,
how to treat picky eater dog,,20,,0.00,1.00,
how to try new foods as a picky eater,,20,,0.00,0.06,
how+to+make+a+picky+dog+eat,,20,,2.02,0.63,
husband is a picky eater,,20,,0.00,0.33,
husband picky eater,,20,,0.00,0.33,
husband picky eater reddit,,20,,0.00,0.33,
husky is a picky eater,,20,,0.00,0.79,
husky picky eater,,20,,3.61,0.96,
hypnosis for picky eating,,20,,1.61,0.30,
i am a picky eater,,20,,0.00,0.05,
i am a picky eater that wants to lose weight,,20,,2.77,0.83,
i am a very picky eater,,20,,0.00,0.33,
i am not a picky eater,,20,,0.00,0.33,
i am picky confessions of a fussy eater,,20,,0.00,0.82,
i am picky eater,,20,,0.00,0.33,
i hate being a picky eater,,20,,0.00,0.02,
i have a picky dog eater,,20,,3.69,1.00,
i'm not a picky eater,,20,,0.00,0.33,
iams picky eater cat food,,20,,2.04,1.00,
icd 10 code for picky eating,,20,,0.00,0.33,
icd 10 code picky eater,,20,,0.00,0.33,
icd 10 for picky eater,,20,,0.00,0.33,
icd 10 picky eating,,20,,0.00,0.33,
im a picky eater,,20,,0.00,0.06,
instagram picky eater test,,20,,0.00,0.33,
is arfid just picky eating,,20,,1.31,0.10,
is arfid picky eating,,20,,0.00,0.03,
is being a picky eater a bad thing,,20,,0.00,0.33,
is being a picky eater a choice,,20,,0.00,0.33,
is being a picky eater a disorder,,20,,0.00,0.06,
is being a picky eater a sign of adhd,,20,,0.00,0.33,
is being a picky eater a sin,,20,,0.00,0.33,
is being a picky eater an eating disorder,,20,,0.00,0.00,
is being a picky eater bad,,20,,0.00,0.33,
is being a picky eater hereditary,,20,,0.00,0.33,
is being extremely picky an eating disorder,,20,,0.92,0.18,
is it arfid or picky eating,,20,,1.17,0.61,
is it bad to be a picky eater,,20,,0.00,0.01,
is it normal to be a picky eater,,20,,0.00,0.03,
is it ok to be a picky eater,,20,,0.00,0.33,
is my dog a picky eater or sick,,20,,0.00,0.24,
is picky eater an eating disorder,,20,,0.00,0.61,
is picky eater autism,,20,,0.00,0.05,
is picky eating a disorder,,20,,0.71,0.09,
is picky eating a learned behavior,,20,,0.00,0.33,
is picky eating a sign of adhd,,20,,0.00,0.03,
is picky eating autism,,20,,0.00,0.05,
is picky eating bad,,20,,0.00,0.33,
is picky eating hereditary,,20,,0.00,0.33,
is picky eating normal,,20,,0.00,0.02,
is travis kelce a picky eater,,20,,0.00,0.33,
italian greyhound picky eater,,20,,0.00,0.33,
jack russell terrier picky eater,,20,,0.00,1.00,
john rosemond picky eater,,20,,0.00,0.33,
katie kimball picky eater,,20,,0.00,0.33,
keto diet picky eater,,20,,0.00,1.00,
keto for a picky eater,,20,,0.00,1.00,
keto picky eater,,20,,0.00,1.00,
kids eat in color picky eating,,20,,0.00,0.00,
kindergarten picky eater,,20,,0.00,1.00,
kitten is picky eater,,20,,0.00,1.00,
kitten picky eater,,20,,0.00,0.66,
labradoodle picky eater,,20,,10.11,1.00,
labrador picky eater,,20,,2.36,0.00,
least picky eater,,20,,0.00,0.33,
leopard gecko picky eater,,20,,0.00,0.80,
list of picky eater foods,,20,,0.00,0.01,
little miss picky eater,,20,,0.00,0.43,
losing weight as a picky eater,,20,,1.46,0.33,
low calorie picky eater meals,,20,,0.00,0.62,
low carb picky eater recipes,,20,,0.31,0.86,
lunch box picky eater,,20,,0.00,0.33,
lunch for a picky eater,,20,,0.29,0.96,
maltese picky eater,,20,,3.20,1.00,
maltipoo picky eater,,20,,3.92,0.95,
marla lopez picky eater,,20,,0.00,0.33,
meal plan for 5 year old picky eater,,20,,0.00,0.00,
meal plan for weight loss picky eater,,20,,1.93,0.63,
meals for a picky eater,,20,,0.29,0.68,
meals picky eater,,20,,0.00,0.00,
meals picky kids will eat,,20,,0.00,0.00,
medical term for picky eater,,20,,0.00,0.33,
milk for picky eater,,20,,0.00,1.00,
my 10 month old is a picky eater,,20,,0.00,1.00,
my 11 month old is a picky eater,,20,,0.00,0.63,
my 14 month old is a picky eater,,20,,1.06,0.68,
my 15 month old is a picky eater,,20,,0.92,0.57,
my 16 month old is a picky eater,,20,,0.80,0.62,
my 17 month old is a picky eater,,20,,0.00,0.71,
my 18 month old is a picky eater,,20,,0.00,0.36,
my 18 month old is a very picky eater,,20,,0.00,0.82,
my boyfriend is a picky eater,,20,,0.00,0.01,
my cat has become a picky eater,,20,,0.74,0.46,
my cat is a picky eater reddit,,20,,0.00,0.29,
my cat is a picky eater what should i do,,20,,2.04,0.99,
my cat is a really picky eater,,20,,0.00,0.67,
my cat is a very picky eater,,20,,2.12,0.99,
my cat is being a picky eater,,20,,0.00,1.00,
my cat is very picky eater,,20,,2.12,0.99,
my cavapoo is a picky eater,,20,,3.41,1.00,
my chihuahua is a picky eater,,20,,3.22,0.97,
my chihuahua is a very picky eater,,20,,0.00,0.86,
my dachshund is a picky eater,,20,,4.20,1.00,
my daughter is a picky eater,,20,,0.99,0.57,
my dog become a picky eater,,20,,0.00,1.00,
my dog has become a picky eater,,20,,3.41,0.77,
my dog has become a very picky eater,,20,,4.17,0.76,
my dog has suddenly become a picky eater,,20,,0.47,0.57,
my dog is a picky eater all of a sudden,,20,,2.68,1.00,
my dog is a picky eater and won't eat,,20,,4.99,0.99,
my dog is a picky eater what can i do,,20,,3.73,0.71,
my dog is a picky eater what do i do,,20,,2.33,1.00,
my dog is a super picky eater,,20,,5.50,0.86,
my dog is being a picky eater,,20,,3.44,0.93,
my dog is extremely picky eater,,20,,5.28,1.00,
my dog is picky and won't eat,,20,,3.89,0.99,
my dog is so picky he won't eat,,20,,4.27,1.00,
my dog is such a picky eater,,20,,3.52,0.95,
my dog is suddenly a picky eater,,20,,2.06,0.32,
my dog is super picky eater,,20,,5.10,1.00,
my dog is very picky eater,,20,,3.91,1.00,
my dog suddenly became a picky eater,,20,,0.00,0.63,
my dog suddenly become picky eater,,20,,0.00,0.29,
my dogs a picky eater,,20,,2.45,1.00,
my german shepherd is a picky eater,,20,,2.57,0.86,
my hamster is a picky eater,,20,,0.00,0.33,
my husband is a picky eater,,20,,0.00,0.33,
my kitten is picky eater,,20,,0.00,0.96,
my maltese is a picky eater,,20,,0.00,1.00,
my partner is a picky eater,,20,,0.00,0.33,
my picky dog won't eat,,20,,4.50,0.98,
my picky eater,,20,,0.00,0.12,
my poodle is a picky eater,,20,,3.70,0.95,
my puppy is a picky eater,,20,,4.46,1.00,
my puppy is a very picky eater,,20,,0.00,1.00,
my puppy is picky eater,,20,,3.66,1.00,
my puppy is very picky eater,,20,,2.15,0.89,
my senior dog has become a picky eater,,20,,4.40,0.95,
my shih tzu is a picky eater,,20,,2.68,1.00,
my shih tzu is picky eater,,20,,2.85,1.00,
my son is a picky eater,,20,,0.91,0.45,
my son is a picky eater what do i do,,20,,1.37,0.99,
my son is a very picky eater,,20,,1.34,0.58,
my son is very picky eater,,20,,0.94,0.91,
my teenager is a picky eater,,20,,0.00,0.57,
my toddler is a picky eater,,20,,0.00,0.00,
my wife is a picky eater,,20,,0.00,0.33,
my yorkie is a picky eater,,20,,3.77,0.80,
my yorkie is a very picky eater,,20,,3.98,0.98,
national picky eater day,,20,,0.00,0.33,
neurodivergent picky eater,,20,,0.00,0.19,
noctis picky eater,,20,,0.00,0.33,
non picky eater,,20,,0.00,0.33,
not a picky eater,,20,,0.00,0.33,
not a picky eater 7 little words,,20,,0.00,0.33,
not a picky eater crossword clue,,20,,0.00,0.00,
not just a picky eater,,20,,0.00,0.33,
not just a picky eater documentary,,20,,0.00,0.33,
not picky eater,,20,,0.00,0.33,
not picky eater synonym,,20,,0.00,0.33,
ocd picky eater,,20,,0.82,0.26,
old cat picky eater,,20,,0.00,0.99,
old dog becoming picky eater,,20,,0.00,0.33,
old dog picky eater,,20,,3.44,0.99,
old dog suddenly picky eater,,20,,0.00,0.55,
older cat becoming picky eater,,20,,0.00,0.06,
one year old picky eater all of a sudden,,20,,0.00,0.00,
ot for picky eating,,20,,4.16,0.34,
other words for picky eater,,20,,0.00,0.33,
overcome picky eating,,20,,1.05,0.37,
overcoming picky eating in adults,,20,,0.00,0.57,
overweight picky eater,,20,,0.00,0.24,
packed lunch ideas picky eater,,20,,0.00,1.00,
pediasure commercial picky eater,,20,,0.00,0.33,
pediasure picky eater,,20,,2.87,0.25,
pediasure picky eater commercial,,20,,0.00,0.33,
pediatrician advice picky eater,,20,,0.00,0.71,
picky 11 month old eater,,20,,2.25,0.72,
picky 13 month old eater,,20,,0.00,0.00,
picky 14 month old eater,,20,,0.79,0.37,
picky 16 month old eater,,20,,1.75,0.33,
picky 9 month old eater,,20,,0.00,0.10,
picky cat not eating,,20,,0.00,0.33,
picky cat won't eat wet food,,20,,0.00,0.91,
picky dog eater food,,20,,8.64,0.98,
picky dog eater food topper,,20,,4.91,1.00,
picky dog eater reddit,,20,,4.53,1.00,
picky dog eater tricks,,20,,2.96,1.00,
picky dog not eating,,20,,1.89,0.99,
picky dog refuses to eat,,20,,0.00,0.97,
picky dog will not eat,,20,,0.00,0.50,
picky dog won't eat kibble consistently,,20,,0.00,0.00,
picky eater 11 months old,,20,,0.00,0.71,
picky eater 13 month old,,20,,0.00,1.00,
picky eater 14 month old,,20,,0.00,0.56,
picky eater 15 month old,,20,,1.69,0.61,
picky eater 16 month old,,20,,0.00,0.43,
picky eater 18 months,,20,,1.21,0.88,
picky eater 2 year old,,20,,0.00,0.00,
picky eater 20 month old,,20,,0.00,0.36,
picky eater adhd,,20,,1.06,0.33,
picky eater adults,,20,,1.32,0.04,
picky eater age,,20,,0.00,0.08,
picky eater antonyms,,20,,0.00,0.33,
picky eater anxiety,,20,,0.00,0.50,
picky eater app,,20,,0.00,0.19,
picky eater appetizers,,20,,0.00,0.23,
picky eater approved,,20,,0.00,0.07,
picky eater arfid,,20,,1.00,0.27,
picky eater article,,20,,0.00,0.33,
picky eater as an adult,,20,,0.00,0.03,
picky eater bento box,,20,,0.00,0.33,
picky eater bento box ideas,,20,,0.00,1.00,
picky eater blog,,20,,0.00,0.33,
picky eater blog formula,,20,,0.00,1.00,
picky eater blog vegetarian chili,,20,,0.00,0.33,
picky eater book for parents,,20,,0.00,0.99,
picky eater books,,20,,0.51,0.97,
picky eater breakfast recipes,,20,,0.00,1.00,
picky eater buzzfeed,,20,,0.00,0.33,
picky eater buzzfeed quiz,,20,,0.00,0.33,
picky eater by stephen roos,,20,,0.00,0.00,
picky eater cartoon,,20,,0.00,0.33,
picky eater casserole,,20,,0.04,0.19,
picky eater casseroles,,20,,0.04,0.33,
picky eater cat wet food,,20,,1.77,0.99,
picky eater cats,,20,,1.69,0.88,
picky eater causes,,20,,0.00,0.08,
picky eater check,,20,,0.00,0.00,
picky eater chicken dinner ideas,,20,,0.00,0.37,
picky eater chicken nuggets,,20,,0.00,0.33,
picky eater chicken recipes,,20,,0.14,0.36,
picky eater chihuahua,,20,,3.91,1.00,
picky eater chili,,20,,0.00,0.33,
picky eater clinic,,20,,3.70,0.40,
picky eater clipart,,20,,0.00,0.33,
picky eater cold lunch ideas,,20,,0.00,0.52,
picky eater condition,,20,,0.00,0.09,
picky eater constipation,,20,,0.00,1.00,
picky eater contest,,20,,0.00,0.33,
picky eater course,,20,,2.15,0.26,
picky eater crockpot meals,,20,,0.07,0.38,
picky eater definition español,,20,,0.00,0.00,
picky eater deutsch,,20,,0.00,0.33,
picky eater diagnosis,,20,,1.49,0.26,
picky eater diet for adults,,20,,2.19,0.97,
picky eater diet meal plan,,20,,2.88,0.93,
picky eater diet meals,,20,,0.00,1.00,
picky eater diet recipes,,20,,0.00,1.00,
picky eater dinner ideas adults,,20,,0.00,0.31,
picky eater dinner ideas for family,,20,,0.07,0.81,
picky eater dinner ideas toddler,,20,,0.00,0.00,
picky eater dinner recipes,,20,,0.07,0.39,
picky eater disease,,20,,0.68,0.15,
picky eater disorder name,,20,,0.00,0.12,
picky eater doctor,,20,,0.00,0.24,
picky eater dog food recipe,,20,,2.79,0.63,
picky eater dog food small breed,,20,,2.93,1.00,
picky eater dog meaning,,20,,0.00,1.00,
picky eater dog recipes,,20,,2.80,1.00,
picky eater dog reddit,,20,,0.00,0.33,
picky eater dog refusing to eat,,20,,0.00,0.33,
picky eater dog treatment,,20,,0.00,0.00,
picky eater dog what to do,,20,,3.63,1.00,
picky eater drawing,,20,,0.00,0.33,
picky eater during pregnancy,,20,,0.00,0.33,
picky eater eating disorder,,20,,0.00,0.00,
picky eater edition,,20,,0.00,0.33,
picky eater en español,,20,,0.00,0.33,
picky eater en francais,,20,,0.00,0.33,
picky eater español,,20,,0.00,0.33,
picky eater examples,,20,,0.00,0.33,
picky eater family meals,,20,,0.18,0.70,
picky eater ff7 rebirth,,20,,0.00,0.33,
picky eater food blog,,20,,0.00,0.14,
picky eater food chart,,20,,0.00,0.98,
picky eater food delivery,,20,,6.84,1.00,
picky eater food list adults,,20,,0.00,0.67,
picky eater food list quiz,,20,,0.00,0.00,
picky eater foods they don t like,,20,,0.00,0.33,
picky eater foods they don't like,,20,,0.00,0.33,
picky eater formula,,20,,0.00,1.00,
picky eater funny,,20,,0.00,0.07,
picky eater funny quotes,,20,,0.00,0.33,
picky eater gif,,20,,0.00,0.33,
picky eater grocery list,,20,,1.23,0.77,
picky eater ground beef recipes,,20,,0.16,0.40,
picky eater gummies,,20,,0.00,1.00,
picky eater guru,,20,,0.00,0.14,
picky eater handout,,20,,0.00,0.04,
picky eater healthy dinner ideas,,20,,0.20,0.43,
picky eater high protein meals,,20,,1.23,1.00,
picky eater how to deal,,20,,0.00,0.00,
picky eater husband recipes,,20,,0.00,0.33,
picky eater husky,,20,,0.00,0.93,
picky eater icd,,20,,0.00,0.33,
picky eater icd 10 code,,20,,0.00,0.33,
picky eater icon,,20,,0.00,0.33,
picky eater in arabic,,20,,0.00,0.33,
picky eater in chinese,,20,,0.00,0.33,
picky eater in french,,20,,0.00,0.33,
picky eater in german,,20,,0.00,0.33,
picky eater in italian,,20,,0.00,0.33,
picky eater in italiano,,20,,0.00,0.33,
picky eater in japan,,20,,0.00,0.33,
picky eater in japanese,,20,,0.00,0.33,
picky eater in spanish mexico,,20,,0.00,0.33,
picky eater in tagalog,,20,,0.00,0.33,
picky eater infant,,20,,0.00,0.00,
picky eater instant pot recipes,,20,,0.00,0.43,
picky eater jokes,,20,,0.00,0.00,
picky eater keto,,20,,0.00,0.00,
picky eater keto diet,,20,,0.00,0.00,
picky eater keto meals,,20,,0.00,1.00,
picky eater keto recipes,,20,,0.00,0.83,
picky eater kids lunch ideas,,20,,0.00,0.00,
picky eater kids meals,,20,,0.00,0.00,
picky eater kidshealth,,20,,0.00,0.33,
picky eater kindergarten,,20,,0.00,1.00,
picky eater kindergarten lunch,,20,,0.00,1.00,
picky eater list test,,20,,0.00,0.33,
picky eater losing weight,,20,,0.00,0.37,
picky eater lunch recipes,,20,,0.00,1.00,
picky eater lunchbox ideas,,20,,0.00,0.66,
picky eater management,,20,,0.00,0.29,
picky eater meal delivery,,20,,8.24,0.79,
picky eater meal kits,,20,,6.94,1.00,
picky eater meal plan for weight loss,,20,,2.19,0.76,
picky eater meal prep ideas,,20,,0.47,0.52,
picky eater meaning in english,,20,,0.00,0.33,
picky eater meaning in hindi,,20,,0.00,0.00,
picky eater meaning in telugu,,20,,0.00,0.33,
picky eater meaning in urdu,,20,,0.00,0.00,
picky eater medical term,,20,,0.00,0.33,
picky eater meme funny,,20,,0.00,0.33,
picky eater meme grow up,,20,,0.00,0.33,
picky eater multi,,20,,1.77,1.00,
picky eater multivitamin for kids,,20,,0.00,0.00,
picky eater multivitamin with iron,,20,,0.00,0.00,
picky eater name,,20,,0.00,0.01,
picky eater opposite,,20,,0.00,0.33,
picky eater opposite word,,20,,0.00,0.33,
picky eater or arfid,,20,,0.52,0.66,
picky eater or autism,,20,,0.00,0.33,
picky eater or sensory issue,,20,,0.00,0.05,
picky eater pasta,,20,,0.00,0.33,
picky eater pasta salad,,20,,0.06,0.10,
picky eater perdigon,,20,,0.00,0.86,
picky eater personality,,20,,0.00,0.33,
picky eater phase,,20,,0.00,0.04,
picky eater phase sims 4,,20,,0.00,0.33,
picky eater placemat,,20,,0.00,0.52,
picky eater powder,,20,,2.39,1.00,
picky eater pregnancy,,20,,0.00,0.33,
picky eater preschool lunch,,20,,0.00,0.50,
picky eater preschooler,,20,,0.00,0.09,
picky eater problems,,20,,0.00,0.33,
picky eater program,,20,,3.24,0.65,
picky eater project,,20,,0.00,0.57,
picky eater protein,,20,,1.69,1.00,
picky eater protein options,,20,,0.39,0.67,
picky eater protocol,,20,,0.00,0.00,
picky eater que es,,20,,0.00,0.33,
picky eater questionnaire,,20,,0.00,0.28,
picky eater quiz buzzfeed,,20,,0.00,0.33,
picky eater quotes,,20,,0.00,0.33,
picky eater reasons,,20,,0.00,0.29,
picky eater recipes for dinner,,20,,0.00,0.21,
picky eater recipes healthy,,20,,0.00,0.29,
picky eater research,,20,,0.00,0.33,
picky eater restaurants near me,,20,,0.00,0.00,
picky eater reward chart,,20,,0.00,1.00,
picky eater safe foods,,20,,0.00,0.69,
picky eater salad,,20,,0.00,0.05,
picky eater sandwich ideas,,20,,0.00,0.07,
picky eater seasoning,,20,,0.00,1.00,
picky eater sensory,,20,,0.00,0.00,
picky eater sensory issue,,20,,0.00,0.16,
picky eater shih tzu,,20,,4.24,1.00,
picky eater side dishes,,20,,0.00,0.39,
picky eater significado,,20,,0.00,0.33,
picky eater sims 4,,20,,0.00,0.33,
picky eater smoothies,,20,,0.00,0.93,
picky eater snack ideas,,20,,0.31,0.85,
picky eater social story,,20,,0.00,0.00,
picky eater solutions,,20,,1.36,0.87,
picky eater soup,,20,,0.00,0.22,
picky eater spanish,,20,,0.00,0.33,
picky eater starter pack,,20,,0.00,0.33,
picky eater supper ideas,,20,,0.04,0.64,
picky eater survey,,20,,0.00,0.02,
picky eater symptoms,,20,,0.00,0.04,
picky eater syndrom,,20,,0.00,0.05,
picky eater teenager,,20,,0.54,0.15,
picky eater template,,20,,0.00,0.66,
picky eater test chart,,20,,0.00,0.33,
picky eater test facebook,,20,,0.00,0.33,
picky eater test hard,,20,,0.00,0.33,
picky eater test idrlabs,,20,,0.00,0.33,
picky eater test meals,,20,,0.00,0.33,
picky eater test template,,20,,0.00,0.33,
picky eater test vegetarian,,20,,0.00,0.33,
picky eater text,,20,,0.00,0.33,
picky eater texture,,20,,0.00,0.33,
picky eater texture issues,,20,,0.00,0.67,
picky eater thanksgiving,,20,,0.00,0.00,
picky eater therapy near me,,20,,7.79,0.61,
picky eater tiktok,,20,,0.00,0.33,
picky eater tips and tricks,,20,,0.00,0.50,
picky eater tips for parents,,20,,0.00,0.21,
picky eater toddler autism,,20,,0.00,0.00,
picky eater tools,,20,,0.00,1.00,
picky eater translation,,20,,0.00,0.33,
picky eater tratamiento,,20,,0.00,0.64,
picky eater tray,,20,,0.00,0.00,
picky eater treatment,,20,,0.00,1.00,
picky eater trying to eat healthy,,20,,0.00,0.00,
picky eater trying to lose weight,,20,,0.86,0.50,
picky eater vegan recipes,,20,,0.37,0.77,
picky eater vegetable powder,,20,,0.00,1.00,
picky eater vegetable recipes,,20,,0.00,0.33,
picky eater vegetables,,20,,0.00,0.78,
picky eater vegetarian,,20,,1.32,0.57,
picky eater vegetarian chili,,20,,0.00,0.33,
picky eater video,,20,,0.00,0.33,
picky eater vitamin deficiency,,20,,3.54,1.00,
picky eater vs food aversion,,20,,0.00,0.02,
picky eater vs problem eater,,20,,0.00,0.06,
picky eater vs problem feeder pdf,,20,,0.00,0.04,
picky eater vs selective eater,,20,,0.00,0.33,
picky eater weight loss meal plan,,20,,3.58,0.90,
picky eater what to do,,20,,0.00,0.99,
picky eater wikipedia,,20,,0.00,0.33,
picky eater 中文,,20,,0.00,0.33,
picky eater 意味,,20,,0.00,0.33,
picky eater 日本 語,,20,,0.00,0.33,
picky eater 뜻,,20,,0.00,0.33,
picky eater's recovery book,,20,,0.43,0.92,
picky eaters guide to eating healthy,,20,,0.75,0.86,
picky eating 18 month old,,20,,0.37,0.71,
picky eating adalah,,20,,0.00,0.33,
picky eating adhd,,20,,1.06,0.22,
picky eating age,,20,,0.00,0.08,
picky eating and anxiety,,20,,0.00,0.50,
picky eating and sensory issues,,20,,0.00,0.18,
picky eating app,,20,,0.00,0.33,
picky eating as an adult,,20,,0.00,0.03,
picky eating behavior,,20,,0.00,0.33,
picky eating causes,,20,,0.00,0.08,
picky eating course,,20,,2.28,0.34,
picky eating dietitian,,20,,4.87,0.29,
picky eating disorder name,,20,,0.00,0.33,
picky eating genetic,,20,,0.00,0.11,
picky eating habits,,20,,0.00,0.33,
picky eating in children,,20,,0.00,0.00,
picky eating is related to,,20,,0.00,0.33,
picky eating kids,,20,,0.00,0.00,
picky eating phase,,20,,0.00,0.33,
picky eating questionnaire,,20,,0.00,0.28,
picky eating questionnaire pdf,,20,,0.00,0.33,
picky eating resources,,20,,0.00,0.33,
picky eating resources for parents,,20,,0.00,0.10,
picky eating solid starts,,20,,0.00,0.21,
picky eating specialist,,20,,3.75,0.49,
picky eating therapy,,20,,0.00,0.00,
picky eating therapy near me,,20,,7.79,0.61,
picky eating vs problem feeding,,20,,0.00,0.02,
picky eating vs selective eating,,20,,0.00,0.21,
picky food eater list,,20,,0.00,0.01,
picky food eater test,,20,,0.00,0.33,
picky french bulldog eater,,20,,3.21,1.00,
picky german shepherd eater,,20,,3.69,0.95,
picky golden retriever eater,,20,,3.95,0.61,
picky kitten eater,,20,,0.00,0.68,
picky kitten not eating,,20,,0.00,0.57,
picky poodle eater,,20,,3.50,0.82,
picky puppy not eating,,20,,0.00,0.00,
picky puppy won't eat,,20,,0.00,1.00,
picky teenager eater,,20,,1.20,0.39,
pitbull picky eater,,20,,2.43,1.00,
places to eat for picky eaters,,20,,0.00,0.08,
pomeranian picky eater,,20,,4.41,0.88,
poodle picky eater,,20,,3.16,0.41,
pregnant dog picky eater,,20,,0.00,0.00,
pregnant dog picky eating,,20,,0.00,0.00,
pregnant picky eater,,20,,0.00,0.33,
preschooler picky eater,,20,,0.00,0.43,
prevent picky eater,,20,,0.00,0.27,
prevent picky eating,,20,,0.00,0.33,
problem eater vs picky eater,,20,,0.00,0.06,
problem feeder vs picky eater,,20,,0.00,0.33,
pug picky eater,,20,,0.00,1.00,
puppy becoming picky eater,,20,,0.00,1.00,
puppy picky eater reddit,,20,,0.00,0.50,
que es picky eater,,20,,0.00,0.33,
que es ser picky eater,,20,,0.00,0.33,
que es un picky eater,,20,,0.00,0.33,
quiz picky eater test,,20,,0.00,0.33,
reddit aita picky eater,,20,,0.00,0.33,
renzo's picky eater kids multivitamin with iron,,20,,0.00,0.00,
renzo's picky eater multivitamin with iron,,20,,2.37,0.99,
renzo's picky eater with iron,,20,,1.31,1.00,
renzo's vitamins picky eater,,20,,2.45,1.00,
renzos picky eater vitamin,,20,,2.70,1.00,
rescue dog picky eater,,20,,0.00,0.95,
reverse picky eating,,20,,1.65,0.33,
root cause of picky eating,,20,,0.52,0.17,
root causes of picky eating,,20,,0.52,0.17,
royal canin picky eater,,20,,1.95,0.99,
royal canin picky eater cat,,20,,1.30,1.00,
royal canin picky eater dog,,20,,2.26,0.88,
saint bernard picky eater,,20,,0.00,0.43,
samoyed picky eater,,20,,0.00,0.33,
selective eater vs picky eater,,20,,0.00,0.33,
senior cat picky eater,,20,,2.38,1.00,
senior dog becoming picky eater,,20,,2.55,0.71,
senior dog picky eater,,20,,4.43,1.00,
senior dog picky eater reddit,,20,,0.00,0.11,
senior dog suddenly picky eater,,20,,0.00,0.31,
sensory issues picky eater,,20,,0.00,0.29,
sensory picky eater,,20,,0.00,0.36,
she is a picky eater,,20,,0.00,0.33,
shiba inu picky eater,,20,,0.00,0.20,
shih tzu very picky eater,,20,,3.27,0.71,
should you force a picky eater to eat,,20,,0.00,0.20,
siberian husky picky eater,,20,,3.61,0.96,
signs of a picky eater,,20,,0.00,0.02,
signs of a picky eater dog,,20,,0.00,0.00,
signs of picky eater,,20,,0.00,0.00,
signs you're a picky eater,,20,,0.00,0.33,
simple picky eater meals,,20,,0.11,0.58,
sims 4 picky eater,,20,,0.00,0.33,
sims 4 picky eater phase,,20,,0.00,0.33,
sims 4 remove picky eater,,20,,0.00,0.33,
small dog picky eater,,20,,3.34,0.97,
solid starts picky eating,,20,,0.68,0.08,
solid starts reverse picky eating,,20,,0.00,0.33,
solid starts reverse picky eating review,,20,,0.00,0.33,
solution for picky eater dog,,20,,0.00,0.00,
spd and picky eating,,20,,1.42,0.21,
stop being a picky eater,,20,,0.00,0.50,
stories of extreme picky eating,,20,,1.85,1.00,
strong disgust reactions autism picky eating cant get over it,,20,,0.00,0.00,
super picky eater,,20,,2.69,0.27,
super picky eater disorder,,20,,1.39,0.33,
super picky eater recipes,,20,,0.28,0.77,
supernanny picky eater,,20,,0.00,0.33,
supernanny picky eater episode,,20,,0.00,0.00,
supertaster picky eater,,20,,0.00,0.33,
supplement for picky eater,,20,,2.45,0.99,
synonyms for picky eater,,20,,0.00,0.33,
table talk picky eating,,20,,0.00,0.06,
table talk picky eating review,,20,,5.35,0.16,
test picky eater,,20,,0.00,0.33,
test picky eater food list,,20,,0.00,0.09,
the big comfy couch picky eater,,20,,0.00,0.33,
the no cry picky eater solution,,20,,0.00,0.75,
the ph picky eater test,,20,,0.00,0.00,
the picky eater betsy parkinson,,20,,0.00,0.00,
the picky eater blog,,20,,0.00,0.33,
the picky eater book,,20,,0.00,0.95,
the picky eater project,,20,,0.00,0.70,
the picky eater project pdf,,20,,0.00,0.33,
the picky eating solution,,20,,0.00,1.00,
things for picky eaters to eat,,20,,0.00,0.48,
things picky eaters will eat,,20,,0.00,0.10,
things to eat for picky eaters,,20,,0.32,0.40,
tips for picky eating dogs,,20,,0.00,0.33,
top picky eater foods,,20,,0.00,1.00,
toy poodle picky eater,,20,,4.04,0.96,
travis kelce picky eater,,20,,0.00,0.33,
tricks to get a picky dog to eat,,20,,0.00,0.86,
ultimate picky eater test,,20,,0.00,0.04,
vegan picky eater,,20,,0.46,0.57,
vegetarian picky eater,,20,,1.32,0.57,
vegetarian picky eater recipes,,20,,0.00,0.88,
very picky dog eater,,20,,5.98,1.00,
very picky eater disorder,,20,,0.00,0.33,
very picky eater dog,,20,,4.57,1.00,
very picky eater meals,,20,,0.48,0.73,
very picky eater recipes,,20,,0.00,0.33,
vitamins for picky eater dogs,,20,,0.00,0.66,
ways to eat healthy for picky eaters,,20,,1.46,0.95,
ways to eat veggies for picky eaters,,20,,0.00,0.19,
what age does picky eating end,,20,,0.00,0.33,
what age does picky eating start,,20,,0.00,0.09,
what can i give my picky dog to eat,,20,,3.59,1.00,
what causes a picky eater,,20,,0.40,0.09,
what causes someone to be a picky eater,,20,,0.00,0.07,
what defines a picky eater,,20,,0.00,0.33,
what do picky dogs eat,,20,,0.00,1.00,
what do picky dogs like to eat,,20,,2.74,1.00,
what do picky eaters eat,,20,,0.00,0.66,
what do picky eaters like to eat,,20,,0.00,0.14,
what do you call a picky eater,,20,,0.00,0.33,
what does a picky eater mean,,20,,0.00,0.33,
what does being a picky eater mean,,20,,0.00,0.02,
what does it mean if your a picky eater,,20,,0.00,0.33,
what does it mean to be a picky eater,,20,,0.00,0.01,
what does picky eater mean,,20,,0.00,0.33,
what dog food will picky dogs eat,,20,,3.12,1.00,
what is a picky eater called,,20,,0.00,0.14,
what is a picky eater definition,,20,,0.00,0.33,
what is considered a picky eater,,20,,0.00,0.33,
what is considered picky eating,,20,,0.00,0.21,
what is extreme picky eating,,20,,0.00,0.35,
what is it called when you are a picky eater,,20,,0.00,0.33,
what is picky eater meaning,,20,,0.00,0.33,
what is picky eating a sign of,,20,,0.00,0.07,
what is the definition of a picky eater,,20,,0.00,0.01,
what is the definition of picky eater,,20,,0.00,0.33,
what is the difference between arfid and picky eating,,20,,0.51,0.33,
what is the difference between picky eating and arfid,,20,,0.00,0.24,
what is the meaning of picky eater,,20,,0.00,0.00,
what is the opposite of a picky eater,,20,,0.00,0.33,
what makes a picky eater,,20,,0.00,0.04,
what makes someone a picky eater,,20,,0.00,0.04,
what should i do if my dog is picky eater,,20,,0.00,0.00,
what should i make for dinner picky eater,,20,,0.25,0.43,
what to cook for a picky eater,,20,,0.16,0.64,
what to do about a picky eater dog,,20,,3.10,1.00,
what to do for a picky eater dog,,20,,3.43,1.00,
what to do for picky eater dogs,,20,,0.00,0.00,
what to do if cat is picky eater,,20,,0.00,1.00,
what to do if dog is a picky eater,,20,,0.00,0.43,
what to do if dog is picky eater,,20,,1.58,1.00,
what to do if my cat is a picky eater,,20,,0.59,0.57,
what to do if my dog is a picky eater,,20,,3.21,1.00,
what to do if my dog is picky eater,,20,,3.01,0.80,
what to do if my puppy is a picky eater,,20,,0.00,1.00,
what to do if you have a picky eater,,20,,0.00,0.33,
what to do if you're a picky eater,,20,,0.00,0.10,
what to do if your cat is a picky eater,,20,,0.00,0.99,
what to do if your dog is a picky eater,,20,,2.30,0.58,
what to do if your dog is picky eater,,20,,3.79,1.00,
what to do if your puppy is a picky eater,,20,,0.00,0.76,
what to do picky eater dog,,20,,0.00,0.00,
what to do when dog is picky eater,,20,,2.79,1.00,
what to do when my dog is a picky eater,,20,,0.00,0.00,
what to do when your cat is a picky eater,,20,,0.98,1.00,
what to do when your dog becomes a picky eater,,20,,1.73,1.00,
what to do when your dog is a picky eater,,20,,2.84,0.90,
what to do with a picky cat eater,,20,,0.00,0.57,
what to do with a picky puppy eater,,20,,0.00,0.00,
what to do with picky eater cat,,20,,0.00,0.48,
what to do with picky eater dog,,20,,3.00,0.99,
what to do with picky eater puppy,,20,,0.00,1.00,
what to eat as a picky eater,,20,,0.36,0.14,
what to eat for dinner for picky eaters,,20,,0.00,0.75,
what to eat for lunch at home for picky eaters,,20,,0.00,0.17,
what to eat for lunch for picky eaters,,20,,0.00,0.33,
what to eat for picky eaters,,20,,0.37,0.33,
what to eat in greece for picky eaters,,20,,0.00,0.33,
what to eat in japan for picky eaters,,20,,0.00,0.33,
what to feed a dog that is a picky eater,,20,,2.90,0.98,
what to feed a picky dog eater,,20,,3.47,0.99,
what to feed a picky dog that won't eat,,20,,0.00,0.99,
what to feed a picky eater,,20,,0.16,0.98,
what to feed a picky eater dog,,20,,2.70,0.99,
what to feed my picky eater dog,,20,,4.15,0.94,
what to feed picky eater dogs,,20,,3.91,1.00,
what to give a picky dog to eat,,20,,2.21,0.96,
what to give a picky eater,,20,,0.66,0.75,
what to give picky dogs to eat,,20,,0.00,0.86,
what to give picky eater dog,,20,,0.00,0.00,
what to pack a picky eater for lunch,,20,,0.00,0.83,
what to pack for lunch for a picky eater,,20,,0.40,0.50,
what to pack for picky eater lunch,,20,,0.00,1.00,
what to pack my picky eater for lunch,,20,,0.00,0.57,
what's a picky eater,,20,,0.00,0.33,
what's picky eater,,20,,0.00,0.33,
what's the difference between arfid and picky eating,,20,,0.58,0.17,
when does picky eating become a disorder,,20,,0.00,0.35,
when does picky eating get better,,20,,0.00,0.06,
when does picky eating improve,,20,,0.00,0.33,
when does picky eating peak,,20,,0.00,0.03,
when is picky eating a disorder,,20,,0.00,0.62,
when is picky eating a problem,,20,,0.22,0.33,
when picky eating becomes a problem,,20,,0.00,0.36,
when to be concerned about picky eating,,20,,0.00,0.23,
when to wonder picky eating,,20,,0.00,0.66,
when your dog is a picky eater,,20,,1.78,1.00,
which of the following statements about picky eating is false,,20,,0.00,0.33,
which statement about picky eating in young childhood is true,,20,,0.00,0.33,
who is a picky eater,,20,,0.00,0.33,
who is picky eater,,20,,0.00,0.33,
why am i becoming a picky eater,,20,,0.00,0.33,
why am i not a picky eater,,20,,0.00,0.33,
why am i picky eater,,20,,0.00,0.03,
why am i such a picky eater as an adult,,20,,0.00,0.02,
why am i suddenly a picky eater,,20,,0.00,0.14,
why am ia picky eater,,20,,0.00,0.33,
why did my dog suddenly become a picky eater,,20,,0.00,0.21,
why did picky piggy eat the smiling critters,,20,,0.00,0.33,
why has my cat become a picky eater,,20,,0.00,0.20,
why has my dog become a picky eater,,20,,1.35,0.48,
why has my dog become picky eater,,20,,0.00,0.64,
why is my cat such a picky eater,,20,,0.00,0.06,
why is my cat suddenly a picky eater,,20,,0.00,0.33,
why is my dog being a picky eater,,20,,1.82,0.63,
why is my dog picky about eating,,20,,0.00,1.00,
why is my dog picky eater,,20,,2.08,0.73,
why is my dog so picky about eating,,20,,1.27,0.86,
why is my dog suddenly a picky eater,,20,,1.67,0.45,
why is my husky a picky eater,,20,,0.00,0.14,
why is my puppy a picky eater,,20,,2.40,0.76,
why is my shih tzu a picky eater,,20,,2.52,0.46,
why my cat is picky eater,,20,,0.00,0.99,
why my dog is a picky eater,,20,,0.71,0.50,
why my dog is picky eater,,20,,0.00,0.71,
why my dog is so picky eater,,20,,0.00,0.93,
will a picky cat eventually eat,,20,,0.00,0.01,
will a picky dog eventually eat,,20,,0.75,0.28,
will a picky eater dog starve,,20,,0.00,0.14,
will my picky dog eventually eat,,20,,0.00,0.38,
will picky dogs eventually eat,,20,,0.00,0.31,
word for picky eater,,20,,0.00,0.33,
yorkie picky eater,,20,,4.17,0.99,
zinc and picky eating,,20,,0.00,0.33,
zinc deficiency and picky eating,,20,,0.00,0.11,
zinc deficiency picky eating,,20,,0.00,0.33,
/overview affordable picky eating specialists near me,,10,,0.00,0.00,
/overview most effective picky eating therapy options comparison,,10,,0.00,0.00,
/search most effective picky eating therapy options comparison,,10,,0.00,0.00,
19 month old picky eating,,10,,1.52,0.00,
2.5 year old picky eater,,10,,0.00,0.00,
4 year old extremely picky eater,,10,,0.00,0.00,
4 year old suddenly picky eater,,10,,0.00,0.00,
6 year old picky eater,,10,,0.00,0.00,
7 day picky eater reset,,10,,0.00,0.00,
7 day picky eater reset pdf,,10,,0.00,0.00,
7 year old picky eater,,10,,0.00,0.00,
8 year old picky eater,,10,,0.00,0.00,
aap guidelines picky eating toddlers,,10,,0.00,0.00,
aap healthychildren picky eating toddlers mealtime battles guidance,,10,,0.00,0.00,
aap hiding vegetables picky eater advice,,10,,0.00,0.00,
aap picky eater,,10,,0.00,0.00,
aap picky eating fewer than 10 foods,,10,,0.00,0.00,
aap picky eating repeated exposure 10 15 times toddlers,,10,,0.00,0.00,
aap toddler picky eating repeated exposure 10 to 15 times,,10,,0.00,0.00,
adult picky eating disorder,,10,,0.00,0.00,
affordable picky eating specialists near me,,10,,0.00,0.00,
am ia picky eater test,,10,,0.00,0.33,
american academy of pediatrics guidelines picky eating toddlers,,10,,0.00,0.00,
american academy of pediatrics picky eating advice,,10,,0.00,0.00,
american academy of pediatrics picky eating guidelines,,10,,0.00,0.00,
american academy of pediatrics picky eating toddler guidelines,,10,,0.00,0.00,
american academy of pediatrics picky eating toddlers,,10,,0.00,0.00,
arfid picky eating,,10,,1.83,0.25,
arfid vs normal picky eating,,10,,0.00,0.00,
arfid vs picky eater,,10,,0.40,0.20,
arfid vs picky eating autism,,10,,0.00,0.00,
arfid vs. picky eating,,10,,0.40,0.20,
arti picky eater,,10,,0.00,0.33,
autism and picky eating adults,,10,,0.00,0.00,
autistic child picky eater,,10,,0.00,0.00,
baby picky eater 1 year-old,,10,,0.00,0.00,
bernedoodle picky eater,,10,,0.00,0.57,
best alternative nutrition options for picky eater kids,,10,,0.00,0.00,
best cat food for a picky eater,,10,,1.43,1.00,
best diet for a picky eater,,10,,1.38,0.83,
best dog food for picky eater chihuahua,,10,,0.00,0.00,
best feeding therapy providers for picky eating australia,,10,,0.00,0.00,
best food for picky eater dog,,10,,7.34,1.00,
best multivitamin for kids picky eater,,10,,0.00,0.00,
better bites picky eating course,,10,,0.00,0.00,
book picky eater,,10,,0.13,0.57,
breakfast for picky eater,,10,,0.24,0.81,
breakfast ideas for a picky eater,,10,,0.00,0.47,
breaking free of picky eating,,10,,0.74,0.25,
buzzfeed how much of a picky eater are you,,10,,0.00,0.00,
buzzfeed picky eater checklist quiz,,10,,0.00,0.33,
canadian paediatric society picky eating toddlers division of responsibility,,10,,0.00,0.00,
canadian paediatric society picky eating toddlers mealtime battles,,10,,0.00,0.00,
cause of picky eating,,10,,0.19,0.06,
ccmc picky eating clinic,,10,,0.00,0.00,
cdc picky eater when to talk to doctor toddler,,10,,0.00,0.00,
cdc toddler mealtime picky eating guidance,,10,,0.00,0.00,
childhood adhd picky eating,,10,,0.00,0.00,
choosing baby food variety pack for picky eater,,10,,0.00,0.00,
compare the prices of picky eater nutrition supplements,,10,,0.00,0.00,
coping with a picky eater,,10,,0.00,0.29,
creative ways to get picky eaters to eat,,10,,0.00,0.33,
diet plan for a picky eater,,10,,2.14,0.99,
dinner for picky eater,,10,,0.14,0.60,
dinner idea picky eater,,10,,0.14,0.60,
does wet food help picky eaters eat more consistently,,10,,0.00,0.00,
dog food subscriptions for picky eater dogs,,10,,0.00,0.00,
dog is picky and won't eat,,10,,0.00,1.00,
dog picky eater won't eat,,10,,0.00,0.91,
dog suddenly picky eater,,10,,0.93,0.29,
dog won't eat picky eater,,10,,0.00,0.76,
don't be a picky eater,,10,,0.00,0.33,
easy dinner for picky eater,,10,,0.15,0.59,
easy dinner ideas for a picky eater,,10,,0.41,0.51,
eating disorder that makes you picky,,10,,0.00,0.00,
eating healthy for picky adults,,10,,0.00,0.00,
effect picky eater,,10,,0.00,0.00,
evidence-based strategies for picky eating in children,,10,,0.00,0.00,
extreme picky eater disorder,,10,,1.69,0.33,
extreme picky eating toddler,,10,,0.00,0.00,
extremely picky eater 5 year old,,10,,0.00,0.00,
extremely picky eater adults,,10,,0.00,0.00,
extremely picky eater diet,,10,,0.00,0.00,
feeding a picky eater,,10,,1.55,0.51,
flintstone picky eater,,10,,0.47,1.00,
food for a picky eater,,10,,0.32,0.63,
food ideas for 1 year old picky eater,,10,,0.00,0.00,
food picky eaters won't eat,,10,,0.00,0.33,
food to eat for picky eaters,,10,,0.38,0.41,
food to eat in japan for picky eaters,,10,,0.00,0.33,
foods for picky eater dogs,,10,,6.75,1.00,
foods for picky toddlers to eat,,10,,0.00,0.00,
foods picky eaters don't eat,,10,,0.00,0.04,
foods picky toddlers will eat,,10,,0.00,0.00,
foods to eat after wisdom teeth removal for picky eaters,,10,,0.00,0.06,
for a picky eater,,10,,0.00,0.33,
for picky eater,,10,,0.00,0.02,
formula milk for picky eater,,10,,0.00,0.33,
funny picky eater memes,,10,,0.00,0.00,
healthy children picky eater,,10,,0.00,0.00,
healthy children picky eating,,10,,0.00,0.00,
healthy diet for picky eater,,10,,0.99,0.76,
healthy dinner picky eater,,10,,0.34,0.57,
healthy eating for picky toddlers,,10,,0.00,0.00,
healthy eating plans for picky eaters,,10,,0.00,0.00,
healthy food for a picky eater,,10,,0.53,0.79,
healthy food picky eater,,10,,0.53,0.79,
healthy food to eat for picky eaters,,10,,0.53,0.76,
healthy meals for a picky eater,,10,,0.53,0.79,
healthy recipes for a picky eater,,10,,0.53,0.79,
healthy snacks for a picky eater,,10,,0.54,0.90,
healthychildren.org picky eating,,10,,0.00,0.10,
helping your child with extreme picky eating,,10,,0.00,0.00,
high protein picky eater meals,,10,,0.00,0.66,
how much are you a picky eater,,10,,0.00,0.00,
how much of a picky eater am i,,10,,0.00,0.00,
how much of a picky eater are you buzzfeed,,10,,0.00,0.00,
how to avoid picky eating,,10,,0.00,0.22,
how to be less picky eater,,10,,0.00,0.00,
how to choose valentine's day chocolate gift for picky eater,,10,,0.00,0.00,
how to cure picky eating,,10,,0.00,0.33,
how to deal with a picky dog eater,,10,,2.77,0.97,
how to deal with a picky eater teenager,,10,,0.00,0.00,
how to deal with picky eater kids,,10,,0.00,0.00,
how to eat healthy when you're super picky,,10,,0.00,0.86,
how to encourage picky dog to eat new foods tips,,10,,0.00,0.00,
how to ensure picky eater child gets all nutrients,,10,,0.00,0.00,
how to fix picky eating dog,,10,,2.67,0.99,
how to fix picky eating toddler,,10,,0.00,0.00,
how to gain muscle as a picky eater,,10,,0.00,0.00,
how to get a picky eater to eat vegetables,,10,,0.86,0.90,
how to get a picky kid to eat,,10,,0.00,0.00,
how to get a picky old dog to eat,,10,,0.00,0.00,
how to get a picky toddler to eat different foods,,10,,0.00,0.00,
how to get picky cat to eat new food,,10,,0.00,0.00,
how to get picky dogs to eat dog food,,10,,0.00,0.93,
how to get picky dogs to eat their food,,10,,0.00,1.00,
how to get picky kids to eat,,10,,0.00,0.00,
how to get picky toddlers to eat,,10,,0.00,0.00,
how to get your picky toddler to eat,,10,,0.00,0.00,
how to handle picky eater toddler,,10,,0.00,0.00,
how to handle picky toddler eater,,10,,0.00,0.00,
how to help a picky eater child,,10,,0.00,0.00,
how to help a picky eater toddler,,10,,0.00,0.00,
how to help a picky toddler eat,,10,,0.00,0.00,
how to help picky eater,,10,,0.54,0.76,
how to help picky eater gain weight,,10,,1.02,1.00,
how to help picky eater toddler,,10,,0.00,0.00,
how to help picky eaters eat healthy,,10,,0.00,0.33,
how to help picky eating cat,,10,,0.00,0.00,
how to help picky toddler eat,,10,,0.00,0.00,
how to make picky eaters eat,,10,,0.20,0.66,
how to make your kid not a picky eater,,10,,0.00,0.00,
how to make your picky dog eat,,10,,0.00,0.00,
how to please a picky eater,,10,,0.00,0.33,
how to reverse picky eating in toddlers,,10,,0.00,0.00,
how to start eating vegetables as a picky eater,,10,,3.30,0.33,
how to stop being picky eater,,10,,0.75,0.08,
how to stop picky eating in kids,,10,,0.00,0.00,
how to teach picky eater to eat,,10,,0.00,0.00,
how to tell if you're a picky eater,,10,,0.00,0.33,
hypnotherapy for picky eating,,10,,0.00,0.00,
i want to eat healthy but i'm a picky eater,,10,,0.00,0.00,
icd10 picky eater,,10,,0.00,0.33,
iron rich foods picky eater,,10,,0.00,0.00,
is a picky eater a sign of autism,,10,,0.00,0.00,
is arfid real or just picky eating,,10,,0.68,0.13,
is gordon ramsay a picky eater,,10,,0.00,0.33,
is my dog a picky eater,,10,,3.76,0.96,
is picky eating an eating disorder,,10,,0.00,0.00,
keto diet for a picky eater,,10,,0.00,0.00,
lil yachty picky eater,,10,,0.00,0.33,
list of foods picky eaters won't eat,,10,,0.00,0.27,
lunch ideas for a picky eater,,10,,0.40,0.93,
lunch ideas for picky eater,,10,,0.40,0.93,
meal ideas for a picky eater,,10,,0.39,0.66,
meal plan for a picky eater,,10,,0.00,0.99,
meals for picky eater,,10,,0.29,0.68,
meals picky eaters actually eat,,10,,0.00,0.00,
meals picky eaters will actually eat,,10,,0.00,0.00,
most effective picky eating therapy options,,10,,0.00,0.00,
my cat is picky and won't eat,,10,,0.00,0.86,
my dog became a picky eater,,10,,0.00,0.00,
my dog is a picky eater help,,10,,0.00,0.00,
my dog is a really picky eater,,10,,4.68,0.98,
my dog is a very picky eater,,10,,3.91,1.00,
my dog is being picky and won't eat,,10,,0.00,0.99,
my dog picky eater,,10,,3.76,0.96,
my old cat is getting picky with what they eat,,10,,0.00,0.00,
my picky cat stopped eating,,10,,0.00,0.00,
my picky dog will not eat,,10,,0.00,0.00,
my picky eater won't eat,,10,,0.00,1.00,
nhs picky eating toddlers advice mealtime battles,,10,,0.00,0.00,
no cry picky eater solution,,10,,0.00,0.33,
no she's not just a picky eater,,10,,0.00,0.00,
non picky eater foods,,10,,0.00,0.33,
not a picky eater crossword,,10,,0.00,0.33,
occupational therapy for picky eating,,10,,0.00,0.00,
occupational therapy picky eating,,10,,0.00,0.00,
older dog picky eater,,10,,3.44,0.99,
papillon picky eater,,10,,0.00,0.14,
ph picky eater test,,10,,0.00,0.00,
picky 10 month old eater,,10,,2.20,0.60,
picky 12 month old eater,,10,,2.42,0.52,
picky 2 year old eater,,10,,0.00,0.00,
picky 3 year old eater,,10,,0.00,0.00,
picky 4 year old eater,,10,,0.00,0.00,
picky cat won't eat food,,10,,0.00,0.00,
picky dog eater what to do,,10,,3.64,1.00,
picky dog won t eat,,10,,2.61,0.99,
picky dog won't eat anything,,10,,0.00,1.00,
picky dog won't eat dog food,,10,,0.00,1.00,
picky dog won't eat dry food,,10,,0.00,0.29,
picky dog won't eat food,,10,,0.00,1.00,
picky dog won't eat kibble,,10,,0.00,0.99,
picky dog wont eat,,10,,3.33,0.99,
picky eater 1 year old,,10,,0.00,0.00,
picky eater 15 months,,10,,0.00,0.21,
picky eater 3 year old,,10,,0.00,0.00,
picky eater 5 year old,,10,,0.00,0.00,
picky eater and autism,,10,,1.60,0.17,
picky eater approved recipes,,10,,0.13,0.33,
picky eater augment bo6,,10,,0.00,0.00,
picky eater autism child,,10,,0.00,0.00,
picky eater board game,,10,,0.00,0.01,
picky eater charcuterie board,,10,,0.00,0.66,
picky eater child,,10,,0.00,0.00,
picky eater child solutions,,10,,0.00,0.00,
picky eater crock pot meals,,10,,0.12,0.66,
picky eater diet plan,,10,,2.14,0.97,
picky eater dinner ideas for kids,,10,,0.00,0.00,
picky eater dinner ideas healthy,,10,,0.45,0.54,
picky eater dinner ideas kid friendly,,10,,0.00,0.00,
picky eater dog won't eat,,10,,0.00,0.00,
picky eater foods list,,10,,0.55,0.90,
picky eater friendly dinner ideas,,10,,0.14,0.55,
picky eater genetic,,10,,0.00,0.33,
picky eater healthy recipes,,10,,0.53,0.79,
picky eater how to fix,,10,,0.00,0.32,
picky eater ideas,,10,,0.19,0.83,
picky eater is,,10,,0.00,0.00,
picky eater journal,,10,,0.00,1.00,
picky eater keramik,,10,,0.00,0.33,
picky eater kids dinner ideas,,10,,0.00,0.00,
picky eater kids supplement,,10,,0.00,0.00,
picky eater kids vitamins,,10,,0.00,0.00,
picky eater low carb diet,,10,,0.00,0.36,
picky eater lunch box recipes,,10,,0.00,0.00,
picky eater lunch ideas for kids,,10,,0.00,0.00,
picky eater lunch toddler,,10,,0.00,0.00,
picky eater meals for kids,,10,,0.00,0.00,
picky eater meaning in arabic,,10,,0.00,0.33,
picky eater meaning in tagalog,,10,,0.00,0.33,
picky eater meaning in tamil,,10,,0.00,0.33,
picky eater memes,,10,,0.00,0.33,
picky eater menu,,10,,0.43,0.77,
picky eater milk powder,,10,,0.00,0.00,
picky eater nutritionist,,10,,5.18,0.44,
picky eater pasta recipes,,10,,0.00,0.33,
picky eater plates,,10,,0.32,0.75,
picky eater pronunciation,,10,,0.00,0.33,
picky eater puppy,,10,,2.97,1.00,
picky eater recipes for adults,,10,,0.29,0.36,
picky eater recipes kids,,10,,0.00,0.00,
picky eater recipes toddler,,10,,0.00,0.00,
picky eater rezepte,,10,,0.00,0.00,
picky eater school lunch,,10,,0.00,0.00,
picky eater small dog,,10,,0.00,0.00,
picky eater soup recipes,,10,,0.00,0.33,
picky eater strategies,,10,,0.55,0.37,
picky eater syndrome name,,10,,0.19,0.18,
picky eater test cross out what you don't eat,,10,,0.00,0.33,
picky eater test instagram,,10,,0.00,0.00,
picky eater test toddler,,10,,0.00,0.00,
picky eater test twitter,,10,,0.00,0.00,
picky eater toddler food ideas,,10,,0.00,0.00,
picky eater toddler help,,10,,0.00,0.00,
picky eater toddler lunch ideas,,10,,0.00,0.00,
picky eater toddler meal ideas,,10,,0.00,0.00,
picky eater tradução,,10,,0.00,0.00,
picky eater vegetarian recipes,,10,,0.16,0.77,
picky eater with autism,,10,,0.00,0.21,
picky eater 日本語,,10,,0.00,0.33,
picky eating 15 month old,,10,,2.38,0.61,
picky eating 18 months,,10,,1.20,0.85,
picky eating 4 year old,,10,,0.00,0.00,
picky eating adulthood,,10,,1.32,0.04,
picky eating clipart,,10,,0.00,0.33,
picky eating definition,,10,,0.00,0.01,
picky eating diagnosis,,10,,1.49,0.33,
picky eating disorders,,10,,0.00,0.00,
picky eating handout,,10,,0.00,0.04,
picky eating healthy children,,10,,0.00,0.00,
picky eating help,,10,,3.76,0.78,
picky eating in kids,,10,,0.00,0.00,
picky eating in toddlers,,10,,0.00,0.00,
picky eating in young children,,10,,0.00,0.00,
picky eating meaning,,10,,0.00,0.33,
picky eating occupational therapy,,10,,0.00,0.00,
picky eating or arfid,,10,,0.68,0.40,
picky eating program,,10,,3.35,0.55,
picky eating puppy,,10,,2.97,1.00,
picky eating solutions,,10,,1.36,0.99,
picky eating solutions for kids,,10,,0.00,0.00,
picky eating strategies,,10,,0.55,0.37,
picky eating study,,10,,0.00,0.05,
picky eating teenager,,10,,0.54,0.15,
picky eating toddlers,,10,,0.00,0.00,
picky eats,,10,,0.00,0.01,
picky otters eat breakfast with dad,,10,,0.00,0.00,
picky puppy won't eat kibble,,10,,0.00,1.00,
picky shih tzu eater,,10,,3.67,1.00,
picky toddler eater,,10,,0.00,0.00,
picky toddler eating,,10,,0.00,0.00,
picky yorkie eater,,10,,4.19,1.00,
picky-eater-friendly nutrition products easy to prepare,,10,,0.00,0.00,
puppy is a picky eater,,10,,2.97,1.00,
quick dinner for picky eater,,10,,0.14,0.70,
reasons for picky eating,,10,,0.39,0.15,
reasons for picky eating in children,,10,,0.00,0.00,
recipes for picky eater,,10,,0.29,0.68,
recipes picky kids will eat,,10,,0.00,0.00,
reddit picky eater,,10,,0.00,0.33,
renzo's picky eater kids multivitamin product info and reviews,,10,,0.00,0.00,
renzo's picky eater kids multivitamin reviews,,10,,0.00,0.00,
renzo's picky eater kids multivitamin with iron ingredients,,10,,0.00,0.00,
renzo's picky eater multi ingredients,,10,,0.00,0.00,
renzo's picky eater multi with iron melt-in-mouth,,10,,0.00,0.00,
renzo's picky eater multivitamin ingredients,,10,,0.00,0.00,
renzo's picky eater multivitamin product page,,10,,0.00,0.00,
renzo's picky eater multivitamin reviews,,10,,2.45,1.00,
renzos picky eater multivitamin,,10,,2.03,1.00,
reversing picky eating,,10,,1.31,0.58,
school lunch ideas for picky eater,,10,,0.00,0.00,
sensory integration therapy for picky eating in asd children,,10,,0.00,0.00,
severe picky eating disorder,,10,,0.00,0.00,
speech therapy for picky eating and feeding issues,,10,,0.00,0.00,
supplement for picky eater kids,,10,,0.00,0.00,
table talk picky eating program,,10,,0.00,0.21,
the french rule that ends picky eating,,10,,0.00,0.33,
the good dinosaur picky eater,,10,,0.00,0.33,
the immunology that underlies picky eating,,10,,0.00,0.33,
things picky eaters won't eat,,10,,0.00,0.33,
toddler breakfast ideas picky eater,,10,,0.00,0.00,
toddler dinner ideas picky eater,,10,,0.00,0.00,
toddler is a picky eater,,10,,0.00,0.00,
toddler lunch ideas picky eater,,10,,0.00,0.00,
toddler picky eater recipes,,10,,0.00,0.00,
toddler picky eating phase,,10,,0.00,0.00,
toddler picky eating tips,,10,,0.00,0.00,
toddler suddenly picky eater,,10,,0.00,0.00,
toddler very picky eater,,10,,0.00,0.00,
two year old picky eater,,10,,0.00,0.00,
vitamin for picky eater toddler,,10,,0.00,0.00,
vitamins for 2 year old picky eater,,10,,0.00,0.00,
vitamins for picky eater dog,,10,,2.42,0.00,
vitamins for picky eater kids,,10,,0.00,0.00,
was ist ein picky eater,,10,,0.00,0.33,
wet cat food for picky eater,,10,,1.84,0.29,
what are some strategies for dealing with a picky eater,,10,,0.00,0.33,
what do picky kids like to eat,,10,,0.00,0.00,
what is a picky eater adult,,10,,0.00,0.33,
what is picky eater,,10,,0.00,0.33,
what is the best dog food for a picky eater,,10,,4.42,0.99,
what to feed picky eater dog,,10,,3.25,0.99,
what to make for dinner for a picky eater,,10,,0.27,0.63,
when do kids grow out of picky eating,,10,,0.00,0.00,
when does the picky eating phase end,,10,,0.00,0.33,
you re not a picky eater,,10,,0.00,0.33,
you're not a picky eater,,10,,0.00,0.33,
you're not a picky eater if you're 600 pounds,,10,,0.00,0.33,
your picky eater,,10,,0.00,0.07,
挑食 picky eater,,10,,0.00,0.33,
/overview best picky eating prevention programs for toddlers 2025,,0,,0.00,0.00,
/overview picky eater multivitamin with iron,,0,,0.00,0.00,
/overwrite-overview most effective picky eating therapy options comparison,,0,,0.00,0.00,
/search affordable picky eating specialists near me,,0,,0.00,0.00,
1 1 2 year old picky eater,,0,,0.00,0.00,
1 1/2 year old picky eater,,0,,0.00,0.00,
1 year old baby picky eater,,0,,0.00,0.00,
1 year old becoming picky eater,,0,,0.00,0.00,
1 year old is a picky eater,,0,,0.00,0.00,
1 year old is picky eater,,0,,0.00,0.00,
1 year old suddenly picky eater,,0,,0.00,0.00,
1 year old super picky eater,,0,,0.00,0.00,
1 year old toddler picky eater,,0,,0.00,0.00,
1 year old very picky eater,,0,,0.00,0.00,
1-year old picky eater food ideas,,0,,0.00,0.00,
1.5 year old picky eater,,0,,0.00,0.00,
10 month old baby picky eater,,0,,0.00,0.00,
10 month old became picky eater,,0,,0.00,0.00,
10 month old becoming picky eater,,0,,0.00,0.08,
10 month old has become a picky eater,,0,,0.00,0.00,
10 months old and already a picky eater,,0,,0.00,0.00,
10 ways to feed a baby thats a picky eater,,0,,0.00,0.00,
10 year old boy picky eater,,0,,0.00,0.00,
10 year old picky eater,,0,,0.00,0.00,
10yr old girl picky eater,,0,,0.00,0.00,
10yr old picky eater,,0,,0.00,0.00,
11 month old baby picky eater,,0,,0.00,0.00,
11 month old becoming picky eater,,0,,0.00,0.00,
11 month old picky eater recipes,,0,,0.00,0.00,
11 month old suddenly picky eater,,0,,0.00,0.00,
11 month old super picky eater,,0,,0.00,0.00,
11 year old extremely picky eater,,0,,0.00,0.00,
11 year old picky eater,,0,,0.00,0.00,
12 month old baby picky eater,,0,,0.00,0.00,
12 month old has become a picky eater,,0,,0.00,0.00,
12 month old is super picky eater,,0,,0.00,0.00,
12 month old very picky eater,,0,,0.00,0.00,
12 year old boy picky eater,,0,,0.00,0.00,
12 year old picky eater,,0,,0.00,0.00,
12 year old still a picky eater,,0,,0.00,0.00,
12-year-old picky eater doesn't sleep well,,0,,0.00,0.00,
13 month old becoming picky eater,,0,,0.00,0.33,
13 month old picky eater all of a sudden,,0,,0.00,0.00,
13 month old very picky eater,,0,,0.00,0.00,
13 year old picky eater,,0,,0.00,0.00,
14 month old baby and being picky eater,,0,,0.00,0.00,
14 month old extremely picky eater,,0,,0.00,0.00,
14 month old picky eating,,0,,2.22,0.43,
14 month picky eater,,0,,0.00,0.00,
14 year old picky eater,,0,,0.00,0.00,
1400 calorie meal plan picky eater vegan,,0,,0.00,0.00,
15 month old dropping weight bc shes a picky eater,,0,,0.00,0.00,
15 month old picky eating,,0,,1.78,0.41,
15 month picky eater,,0,,0.00,0.00,
16 month old baby picky eater,,0,,0.00,0.00,
16 month picky eater,,0,,0.00,0.00,
16 year old picky eater,,0,,0.00,0.00,
17 month old baby picky eater,,0,,0.00,0.00,
17 month old becoming picky eater,,0,,0.00,0.00,
17 month old boy picky eater,,0,,0.00,0.00,
17 month old is a picky eater,,0,,0.00,0.00,
17 month old sudden food pickiness and less eating,,0,,0.00,0.00,
17 month old suddenly picky eater,,0,,0.00,0.00,
17 year old picky eater,,0,,0.00,0.00,
18 month old baby picky eater,,0,,0.00,0.00,
18 month old has become a picky eater,,0,,0.00,0.00,
18 month old is a picky eater,,0,,0.00,0.00,
18 month old picky eating,,0,,0.62,0.42,
18 months baby picky eater,,0,,0.00,0.00,
18 months extremely picky eater,,0,,0.00,0.00,
18 months old picky eater,,0,,0.00,0.00,
18 months picky eater,,0,,0.00,0.00,
18 months picky eating,,0,,0.00,0.00,
2 year old baby picky eater,,0,,0.00,0.00,
2 year old becoming picky eater,,0,,0.00,0.00,
2 year old boy picky eater,,0,,0.00,0.00,
2 year old extremely picky eater,,0,,0.00,0.00,
2 year old is a picky eater,,0,,0.00,0.00,
2 year old is picky eater,,0,,0.00,0.00,
2 year old is very picky eater,,0,,0.00,0.00,
2 year old picky eater ideas,,0,,0.00,0.00,
2 year old picky eater not gaining weight,,0,,0.00,0.00,
2 year old picky eater reddit,,0,,0.00,0.00,
2 year old picky eating,,0,,0.00,0.00,
2 year old suddenly picky eater,,0,,0.00,0.00,
2 year old super picky eater,,0,,0.00,0.00,
2 year old toddler picky eater,,0,,0.00,0.00,
2 year old very picky eater,,0,,0.00,0.00,
2 year-old picky eater recipes,,0,,0.00,0.00,
2 yearold picky eater recipes,,0,,0.00,0.00,
2 years old picky eater,,0,,0.00,0.00,
2-year-old picky eater not gaining weight,,0,,0.00,0.00,
2.5 year old picky eating,,0,,0.00,0.00,
20 month old becoming picky eater,,0,,0.00,0.00,
20 month old picky eating,,0,,0.00,0.00,
20 month old suddenly picky eater,,0,,0.00,0.00,
20 month old very picky eater,,0,,0.00,0.00,
20 months old picky eater,,0,,0.00,0.00,
2018 best dog food for picky eater,,0,,0.00,0.00,
21 day fix eating plan for picky eaters,,0,,0.00,0.00,
21 day fix picky eater,,0,,0.00,0.00,
21 month old suddenly picky eater,,0,,0.00,0.00,
21 month old very picky eater,,0,,0.00,0.00,
22 month old not earing picky eating,,0,,0.00,0.00,
24 dinner ideas your picky eater pure wow,,0,,0.00,0.00,
24 year old picky eater,,0,,0.00,0.00,
27 year old picky eater,,0,,0.00,0.00,
27 year old picky eater meme,,0,,0.00,0.00,
27 yr old picky eater,,0,,0.00,0.00,
27 yr old picky eater meme,,0,,0.00,0.00,
2yr old picky eater,,0,,0.00,0.00,
3 1 2 year old picky eater,,0,,0.00,0.00,
3 1/2 year old picky eater,,0,,0.00,0.00,
3 keys to finally turn your picky eater around,,0,,0.00,0.00,
3 month old picky about eating,,0,,0.00,0.00,
3 picky eater strategies that work,,0,,0.00,0.00,
3 year old all of a sudden picky eater,,0,,0.00,0.00,
3 year old becoming picky eater,,0,,0.00,0.00,
3 year old boy picky eater,,0,,0.00,0.00,
3 year old extremely picky eater,,0,,0.00,0.00,
3 year old is very picky eater,,0,,0.00,0.00,
3 year old picky eater ideas,,0,,0.00,0.00,
3 year old picky eater phase,,0,,0.00,0.00,
3 year old picky eater recipes,,0,,0.00,0.00,
3 year old picky eater reddit,,0,,0.00,0.00,
3 year old picky eating,,0,,0.00,0.00,
3 year old suddenly picky eater,,0,,0.00,0.00,
3 year old super picky eater,,0,,0.00,0.00,
3 year old very picky eater,,0,,0.00,0.00,
3 yeard old picky eater,,0,,0.00,0.00,
3 years old picky eater,,0,,0.00,0.00,
3 years old toddler picky eater,,0,,0.00,0.00,
3.5 year old suddenly picky eater,,0,,0.00,0.00,
4 months baby picky eater,,0,,0.00,0.00,
4 year il picky eater,,0,,0.00,0.00,
4 year old boy picky eater,,0,,0.00,0.00,
4 year old picky eater recipes,,0,,0.00,0.00,
4 year old tired pale picky eater,,0,,0.00,0.00,
4 year old very picky eater,,0,,0.00,0.00,
5 day picky eating reset guide for parents,,0,,0.00,0.00,
5 year old all of a sudden picky eater,,0,,0.00,0.00,
5 year old becoming picky eater,,0,,0.00,0.00,
5 year old boy picky eater,,0,,0.00,0.00,
5 year old extremely picky eater,,0,,0.00,0.00,
5 year old get picky eater,,0,,0.00,0.00,
5 year old picky eater complains of fear of vomiting,,0,,0.00,0.00,
5 year old picky eater recipes,,0,,0.00,0.00,
5 year old picky eating,,0,,0.00,0.00,
5 year old suddenly picky eater,,0,,0.00,0.00,
5 year old very picky eater,,0,,0.00,0.00,
5 yr old picky eater,,0,,0.00,0.00,
5 yr old picky eating,,0,,0.00,0.00,
5-day picky eating reset guide for parents,,0,,0.00,0.00,
5-year old picky eater,,0,,0.00,0.00,
5-year old picky eater recipes,,0,,0.00,0.00,
5year old picky eater recipes,,0,,0.00,0.00,
6 month old baby picky eater,,0,,0.00,0.00,
6 words that will end picky eating,,0,,0.00,0.00,
6 year old becoming picky eater,,0,,0.00,0.00,
6 year old is a picky eater,,0,,0.00,0.00,
6 year old picky eater recipes,,0,,0.00,0.00,
6 year old very picky eater,,0,,0.00,0.00,
7 month old baby picky eater,,0,,0.00,0.00,
7 year old extremely picky eater,,0,,0.00,0.00,
7 year old picky breakfast eater,,0,,0.00,0.00,
7 year old picky eater help,,0,,0.00,0.00,
7 year old picky eater low bmi,,0,,0.00,0.00,
7 year old picky eater sinus infrction wont eat,,0,,0.00,0.00,
7 year picky eater,,0,,0.00,0.00,
7 year-old picky eater,,0,,0.00,0.00,
70 dinners to make for your picky eater,,0,,0.00,0.00,
8 month old baby picky eater,,0,,0.00,0.00,
8 month old is all the sudden a picky eater,,0,,0.00,0.00,
8 year old boy picky eater,,0,,0.00,0.00,
8 year old extremely picky eater,,0,,0.00,0.00,
8 year old picky eater dietary recommendations,,0,,0.00,0.00,
8 year old very picky eater,,0,,0.00,0.00,
8-9 year old picky eater,,0,,0.00,0.00,
9 month old becoming picky eater,,0,,0.00,0.00,
9 month old suddenly picky eater,,0,,0.00,0.00,
9 year old picky eater,,0,,0.00,0.00,
9 year old picky eater all of a sudden,,0,,0.00,0.00,
9 year-old picky eater,,0,,0.00,0.00,
a diet for picky eating kids,,0,,0.00,0.00,
a family of picky eaters wants to start eating healthy,,0,,0.00,0.00,
a famous picky eater,,0,,0.00,0.00,
a healthy cat food my picky cat will eat,,0,,0.00,0.00,
a helping your child with extreme picky eating,,0,,0.00,0.00,
a kid thats a really picky eater,,0,,0.00,0.00,
a kid thats a really picky eater drinkd alot,,0,,0.00,0.00,
a picky eat invited to dinner,,0,,0.00,0.00,
a picky eater blog,,0,,0.00,0.00,
a picky eater definition,,0,,0.00,0.00,
a picky eater dog,,0,,0.00,0.00,
a picky eater in french,,0,,0.00,0.00,
a picky eater starting school,,0,,0.00,0.00,
a picky eater synonym,,0,,0.00,0.00,
a picky eater toddler,,0,,0.00,0.00,
aap guidelines picky eating toddlers mealtime battles,,0,,0.00,0.00,
aap healthychildren picky eating toddlers repeated exposure 10 15 times,,0,,0.00,0.00,
aap hidden vegetables picky eater advice,,0,,0.00,0.00,
aap hide vegetables in food picky eater advice,,0,,0.00,0.00,
aap picky eater book,,0,,0.00,0.00,
aap picky eater toddler advice,,0,,0.00,0.00,
aap picky eating repeated exposure 10 15 times new food,,0,,0.00,0.00,
aap picky eating repeated exposure how many times 10 15,,0,,0.00,0.00,
aap picky eating toddler repeated exposure 10 to 15 times,,0,,0.00,0.00,
aap red flags of picky eating slowed growth,,0,,0.00,0.00,
aap trick for picky eater,,0,,0.00,0.00,
aba picky eater,,0,,0.00,0.00,
abc news picky eater,,0,,0.00,0.00,
add this and your picky dog to eat dry food,,0,,0.00,0.00,
addressing picky eating,,0,,0.00,0.00,
adhd and picky eating kids,,0,,0.00,0.00,
adhd child picky eater,,0,,0.00,0.00,
adhd kids and picky eating,,0,,0.00,0.00,
adhd picky eating kids,,0,,0.00,0.00,
adhd symptoms picky eater,,0,,0.00,0.00,
adorable polite picky eater,,0,,0.00,0.00,
adult cooking how to help a picky eater,,0,,0.00,0.00,
adult picky eater can starve,,0,,0.00,0.00,
adult picky eater freaker eater full,,0,,0.00,0.00,
adult picky eater freaky eater full,,0,,0.00,0.00,
adult picky eater lunch ideas,,0,,0.00,0.00,
adult picky eater meme,,0,,0.00,0.00,
adult picky eater quiz,,0,,0.00,0.00,
adult picky eater recipe,,0,,0.00,0.00,
adult picky eater recoveryu,,0,,0.00,0.00,
adult picky eater reddit,,0,,0.00,0.33,
adult picky eater strategies,,0,,0.00,0.00,
adult picky eater with texture issues,,0,,0.00,0.00,
adult picky eating,,0,,1.32,0.04,
adult picky eating august 2015,,0,,0.00,0.00,
adult picky eating how things work,,0,,0.00,0.00,
adult picky eating jordan ellis,,0,,0.00,0.00,
adult picky eating strategies,,0,,0.00,0.00,
adult that eats like a child picky eating,,0,,0.00,0.00,
adult tongue tie and picky eating,,0,,0.00,0.00,
adults being picky eater pic,,0,,0.00,0.00,
adults being picky eater twitter post,,0,,0.00,0.00,
afred picky eater,,0,,0.00,0.00,
african grey really picky eater,,0,,0.00,0.00,
age of picky eater,,0,,0.00,0.00,
aha parenting picky eater,,0,,0.00,0.00,
ahs picky eating,,0,,0.00,0.00,
akita picky eater,,0,,0.00,0.00,
alaskan malamute being picky eater,,0,,0.00,0.00,
alaskan malamute is very picky eater,,0,,0.00,0.00,
alaskan malamute picky eater,,0,,0.00,0.00,
alex larson nutrition extreme picky eating,,0,,0.00,0.00,
alfie picky eater,,0,,0.00,0.00,
ali picky eater,,0,,0.00,0.00,
all 30 for the picky eater,,0,,0.00,0.00,
allergy where you are a picky eater,,0,,0.00,0.00,
almost 2 year old picky eater,,0,,0.00,0.00,
alyssa miller picky eater,,0,,0.00,0.10,
alyssa miller rd nutrition for littles picky eating,,0,,0.00,0.00,
am i a picky eater buzzfeed,,0,,0.00,0.00,
am i a picky eater list,,0,,0.00,0.00,
am i a picky eater or eating disorder,,0,,0.00,0.00,
am i a picky eater or eating disorder quiz,,0,,0.00,0.00,
am i a picky eater quiz buzzfeed,,0,,0.00,0.00,
am i a picky eater test,,0,,0.00,0.33,
am i picky eater test,,0,,0.00,0.00,
am i the asshole for being a picky eater,,0,,0.00,0.00,
am ia picky eater or eating disorder quiz,,0,,0.00,0.00,
american academy of pediatrics guidelines picky eating preschool dinner standoff,,0,,0.00,0.00,
american academy of pediatrics guidelines picky eating toddlers mealtime battles,,0,,0.00,0.00,
american academy of pediatrics picky eating advice division of responsibility,,0,,0.00,0.00,
american academy of pediatrics picky eating dinner standoff guidelines,,0,,0.00,0.00,
american academy of pediatrics picky eating guidance,,0,,0.00,0.00,
american academy of pediatrics picky eating guidelines parents,,0,,0.00,0.00,
american academy of pediatrics picky eating recommendations preschool,,0,,0.00,0.00,
american academy of pediatrics picky eating repeated exposure no pressure,,0,,0.00,0.00,
american academy of pediatrics picky eating toddlers guidance,,0,,0.00,0.00,
american bulldog picky eater,,0,,0.00,0.00,
american eskimo picky eater,,0,,0.00,0.00,
amsterdam food for picky eater,,0,,0.00,0.00,
amy the picky eater,,0,,0.00,0.00,
anak picky eater,,0,,0.00,0.00,
anak picky eater karena apa,,0,,0.00,0.00,
anderson cooper picky eater article,,0,,0.00,0.00,
anjali shah the picky eater,,0,,0.00,0.00,
anorexia or picky eating,,0,,0.00,0.00,
anorexia picky eating,,0,,0.00,0.00,
another phrase for picky eater,,0,,0.00,0.00,
another word for a picky eater,,0,,0.00,0.00,
another word for overcoming picky eating,,0,,0.00,0.00,
another word for picky eat,,0,,0.00,0.00,
antonym for picky eater,,0,,0.00,0.00,
antonym picky eater,,0,,0.00,0.00,
antonyms for picky eater,,0,,0.00,0.00,
anxiety picky eating,,0,,0.00,0.00,
apa picky eater,,0,,0.00,0.00,
aphid eating disorder picky,,0,,0.00,0.00,
app for picky eaters to eat healthy,,0,,0.00,0.00,
apps like renzo for picky eater vitamins,,0,,0.00,0.00,
aqueon stick ems freeze dried picky eater treat,,0,,0.00,0.00,
arded dragon is picky and refuses to eat,,0,,0.00,0.00,
are bees picky about what they eat,,0,,0.00,0.00,
are u a picky eater,,0,,0.00,0.00,
are u a picky eater quiz,,0,,0.00,0.00,
are you a picky eater bingo,,0,,0.00,0.00,
are you a picky eater facebook,,0,,0.00,0.00,
are you a picky eater in spanish,,0,,0.00,0.00,
are you a picky eater online quiz,,0,,0.00,0.00,
are you a picky eater quiz buzzfeed,,0,,0.00,0.00,
are you a picky eater reddit,,0,,0.00,0.00,
are you a picky eater yahoo,,0,,0.00,0.00,
are youna picky eater,,0,,0.00,0.00,
arfid vs picky eating adult,,0,,0.00,0.00,
arfid vs picky eating differences dsm-5 criteria,,0,,0.00,0.00,
arfid vs picky eating in children,,0,,0.00,0.00,
arizona robbins is a picky eater,,0,,0.00,0.00,
arthur and d.w picky eater youtube,,0,,0.00,0.00,
arthur d.w the picky eater book,,0,,0.00,0.07,
arthur d.w the picky eater transcript,,0,,0.00,0.00,
arthur dw picky eater book,,0,,0.00,0.00,
arthur dw picky eater cd rom,,0,,0.00,0.00,
arthur dw picky eater closing,,0,,0.00,0.00,
arthur dw picky eater part 1,,0,,0.00,0.00,
arthur dw picky eater part 2,,0,,0.00,0.00,
arthur dw picky eater youtube,,0,,0.00,0.00,
arthur dw the picky eater buster and the daredevils youtube,,0,,0.00,0.00,
arthur dw the picky eater dailymotion,,0,,0.00,0.00,
arthur dw the picky eater i hate spinach,,0,,0.00,0.00,
arthur dw the picky eater living books,,0,,0.00,0.00,
arthur dw the picky eater part 1,,0,,0.00,0.00,
arthur dw the picky eater transcript,,0,,0.00,0.00,
arthur dw the picky eater vhs ebay,,0,,0.00,0.00,
arthur dw the picky eater watch cartoon online io,,0,,0.00,0.00,
arthur dw the picky eater wiki,,0,,0.00,0.00,
arthur dw the picky eater youtube,,0,,0.00,0.00,
arthur dw the picky eater youtube poop,,0,,0.00,0.00,
arthur episode dw the picky eater,,0,,0.00,0.00,
arthur episodes dw the picky eater,,0,,0.00,0.00,
arthur videos dw the picky eater,,0,,0.00,0.00,
article about picky eater for preschoolers,,0,,0.00,0.00,
article review for malaysian being picky on eating balanced food,,0,,0.00,0.00,
asd and picky eating,,0,,0.00,0.00,
asd hypersensitivity picky eating,,0,,0.00,0.00,
asd hypersensitivity to tastes picky eating,,0,,0.00,0.00,
asd picky eating,,0,,0.00,0.00,
asd picky eating nutritional deficiencies,,0,,0.00,0.00,
asd taste hypersensitivity picky eating,,0,,0.00,0.00,
asha picky eating the toddler years,,0,,0.00,0.00,
asian kids picky eating,,0,,0.00,0.00,
asperger's picky eater,,0,,0.00,0.00,
asperger's syndrome and picky eating,,0,,0.00,0.00,
asperger's syndrome picky eating,,0,,0.00,0.00,
aspergers kid picky eater,,0,,0.00,0.00,
aspergers picky eating,,0,,0.00,0.02,
at what age does picky eating stop,,0,,0.00,0.00,
atlanta children eating picky eater therapist,,0,,0.00,0.00,
aussie picky eater,,0,,0.00,0.00,
austrailian shepard not eating picky eater,,0,,0.00,0.00,
australian cattle dog picky eater,,0,,0.00,0.00,
australian shepherd picky eater,,0,,0.00,0.00,
autism and picky eating strategies,,0,,0.00,0.00,
autism child picky eater,,0,,0.00,0.00,
autism nutrition and picky eating,,0,,0.00,0.00,
autism picky eater help,,0,,0.00,0.00,
autism picky eater table,,0,,0.00,0.00,
autism picky eater treatment,,0,,0.00,0.00,
autism picky eater yahoo answers,,0,,0.00,0.00,
autism picky eating toddler,,0,,0.00,0.00,
autism related picky eating,,0,,0.00,0.00,
autism spectrum disorder and picky eating,,0,,0.00,0.00,
autism spectrum disorder picky eating,,0,,0.00,0.00,
autism spectrum picky eater,,0,,0.00,0.00,
autism spectrum picky eating,,0,,0.00,0.00,
autism toddler picky eater,,0,,0.00,0.00,
autism very picky eater,,0,,0.00,0.00,
autistic but not picky eater,,0,,0.00,0.00,
autistic picky eating,,0,,0.00,0.00,
autistic toddler picky eater,,0,,0.00,0.00,
autistm picky eater,,0,,0.00,0.00,
avoidant picky eater disorder,,0,,0.00,0.00,
avoidant restrictive food intake disorder vs picky eating avoidant restrictive,,0,,0.00,0.00,
axolotl picky eater,,0,,0.00,0.00,
babe center picky eater,,0,,0.00,0.00,
babe picky eater,,0,,0.00,0.00,
baby 13 months picky eater,,0,,0.00,0.00,
baby bearded dragon picky eater,,0,,0.00,0.00,
baby becomes picky eater,,0,,0.00,0.00,
baby becoming picky eater,,0,,0.00,0.00,
baby being picky eater at 9 months,,0,,0.00,0.00,
baby beng picky eater at 9 months,,0,,0.00,0.00,
baby is a picky eater,,0,,0.00,0.00,
baby is picky eater,,0,,0.00,0.00,
baby led weaning helps with picky eater,,0,,0.00,0.00,
baby led weaning picky eater,,0,,0.00,0.00,
baby not a picky eater,,0,,0.00,0.00,
baby picky eater,,0,,0.00,0.00,
baby picky eater 1 year old,,0,,0.00,0.00,
baby picky eater 1 year old recipes,,0,,0.00,0.00,
baby picky eater 1 yearold,,0,,0.00,0.00,
baby picky eater 1-year old recipes,,0,,0.00,0.00,
baby picky eater 10 months,,0,,0.00,0.00,
baby picky eater 18 months,,0,,0.00,0.00,
baby picky eater 6 months,,0,,0.00,0.00,
baby picky eater 8 months,,0,,0.00,0.00,
baby picky eater recipes,,0,,0.00,0.00,
baby recipes for 1 year old picky eater,,0,,0.00,0.00,
baby sloth picky eater,,0,,0.00,0.00,
baby suddenly picky eater,,0,,0.00,0.00,
baby very picky eater,,0,,0.00,0.00,
babywise picky eater,,0,,0.00,0.00,
bad parenting moments picky eater,,0,,0.00,0.00,
bad parenting picky eater,,0,,0.00,0.00,
bad parenting picky eater video,,0,,0.00,0.00,
baked ziti for picky eater,,0,,0.00,0.00,
basset hound picky eater,,0,,0.00,0.00,
battlegrounds picky eater,,0,,0.00,0.00,
bearded dragon picky eater diets,,0,,0.00,0.00,
beardie is picky eater,,0,,0.00,0.00,
beat dog for being picky eater,,0,,0.00,0.00,
becoming a less picky eater,,0,,0.00,0.00,
becoming a picky eater as im growing up,,0,,0.00,0.00,
beginnerss at healthy lifestyle for picky eater,,0,,0.00,0.00,
being a chef as a picky eater,,0,,0.00,0.00,
being a picky eater abroad,,0,,0.00,0.00,
being a picky eater as an adult is weird,,0,,0.00,0.00,
being a picky eater for the last 20 years,,0,,0.00,0.00,
being a picky eater in adulthood,,0,,0.00,0.00,
being a picky eater in japan,,0,,0.00,0.00,
being a picky eater is great,,0,,0.00,0.00,
being a picky eater is great meme,,0,,0.00,0.00,
being poor and picky eater,,0,,0.00,0.00,
benefits of being a picky eater,,0,,0.00,0.00,
bengal cat picky eater,,0,,0.00,0.00,
bento box for 2 year old picky eater,,0,,0.00,0.00,
bento box for picky eater,,0,,0.00,0.00,
bento box lunches picky eater,,0,,0.00,0.00,
bernese mountain dog picky eater,,0,,0.00,0.00,
besst dog food for shi tzu picky eater 4yrs old,,0,,0.00,0.00,
best adult picky eater foods,,0,,0.00,0.00,
best bbq side dishes for the picky eater,,0,,0.00,0.00,
best breakfast for a picky eater,,0,,0.00,0.00,
best california adventure eats picky palate,,0,,0.00,0.00,
best cat treat picky eater,,0,,0.00,0.00,
best cereals for kids with picky eating habits,,0,,0.00,0.00,
best chinese food item for picky eater,,0,,0.00,0.00,
best commercial food for picky eater syrian hamster,,0,,0.00,0.00,
best cookbook for picky eater teenager,,0,,0.00,0.00,
best dinner for a picky eater,,0,,0.00,0.00,
best dinner for picky eater,,0,,0.00,0.00,
best dinner recipe picky eater husband pinterest,,0,,0.00,0.00,
best dog food for senior picky eater,,0,,0.00,0.00,
best dog food for senior picky eater dogs,,0,,0.00,0.00,
best dog food for very picky eater,,0,,0.00,0.00,
best dog food kibble for a picky eater,,0,,0.00,0.00,
best dog food picky eater,,0,,5.84,1.00,
best dog food picky eates,,0,,0.00,0.00,
best drty dogfood for picky eater,,0,,0.00,0.00,
best dry cat food for 1 year old picky eater,,0,,0.00,0.00,
best dry dog food for picky eater,,0,,0.00,0.00,
best dry dog food picky eater,,0,,0.00,0.00,
best dry dog for a picky eater,,0,,0.00,0.00,
best food for a puppy that's a picky eater,,0,,0.00,0.00,
best food for picky eater toddler,,0,,0.00,0.00,
best foods for 13 month old texture picky eater,,0,,0.00,0.00,
best foods to eat for diabetics picky eater,,0,,0.00,0.00,
best foods to eat to lose weight for picky eaters,,0,,0.00,0.00,
best help for picky eater in philadelphia area,,0,,0.00,0.00,
best kids multi vitamin for picky eater,,0,,0.00,0.00,
best milk for 3 years old picky eater,,0,,0.00,0.00,
best milk for picky eater toddler,,0,,0.00,0.00,
best multivitamin for my picky eater 3 year old,,0,,0.00,0.00,
best organic formula picky eater,,0,,0.00,0.00,
best organic snacks for toddlers picky eating,,0,,0.00,0.00,
best picky eater books,,0,,0.00,0.00,
best picky eater dog food,,0,,0.00,0.00,
best picky eater dog remedy,,0,,0.00,0.00,
best picky eating sites,,0,,0.00,0.00,
best place to eat in reykjavik with picky eaters,,0,,0.00,0.00,
best places to eat at disneyland fall 2025 picky eaters,,0,,0.00,0.00,
best places to eat in hong kong for picky eaters,,0,,0.00,0.00,
best practice guidelines for picky eating,,0,,0.00,0.00,
best pregnancy diet for picky eater,,0,,0.00,0.00,
best premium dog food options for my picky eater,,0,,0.00,0.00,
best products for picky eater,,0,,0.00,0.00,
best protein powder picky eater gain weight,,0,,0.00,0.00,
best quick healthy picky eater kid dinner recipes,,0,,0.00,0.00,
best quick healthy picky eater kid recipes,,0,,0.00,0.00,
best transition foods for picky eater puppies adult dogs,,0,,0.00,0.00,
best treats for picky eater dogs cats recommendations,,0,,0.00,0.00,
best vegetables to start eating for picky eaters,,0,,0.00,0.00,
best vegetarian chili ever picky eater,,0,,0.00,0.00,
best vegetarian chili picky eater,,0,,0.00,0.00,
best vitamin for autistic picky eater,,0,,0.00,0.00,
best vitamin for picky eater toddler,,0,,0.00,0.00,
best vitamins for 2 year old picky eater,,0,,0.00,0.00,
best vitamins for picky eater dog,,0,,0.00,0.00,
best way to diet for a picky eater,,0,,0.00,0.00,
best way to ensure your child isn a picky eater,,0,,0.00,0.00,
best way to get a picky dog to eat,,0,,0.00,0.00,
best wet cat food for picky eater,,0,,0.00,0.00,
best womens vitamin for picky eater,,0,,0.00,0.00,
bet food for my poodle that is a picky eater,,0,,0.00,0.00,
better bites picky eating course reviews,,0,,0.00,0.00,
betty white picky eater,,0,,0.00,0.00,
bf broke up with me because im a picky eater,,0,,0.00,0.00,
biaya konsultasi di picky eater clinic,,0,,0.00,0.00,
bichir being picky eater,,0,,0.00,0.00,
bichon picky eater,,0,,0.00,0.00,
biden picky eater,,0,,0.00,0.00,
biljac small breed picky eater dog food,,0,,0.00,0.00,
binge eating in picky 9 year old,,0,,0.00,0.00,
black lab picky eater,,0,,0.00,0.00,
blind picky eater,,0,,0.00,0.00,
blindfold kids when they eat picky,,0,,0.00,0.00,
blindness picky eater,,0,,0.00,0.00,
blog picky eater,,0,,0.00,0.00,
blue heeler picky eater,,0,,0.00,0.00,
blueberry bread for picky eater,,0,,0.00,0.00,
blw picky eater,,0,,0.00,0.00,
boa picky eater,,0,,0.00,0.00,
bob krause picky eater,,0,,0.00,0.33,
bob krause picky eating,,0,,0.00,0.00,
book about an elephant that is a picky eater,,0,,0.00,0.00,
book if chicken tasted like chocolate a picky eater story,,0,,0.00,0.00,
books for picky eating toddlers,,0,,0.00,0.00,
books on kid picky eating,,0,,0.00,0.00,
books on picky eating,,0,,0.00,0.00,
books on picky eating 2 year old,,0,,0.00,0.00,
boost appetite of picky eater,,0,,0.00,0.00,
borderline personality disorder picky eater,,0,,0.00,0.00,
boston terrier has become real picky eater,,0,,0.00,0.00,
boston terrier has become very picky eater,,0,,0.00,0.00,
boxer dog picky eater,,0,,0.00,0.00,
boxer picky eater,,0,,0.00,0.00,
boxer puppy picky eater,,0,,0.00,0.00,
boyfriend is a picky eater,,0,,0.00,0.00,
boyfriend is picky eater,,0,,0.00,0.00,
boyfriend picky eater,,0,,0.00,0.00,
boyfriend very picky eater,,0,,0.00,0.00,
bpd picky eater,,0,,0.00,0.00,
brady rimer picky eater,,0,,0.00,0.00,
brady rymer picky eater,,0,,0.00,0.00,
breakfast for a picky eater,,0,,0.00,0.00,
breakfast for picky eater kid,,0,,0.00,0.00,
breakfast for picky eater toddler,,0,,0.00,0.00,
breakfast for toddlers picky eater,,0,,0.00,0.00,
breakfast ideas for kids picky eater,,0,,0.00,0.00,
breakfast recipes picky eater,,0,,0.00,0.00,
breaking a picky eater,,0,,0.00,0.00,
breaking picky eater,,0,,0.00,0.00,
breastfed baby picky eater,,0,,0.00,0.00,
breastfed toddler picky eater,,0,,0.00,0.00,
brian lehrer show children picky eater,,0,,0.00,0.00,
brian lehrer show kid picky eater,,0,,0.00,0.00,
bridal shower food for the picky eater,,0,,0.00,0.00,
bright futures picky eater,,0,,0.00,0.00,
bts reaction picky eater,,0,,0.00,0.00,
bts reaction to you being a picky eater,,0,,0.00,0.00,
bulk up picky eater,,0,,0.00,0.00,
bulking as a picky eater,,0,,0.00,0.00,
bulldog picky eater,,0,,0.00,0.00,
bullmastiff picky eater,,0,,0.00,0.00,
buzz picky eater,,0,,0.00,0.00,
buzzfeed dating a picky eater,,0,,0.00,0.00,
buzzfeed how much of a picky eater,,0,,0.00,0.00,
buzzfeed percent picky eater,,0,,0.00,0.00,
buzzfeed picky eater guess the age,,0,,0.00,0.00,
buzzfeed picky eater list,,0,,0.00,0.00,
buzzfeed picky eater recipes,,0,,0.00,0.00,
buzzfeed picky eater would you rather,,0,,0.00,0.00,
buzzfeed quiz how much of a picky eater are you,,0,,0.00,0.00,
buzzfeed quizzes are you a picky eater,,0,,0.00,0.00,
buzzfeed quizzes how much of a picky eater are you,,0,,0.00,0.00,
buzzfeed quizzes picky eater,,0,,0.00,0.33,
buzzfeed what percent picky eater,,0,,0.00,0.00,
buzzy feed picky eater quizz,,0,,0.00,0.00,
cache www.sillydrunkfish.com 2016 08 are-you-picky-eater.html,,0,,0.00,0.00,
cairn terrier picky eater,,0,,0.00,0.00,
calvin picky eater,,0,,0.00,0.00,
camping for the picky eater,,0,,0.00,0.00,
can a chef be a picky eater,,0,,0.00,0.00,
can a doctor help with picky eating,,0,,0.00,0.00,
can a dog be a picky eater,,0,,0.00,0.00,
can a dog being a picky eater,,0,,0.00,0.00,
can a nutritionist help a picky eater,,0,,0.00,0.00,
can a picky eater be a chef,,0,,0.00,0.00,
can a picky eater be a vegan,,0,,0.00,0.00,
can a picky eater become a chef,,0,,0.00,0.00,
can a picky eater eat shrimp for lower cholesterol,,0,,0.00,0.00,
can a victim of grooming be a picky eater,,0,,0.00,0.00,
can an adult be a picky eater,,0,,0.00,0.00,
can autism cause picky eating,,0,,0.00,0.00,
can breast milk help my picky eater,,0,,0.00,0.00,
can chiropractic care help picky toddler to eat,,0,,0.00,0.00,
can it be healthy to be a picky eater,,0,,0.00,0.00,
can occupational therapy help with picky eating,,0,,0.00,0.00,
can people with picky eating habits stop,,0,,0.00,0.00,
can picky eater be chef,,0,,0.00,0.00,
can picky eaters develop selective eating disorder,,0,,0.00,0.00,
can picky eaters get selective eating disorder,,0,,0.00,0.00,
can picky eating be an eating disorder,,0,,0.00,0.00,
can picky eating be cured,,0,,0.00,0.00,
can picky eating cause abdominal pain,,0,,0.00,0.00,
can picky eating get worse,,0,,0.00,0.00,
can picky eating worsen,,0,,0.00,0.00,
can tongue tie cause picky eating,,0,,0.00,0.00,
can you get different food at ohana for picky eater,,0,,0.00,0.00,
can you stop being a picky eater,,0,,0.00,0.00,
can't afford picky eater syndrome,,0,,0.00,0.00,
can't force a picky eater quote,,0,,0.00,0.00,
canadian paediatric society picky eating toddlers guidance,,0,,0.00,0.00,
canadian paediatric society picky eating toddlers mealtime guidance,,0,,0.00,0.00,
cane corso not gaining weight picky eater,,0,,0.00,0.00,
canine cushings dog picky eater,,0,,0.00,0.00,
cannot be friends with a picky eater,,0,,0.00,0.00,
cant being picky he wont eat,,0,,0.00,0.00,
cant force a picky eater quote,,0,,0.00,0.00,
car picky eater,,0,,0.00,0.00,
cara mengatasi anak picky eater,,0,,0.00,0.00,
cara mengatasi anak yang picky eater,,0,,0.00,0.00,
cara mengatasi picky eater,,0,,0.00,0.00,
cartoon picky eater,,0,,0.00,0.00,
cartoon picky eater girl,,0,,0.00,0.00,
case study 11.1 a picky eater,,0,,0.00,0.00,
case study 11.1 a picky eater chegg,,0,,0.00,0.00,
cases of picky eating,,0,,0.00,0.00,
cat add wet food picky eater,,0,,0.00,0.00,
cat became a picky eater,,0,,0.00,0.00,
cat becomes picky eater,,0,,0.00,0.00,
cat becoming picky after eating fish,,0,,0.00,0.00,
cat being a picky eater,,0,,0.00,0.00,
cat being a picky eater but acting normal,,0,,0.00,0.00,
cat being picky eater,,0,,0.00,0.00,
cat being picky he wont eat,,0,,0.00,0.00,
cat being so picky he wont eat,,0,,0.00,0.00,
cat food bowl for picky eater,,0,,0.00,0.00,
cat has become picky eater,,0,,0.00,0.00,
cat is a very picky eater,,0,,0.00,0.00,
cat kidney disease picky eater,,0,,0.00,0.00,
cat picky eater dry food flavors reasons,,0,,0.00,0.00,
cat picky eater meme,,0,,0.00,0.00,
cat picky eating,,0,,0.00,0.00,
cat picky eating bad breathe,,0,,0.00,0.00,
cat picky eating behavior,,0,,0.00,0.00,
cat starting to be picky eater,,0,,0.00,0.00,
cat such a picky eater,,0,,0.00,0.00,
cat suddenly become picky eater,,0,,0.00,0.00,
cat very picky eater,,0,,0.00,0.00,
cat very picky eater wint eat hard foot,,0,,0.00,0.00,
cat very picky is not eating,,0,,0.00,0.00,
causes for picky eating,,0,,0.00,0.00,
causes of extreme picky eating,,0,,0.00,0.00,
causes of picky eating in adults,,0,,0.00,0.00,
causes of picky eating in children,,0,,0.00,0.00,
causes of picky eating in dogs,,0,,0.00,0.00,
causes of picky eating in toddlers,,0,,0.00,0.00,
cavalier picky eater,,0,,0.00,0.00,
cavapoo picky eater reddit,,0,,0.00,0.00,
ccg ccg picky eater,,0,,0.00,0.00,
cdc picky eater,,0,,0.00,0.00,
cdc picky eater toddler mealtime tips,,0,,0.00,0.00,
cdc picky eating toddlers mealtime tips,,0,,0.00,0.00,
cdc picky eating toddlers repeated exposure new foods,,0,,0.00,0.00,
cdc toddler feeding picky eater responsive feeding,,0,,0.00,0.00,
cdc toddler feeding picky eater responsive feeding guidance,,0,,0.00,0.00,
cdc toddler feeding picky eating responsive feeding guidance,,0,,0.00,0.00,
cdc toddler picky eater mealtime pressure repeated exposure,,0,,0.00,0.00,
cdc toddler picky eating advice,,0,,0.00,0.00,
cdc toddler picky eating mealtime tips,,0,,0.00,0.00,
cdc toddler picky eating repeated exposure 10 15 times,,0,,0.00,0.00,
charli d'amelio picky eater,,0,,0.00,0.00,
charli damelio picky eater,,0,,0.00,0.00,
charli picky eater,,0,,0.00,0.00,
charlie and lola picky eater,,0,,0.00,0.00,
charlie and lola picky eater tiktok sound,,0,,0.00,0.00,
charlie puth picky eater,,0,,0.00,0.00,
cheap easy ideas for picky eater dinner,,0,,0.00,0.00,
checklist picky eater test,,0,,1.40,0.01,
chef vs picky eater,,0,,0.00,0.00,
chewy personalized cat food recommendations picky eater,,0,,0.00,0.00,
chicken broth for picky eater dogs,,0,,0.00,0.00,
chihuahua picky eater refuses to eat,,0,,0.00,0.00,
chihuahua puppy picky eater,,0,,0.00,0.00,
chihuahua puppy won't eat picky,,0,,0.00,0.00,
child becoming picky eater,,0,,0.00,0.00,
child extremely picky eater,,0,,0.00,0.00,
child has become super picky eater with meltdowns,,0,,0.00,0.00,
child hecomesa picky eater 16 months,,0,,0.00,0.00,
child is a picky eater,,0,,0.00,0.00,
child is extreme picky eater,,0,,0.00,0.00,
child is extremely picky eater,,0,,0.00,0.00,
child is not a picky eater,,0,,0.00,0.00,
child is picky eater,,0,,0.00,0.00,
child is super picky eater recipes,,0,,0.00,0.00,
child picky eater,,0,,0.00,0.00,
child picky eater help,,0,,0.00,0.00,
child picky eater ideas,,0,,0.00,0.00,
child picky eater losing weight,,0,,0.00,0.00,
child picky eater not gaining weight,,0,,0.00,0.00,
child picky eater quote,,0,,0.00,0.00,
child picky eater recipes,,0,,0.00,0.00,
child picky eating,,0,,0.00,0.00,
child picky eating behaviour,,0,,0.00,0.00,
child picky eating consultant,,0,,0.00,0.00,
child picky eating disorder,,0,,0.00,0.00,
child picky eating headaches,,0,,0.00,0.00,
child suddenly picky eater,,0,,0.00,0.00,
child very picky eater meltdown,,0,,0.00,0.00,
child who is a picky eater,,0,,0.00,0.00,
child with autism picky eater,,0,,0.00,0.00,
child with autism picky eating,,0,,0.00,0.00,
child with picky eater differential diagnosis,,0,,0.00,0.00,
child with picky eater differential diagnosis cs,,0,,0.00,0.00,
child won't eat picky eater,,0,,0.00,0.00,
childhood picky eating,,0,,0.00,0.00,
childhood picky eating disorder,,0,,0.00,0.00,
children and picky eating,,0,,0.00,0.00,
children picky eater,,0,,0.00,0.00,
children who are very picky about what they eat are,,0,,0.00,0.00,
children's book elephant picky eater tuna sandwich,,0,,0.00,0.00,
children's books about picky eating,,0,,0.00,0.00,
children's healthcare picky eater comerci,,0,,0.00,0.00,
children's healthcare picky eater commercial,,0,,0.00,0.00,
children's picky eating habits,,0,,0.00,0.00,
childrens book elephant picky eater,,0,,0.00,0.00,
childrens book elephant picky eater tuna sandwich,,0,,0.00,0.00,
childrens books about picky eating,,0,,0.00,0.00,
chinchilla picky eater,,0,,0.00,0.00,
chinese food that a picky child to eat,,0,,0.00,0.00,
chiweenie picky eater,,0,,0.00,0.00,
choa picky eater,,0,,0.00,0.00,
choose my plate picky eating,,0,,0.00,0.00,
chow chow picky eater,,0,,0.00,0.00,
chris evans picky eater,,0,,0.00,0.00,
christina manian dietitian picky eating,,0,,0.00,0.00,
christmas dinner liked by vegetarian and picky eater,,0,,0.00,0.00,
city of heroes picky eater badge,,0,,0.00,0.00,
clean eating challenge for picky eaters,,0,,0.00,0.00,
clean eating diet for picky eaters,,0,,0.00,0.00,
clean eating diet plan for picky eaters,,0,,0.00,0.00,
clean eating dinner recipes for picky eaters,,0,,0.00,0.00,
clean eating for picky adults,,0,,0.00,0.00,
clean eating for picky eaters delivery,,0,,0.00,0.00,
clean eating for picky teenagers,,0,,0.00,0.00,
clean eating for picky toddlers,,0,,0.00,0.00,
clean eating meals for picky eaters,,0,,0.00,0.00,
clean eating menu for picky eaters,,0,,0.00,0.00,
clean eating picky eaters,,0,,0.00,0.00,
clean eating plan for picky eaters,,0,,0.00,0.00,
clean eating simple meal plan for picky eaters,,0,,0.00,0.00,
clean eating simple meal plan for picky eaters pdf,,0,,0.00,0.00,
clownfish picky eater,,0,,0.00,0.00,
clownfish picky eater site www.reefcentral.com,,0,,0.00,0.00,
cmv picky eater,,0,,0.00,0.00,
cnn picky eater blind,,0,,0.00,0.00,
cnn picky eater goes blind,,0,,0.00,0.00,
cnn picky eating,,0,,0.00,0.00,
cobb salad picky eater,,0,,0.00,0.00,
cockatiel picky eater,,0,,0.00,0.00,
coh picky eater badge,,0,,0.00,0.00,
college essay picky eater,,0,,0.00,0.00,
college picky eating,,0,,0.00,0.00,
commercial dad bribes daughter with candy picky eater,,0,,0.00,0.00,
common causes of picky eating in children,,0,,0.00,0.00,
common causes of picky eating in infants,,0,,0.00,0.00,
common picky eater,,0,,0.00,0.00,
common picky eater dislikes,,0,,0.00,0.33,
common tactics for picky eating,,0,,0.00,0.00,
como ayudar a un niño picky eater,,0,,0.00,0.00,
comparing iron supplements for toddlers with picky eating,,0,,0.00,0.00,
confessions of a picky eater,,0,,0.00,0.33,
consequences of picky eating in college students,,0,,0.00,0.00,
constipation picky eater cat,,0,,0.00,0.00,
cook green peas picky eater,,0,,0.00,0.00,
cooking device for picky eater,,0,,0.00,0.00,
cooking for a picky eater,,0,,0.29,0.68,
cooking for a picky eater is impossible,,0,,0.00,0.00,
cooking for picky eater,,0,,0.00,0.00,
cooking onions for picky eater,,0,,0.00,0.00,
cool mom eats picky eater school lunch,,0,,0.00,0.00,
coping with a picky eater a,,0,,0.00,0.00,
corn snake picky eater,,0,,0.00,0.00,
correct picky eating,,0,,0.00,0.00,
correcting a defiant picky eater,,0,,0.00,0.00,
couple picky eater game,,0,,0.00,0.00,
couple picky eater vegtables,,0,,0.00,0.00,
cpt code for picky eater,,0,,0.00,0.00,
creative ways to feed a picky eater,,0,,0.00,0.00,
crested gecko picky eater,,0,,0.00,0.00,
crested gecko tips for picky eater,,0,,0.00,0.00,
crestie picky eater,,0,,0.00,0.00,
cure picky eating adults,,0,,0.00,0.00,
curing lab puppy picky eater,,0,,0.00,0.00,
curing picky adult eating,,0,,0.00,0.00,
curing picky eating,,0,,0.00,0.00,
cutting diet as a picky eater,,0,,0.00,0.00,
d w the picky eater,,0,,0.00,0.09,
d. w. the picky eater,,0,,0.00,0.09,
d.w the picky eater,,0,,0.00,0.09,
d.w the picky eater activities,,0,,0.00,0.00,
d.w the picky eater episode,,0,,0.00,0.33,
d.w the picky eater game download,,0,,0.00,0.00,
d.w the picky eater playthrough,,0,,0.00,0.00,
d.w the picky eater ytp,,0,,0.00,0.00,
d.w. the picky eater by marc brown,,0,,0.00,0.33,
d.w. the picky eater summary,,0,,0.00,0.00,
d.w. the picky eater transcript,,0,,0.00,0.00,
dana obleman picky eater,,0,,0.00,0.00,
dating an extremely picky eater,,0,,0.00,0.00,
dating picky eater,,0,,0.00,0.00,
daughter picky eater,,0,,0.00,0.00,
daughter picky eater commercial,,0,,0.00,0.00,
dealing wirh a picky eater,,0,,0.00,0.00,
dealing with a picky eater,,0,,0.47,0.33,
dealing with a picky eater child,,0,,0.00,0.00,
dealing with a picky eater dog,,0,,0.00,0.00,
dealing with a picky eater toddler,,0,,0.00,0.00,
dealing with a picky eating toddler,,0,,0.00,0.00,
dealing with picky eater toddler,,0,,0.00,0.00,
dealing with picky eating 4 year old,,0,,0.00,0.00,
dealing with picky eating adults,,0,,0.00,0.00,
dear prudence picky eater,,0,,0.00,0.00,
decrease dog appetite or picky eating,,0,,0.00,0.00,
define picky eater synonym,,0,,0.00,0.00,
define picky eating,,0,,0.00,0.00,
dementia picky eater,,0,,0.00,0.00,
depression and picky eating,,0,,0.00,0.00,
detox diet for picky eater,,0,,0.00,0.00,
developing picky eating at a later age,,0,,0.00,0.00,
development picky eater,,0,,0.00,0.00,
diabetes picky eater dog,,0,,0.00,0.00,
diabetic diet for a picky eater,,0,,0.00,0.00,
diabetic dog picky eater,,0,,0.00,0.00,
diabetic picky eater,,0,,0.00,0.00,
diabetic picky eater healthy meal plan,,0,,0.00,0.00,
diabetic recipes for a picky eater,,0,,0.00,0.00,
diabetic recipes for the picky eater,,0,,0.00,0.00,
diabeticlow carb meals for pickie eater,,0,,0.00,0.00,
diagnosis code for picky eater,,0,,0.00,0.00,
diagnosis for picky eater,,0,,0.00,0.00,
diagnostic of picky eater syndrome,,0,,0.00,0.00,
diary of a picky eater,,0,,0.00,0.00,
dictionary picky eater,,0,,0.00,0.00,
did you let your children to be picky eater,,0,,0.00,0.00,
diet foods for a picky eater,,0,,0.00,0.00,
diet for a picky eater,,0,,1.42,0.69,
diet for picky eater teens with high chloestral,,0,,0.00,0.00,
diet meal plan for a picky eater,,0,,0.00,0.00,
diet plan for picky eater,,0,,1.42,0.69,
dieting for picky eater,,0,,0.00,0.00,
diets for a really picky eater,,0,,0.00,0.00,
difference between picky eater an eating disorder,,0,,0.00,0.00,
difference between picky eater and eating disorder,,0,,0.00,0.00,
differences between arfid and picky eating,,0,,0.00,0.00,
different way to say picky eater,,0,,0.00,0.00,
differential diagnosis for picky eater,,0,,0.00,0.00,
differential diagnosis picky eater vs eating disorder,,0,,0.00,0.00,
differential diagnosis picky eater vs eating disorder asha,,0,,0.00,0.00,
diney picky eating meal request,,0,,0.00,0.00,
dinner even the picky eater,,0,,0.00,0.00,
dinner for picky eater kids,,0,,0.00,0.00,
dinner for picky eater toddler,,0,,0.00,0.00,
dinner idea for picky eater,,0,,0.00,0.00,
dinner ideas for picky eater kids,,0,,0.00,0.00,
dinner ideas for picky eating kids,,0,,0.00,0.00,
dinner picky eater,,0,,0.00,0.00,
dinner picky eater 6 year old,,0,,0.00,0.00,
dinnerware to get my picky eaters to eat,,0,,0.00,0.00,
discrete trial training picky eater with nonverbal autism,,0,,0.00,0.00,
disease picky food eating,,0,,0.00,0.00,
disney eating with picky kids,,0,,0.00,0.00,
disorder for picky eating,,0,,0.00,0.00,
disorders of mouth that cause picky eating in toddler,,0,,0.00,0.00,
disorders with excessive picky eating,,0,,0.00,0.00,
division of responsibility ellyn satter picky eating,,0,,0.00,0.00,
division of responsibility with picky eating,,0,,0.00,0.00,
do 23 month old get picky at eating,,0,,0.00,0.00,
do 3 1 2 year old get picky about eating,,0,,0.00,0.00,
do all kids outgrow their picky eating habits,,0,,0.00,0.00,
do anxiety disorders make you a picky eater,,0,,0.00,0.00,
do babies get picky with eating at 10 months,,0,,0.00,0.00,
do divided plates cause picky eating,,0,,0.00,0.00,
do i have arfid or am i a picky eater,,0,,0.00,0.00,
do kids grow out of picky eating,,0,,0.00,0.00,
do picky cats eat rachael ray nutrish,,0,,0.00,0.00,
do picky eaters have an eating disorder,,0,,0.00,0.00,
do picky eaters have eating disorders,,0,,0.00,0.00,
do three year olds go through a picky eating phasece,,0,,0.00,0.00,
do toddlers grow out of picky eating,,0,,0.00,0.00,
do vegetables have to grow on you picky eater,,0,,0.00,0.00,
do wont eat picky,,0,,0.00,0.00,
do you ever grow out of picky eating,,0,,0.00,0.00,
doberman picky eater,,0,,0.00,0.00,
does add make u a picky eater,,0,,0.00,0.00,
does add make u a picky eater adult,,0,,0.00,0.00,
does autism cause picky eating,,0,,0.00,0.00,
does autism make you a picky eater,,0,,0.00,0.00,
does baby led weaning prevent picky eating,,0,,0.00,0.00,
does being pregnant make you a.picky.eater,,0,,0.00,0.00,
does fixing a dog fix picky eating,,0,,0.00,0.00,
does picky eater mean autism,,0,,0.00,0.00,
does picky eating affect growth,,0,,0.00,0.00,
does picky eating affect weight-for-length measurements in young children,,0,,0.00,0.00,
does picky eating cause crohn's disease,,0,,0.00,0.00,
does picky eating cause diabetes,,0,,0.00,0.00,
does picky eating go away,,0,,0.00,0.33,
does stress make you a picky eater,,0,,0.00,0.00,
dog all of a sudden picky eater,,0,,0.00,0.00,
dog becomes picky eater while in heat,,0,,0.00,0.00,
dog being a picky eater brown bad smelling stuff,,0,,0.00,0.00,
dog eating picky,,0,,0.00,0.00,
dog food for a picky eater jindo,,0,,0.00,0.00,
dog food for my picky eater,,0,,0.00,0.00,
dog food for sensitive stomach and picky eater,,0,,0.00,0.00,
dog food picky eater tips,,0,,0.00,0.00,
dog food picky eaters will eat,,0,,0.00,0.00,
dog is a picky eater and tries to look pathetic,,0,,0.00,0.00,
dog is an exremely picky eater,,0,,0.00,0.00,
dog is being a picky eater,,0,,0.00,0.00,
dog is extremely picky eater,,0,,4.51,1.00,
dog is picky and won t eat,,0,,3.10,0.81,
dog is picky and wont eat,,0,,0.00,0.00,
dog is picky and wont eat food,,0,,0.00,0.00,
dog is picky eater need healthy food,,0,,0.00,0.00,
dog is picky eater will he eat merrick,,0,,0.00,0.00,
dog is suddenly a picky eater,,0,,0.00,0.00,
dog is super picky eater,,0,,0.00,0.00,
dog kidney disease picky eater,,0,,0.00,0.00,
dog not eating food picky,,0,,0.00,0.00,
dog not eating picky eater,,0,,0.00,0.00,
dog picky eater after spay,,0,,0.00,0.00,
dog picky eater after surgery,,0,,0.00,0.00,
dog picky eater change bowl,,0,,0.00,0.00,
dog picky eater food,,0,,0.00,0.00,
dog picky eater kibble,,0,,0.00,0.00,
dog picky eater nuter,,0,,0.00,0.00,
dog picky eater skinny,,0,,0.00,0.00,
dog picky eater spoiled,,0,,0.00,0.00,
dog picky eater suddenly and tired,,0,,0.00,0.00,
dog picky eater tips,,0,,0.00,0.00,
dog picky eater vomits before eating,,0,,0.00,0.00,
dog picky eater won t eat,,0,,2.91,0.51,
dog picky eater won& 39,,0,,0.00,0.00,
dog picky eater wont eat,,0,,0.00,0.00,
dog picky eating,,0,,3.75,0.93,
dog refuses to eat food picky,,0,,0.00,0.00,
dog seems healthy but is picky eating,,0,,0.00,0.00,
dog sick and being a picky eater,,0,,0.00,0.00,
dog stomach gurgling picky eater,,0,,0.00,0.00,
dog suddenly a picky eater,,0,,0.00,0.00,
dog suddenly became a picky eater,,0,,0.00,0.00,
dog suddenly very picky eater,,0,,0.00,0.00,
dog super picky eater,,0,,0.00,0.00,
dog that is a picky eater,,0,,0.00,0.00,
dog whisperer picky eater,,0,,0.00,0.00,
dog won t eat picky eater,,0,,0.00,0.33,
dog won't eat food picky,,0,,0.00,0.00,
dog won't eat picky,,0,,0.00,0.00,
dog wont eat food picky,,0,,0.00,0.00,
dog wont eat has diarrhea very picky about eating,,0,,0.00,0.00,
dog wont eat picky eater,,0,,0.00,0.00,
don t approach life like a picky eater,,0,,0.00,0.00,
don t be a picky eater,,0,,0.00,0.33,
don t pressure your picky eater,,0,,0.00,0.00,
don't approach life like a picky eater,,0,,0.00,0.00,
dont approach life like a picky eater,,0,,0.00,0.00,
dont be a picky eater,,0,,0.00,0.00,
dont pressure your picky eater,,0,,0.00,0.00,
dont starve together how to code not a picky eater,,0,,0.00,0.00,
donuts customer picky eater,,0,,0.00,0.00,
doodle picky eater,,0,,0.00,0.00,
doorine is a picky eater dreamlight valley,,0,,0.70,0.10,
doug edert picky eater,,0,,0.00,0.00,
down syndrome picky eater,,0,,0.00,0.00,
dr becky picky eater,,0,,0.00,0.00,
dr elsey cat food for picky eater,,0,,0.00,0.00,
dr sears feeding the picky eater,,0,,0.00,0.00,
dr sears one year old picky eater,,0,,0.00,0.00,
dr thiessen pediatrician vancouver picky eating,,0,,0.00,0.00,
dr. now picky eater my 600 lb life,,0,,0.00,0.00,
dry dog food for picky eater,,0,,3.02,1.00,
dry dog food for small dog picky eater,,0,,0.00,0.00,
dry dog food picky eater,,0,,0.00,0.00,
dsm v picky eater,,0,,0.00,0.00,
dst character mod not picky eater,,0,,0.00,0.00,
duck picky eater,,0,,0.00,0.00,
duke adult picky eating,,0,,0.00,0.00,
duke university picky eating,,0,,0.00,0.00,
duke university picky eating study,,0,,0.00,0.00,
dw is a picky eater,,0,,0.00,0.00,
dw picky eater archive,,0,,0.00,0.00,
dw picky eater arthur wiki,,0,,0.00,0.00,
dw picky eater game,,0,,0.00,0.00,
dw picky eater mistake livedash,,0,,0.00,0.00,
dw picky eater pbs kids videos games,,0,,0.00,0.00,
dw picky eater video,,0,,0.00,0.00,
dw picky eater ytp,,0,,0.00,0.00,
dw the picky eater activities,,0,,0.00,0.00,
dw the picky eater arthur,,0,,0.00,0.33,
dw the picky eater arthur wiki,,0,,0.00,0.00,
dw the picky eater book games,,0,,0.00,0.00,
dw the picky eater book youtube,,0,,0.00,0.00,
dw the picky eater cd rom,,0,,0.00,0.00,
dw the picky eater crafts,,0,,0.00,0.00,
dw the picky eater dailymotion,,0,,0.00,0.00,
dw the picky eater download,,0,,0.00,0.00,
dw the picky eater dvd,,0,,0.00,0.00,
dw the picky eater fandom,,0,,0.00,0.00,
dw the picky eater game download,,0,,0.00,0.00,
dw the picky eater i hate spinach,,0,,0.00,0.00,
dw the picky eater m.watchcartoononline,,0,,0.00,0.00,
dw the picky eater part 2,,0,,0.00,0.00,
dw the picky eater pc game,,0,,0.00,0.00,
dw the picky eater pdf,,0,,0.00,0.00,
dw the picky eater playthrough,,0,,0.00,0.00,
dw the picky eater read aloud,,0,,0.00,0.00,
dw the picky eater reading level,,0,,0.00,0.00,
dw the picky eater recap,,0,,0.00,0.00,
dw the picky eater script,,0,,0.00,0.00,
dw the picky eater summary,,0,,0.00,0.00,
dw the picky eater transcript,,0,,0.00,0.00,
dw the picky eater video,,0,,0.00,0.00,
dw the picky eater waiter quits job,,0,,0.00,0.00,
dw the picky eater wiki,,0,,0.00,0.00,
dw the picky eater wikia,,0,,0.00,0.00,
dw the picky eater you tube,,0,,0.00,0.00,
dw the picky eater youtube,,0,,0.00,0.00,
dw the picky eater ytp,,0,,0.00,0.00,
dwarf hamster picky eater,,0,,0.00,0.00,
dyslexia picky eater,,0,,0.00,0.00,
easiest meals for a picky eater,,0,,0.00,0.00,
easy clean eating recipes for picky eaters,,0,,0.00,0.00,
easy dinner ideas for picky eater,,0,,0.00,0.00,
easy dinner picky eater,,0,,0.00,0.00,
easy healthy meals for picky eater,,0,,0.00,0.00,
easy healthy recipes for a picky eater,,0,,0.00,0.00,
easy kid friendly recipes picky eater,,0,,0.00,0.00,
easy lunch for picky eater,,0,,0.00,0.00,
easy meals for one picky eater,,0,,0.00,0.00,
easy meals for picky eater,,0,,0.00,0.00,
easy meals for the picky eater,,0,,0.00,0.00,
easy picky eater dinner,,0,,0.00,0.00,
easy picky eater dinner recipes,,0,,0.15,0.59,
easy picky eater lunch box ideas for school,,0,,0.00,0.00,
easy picky eater lunch ideas,,0,,0.00,0.00,
easy picky eater lunch ideas kid friendly,,0,,0.00,0.00,
easy picky eater meal cookbook,,0,,0.00,0.00,
easy picky eater recipes toddler,,0,,0.00,0.00,
easy recipes for thw picky eater,,0,,0.00,0.00,
easy toddler food picky eater,,0,,0.00,0.00,
easy way to lose weight as a verry picky eater,,0,,0.00,0.00,
easy way to lose weight as a very picky eater,,0,,0.00,0.00,
easy ways to eat vegetables for picky eaters,,0,,0.00,0.00,
easy ways to get your picky eater to eat veggies,,0,,0.00,0.00,
easy wraps for picky eater,,0,,0.00,0.00,
eat eat dont be so picky,,0,,0.00,0.00,
eat healthy for picky eater,,0,,0.00,0.00,
eat healthy picky eater,,0,,0.82,0.63,
eat right ontario picky eaters,,0,,0.00,0.00,
eat right picky eaters,,0,,0.00,0.00,
eat your way through this picky eater buffet,,0,,0.00,0.00,
eating disorder commonly misunderstood as picky eating,,0,,0.00,0.00,
eating disorder extreme pickiness,,0,,0.00,0.00,
eating disorder for picky eaters,,0,,0.00,0.00,
eating disorder kids picky,,0,,0.00,0.00,
eating disorder misunderstood as picky eating,,0,,0.00,0.00,
eating disorder overly picky eater,,0,,0.00,0.00,
eating disorder picky eating,,0,,0.00,0.00,
eating disorder vs picky eater,,0,,0.00,0.00,
eating disorder where you are picky,,0,,0.00,0.00,
eating disorders extreme pickiness,,0,,0.00,0.00,
eating disorders picky eaters,,0,,0.00,0.00,
eating habits with picky eaters,,0,,0.00,0.00,
eating health for picky eaters,,0,,0.00,0.00,
eating healthy as a picky eater reddit,,0,,0.00,0.00,
eating healthy for a picky eater,,0,,0.82,0.63,
eating healthy for picky eaters adults,,0,,0.00,0.00,
eating healthy picky adults,,0,,0.00,0.00,
eating healthy picky eater,,0,,0.82,0.63,
eating healthy when picky and poor,,0,,0.00,0.00,
eating healthy when you re a picky eater,,0,,0.00,0.00,
eating healthy when you're a picky eater,,0,,0.00,0.00,
eating healthy when youre a picky eater,,0,,0.00,0.00,
eating healthy with picky kids,,0,,0.00,0.00,
eating lean for picky eaters,,0,,0.00,0.00,
eating plants as a picky eater,,0,,0.00,0.00,
eating vegetarian when youre picky,,0,,0.00,0.00,
economist picky eater,,0,,0.00,0.29,
ed picky eater,,0,,0.00,0.00,
egg noodle casseroles picky kids will eat,,0,,0.00,0.00,
ehat type of.foods for a picky eater on a diet,,0,,0.00,0.00,
elderly picky eater,,0,,0.00,0.00,
electric blue acara picky eater,,0,,0.00,0.00,
electric blue jack dempsey picky eater,,0,,0.00,0.00,
elimination diet for a picky eater,,0,,0.00,0.00,
elimination diet for picky eater,,0,,0.00,0.00,
ellen picky eater book,,0,,0.00,0.00,
ellen satler picky eating,,0,,0.00,0.00,
ellis multidimensional picky eating,,0,,0.00,0.00,
ellis picky eating,,0,,0.00,0.00,
ellyn satter division of responsibility picky eating,,0,,0.00,0.00,
ellyn satter division of responsibility picky eating evidence,,0,,0.00,0.00,
ellyn satter picky eater school daycare,,0,,0.00,0.00,
english bulldog picky eater,,0,,0.00,0.00,
english mastiff picky eater,,0,,0.00,0.00,
english setter picky eater,,0,,0.00,0.00,
enlarged adenoids and picky eating,,0,,0.00,0.00,
erin graham picky eater instagram,,0,,0.00,0.00,
essen für picky eater,,0,,0.00,0.00,
essentials helping a child with extreme picky eating,,0,,0.00,0.00,
ethopian food for a picky eater,,0,,0.00,0.00,
evaluate mills on dog food for picky eater,,0,,0.00,0.00,
evelyn slater picky eating,,0,,0.00,0.00,
evidence based strategies for picky eating in children,,0,,0.00,0.00,
evidence based strategies for picky eating in toddlers,,0,,0.00,0.00,
evidence-based strategies for picky eating in toddlers,,0,,0.00,0.00,
evidence-based strategies for toddler picky eating,,0,,0.00,0.00,
evolutionary reasons for picky eating in children,,0,,0.00,0.00,
examples of picky eating,,0,,0.00,0.00,
excercisesfor picky eating,,0,,0.00,0.00,
excercisesfor picky eating adults,,0,,0.00,0.00,
excessive panting and picky eating in dogs,,0,,0.00,0.00,
exchange student picky eater,,0,,0.00,0.00,
expand picky eater's,,0,,0.00,0.00,
expert help picky eater try new foods,,0,,0.00,0.00,
extreme picky eater child,,0,,0.00,0.00,
extreme picky eater diet,,0,,0.00,0.00,
extreme picky eater eating disorder,,0,,0.00,0.00,
extreme picky eater medical term,,0,,0.00,0.00,
extreme picky eating 5 year old,,0,,0.00,0.00,
extreme picky eating 8 year old,,0,,0.00,0.00,
extreme picky eating amazon,,0,,0.00,0.00,
extreme picky eating and anxiety,,0,,0.00,0.00,
extreme picky eating anxiety pediatrics,,0,,0.00,0.00,
extreme picky eating blog,,0,,0.00,0.00,
extreme picky eating child,,0,,0.00,0.00,
extreme picky eating children help,,0,,0.00,0.00,
extreme picky eating facebook,,0,,0.00,0.00,
extreme picky eating hypnosis,,0,,0.00,0.00,
extreme picky eating in children,,0,,0.00,0.00,
extreme picky eating in preschoolers,,0,,0.00,0.00,
extreme picky eating kids,,0,,0.00,0.00,
extreme picky eating problem,,0,,0.00,0.00,
extreme picky eating recipes,,0,,0.00,0.00,
extreme picky eating rowell,,0,,0.00,0.00,
extreme picky eating school letter,,0,,0.00,0.00,
extreme picky eating solution,,0,,0.00,0.00,
extreme picky eating toddler help,,0,,0.00,0.00,
extreme picky eating treatment,,0,,0.00,0.00,
extremeky picky eater sick adult,,0,,0.00,0.00,
extremel picky eater 8 years,,0,,0.00,0.00,
extremeli picky eater,,0,,0.00,0.00,
extremely picky dog eater,,0,,0.00,0.00,
extremely picky eater 10 year old,,0,,0.00,0.00,
extremely picky eater 2 year old,,0,,0.00,0.00,
extremely picky eater 3 year old,,0,,0.00,0.00,
extremely picky eater 4 year old,,0,,0.00,0.00,
extremely picky eater 4 year-old,,0,,0.00,0.00,
extremely picky eater 4 yearold,,0,,0.00,0.00,
extremely picky eater 5-year old,,0,,0.00,0.00,
extremely picky eater 5year old,,0,,0.00,0.00,
extremely picky eater 6 year old,,0,,0.00,0.00,
extremely picky eater 7 yearold,,0,,0.00,0.00,
extremely picky eater 8 years old,,0,,0.00,0.00,
extremely picky eater 9 year old,,0,,0.00,0.00,
extremely picky eater baby,,0,,0.00,0.00,
extremely picky eater book,,0,,0.00,0.00,
extremely picky eater cats,,0,,0.00,0.00,
extremely picky eater child,,0,,0.00,0.00,
extremely picky eater coworker,,0,,0.00,0.00,
extremely picky eater dog,,0,,0.00,0.00,
extremely picky eater fears food,,0,,0.00,0.00,
extremely picky eater gizmodo,,0,,0.00,0.00,
extremely picky eater meals,,0,,0.00,0.00,
extremely picky eater sick adult gag,,0,,0.00,0.00,
extremely picky eater supplement,,0,,0.00,0.00,
extremely picky eater texture,,0,,0.00,0.00,
extremely picky eater toddler,,0,,0.00,0.00,
extremely picky eater toddler food ideas,,0,,0.00,0.00,
extremely picky eater toddler ideas,,0,,0.00,0.00,
extremely picky eater toddler recipes,,0,,0.00,0.00,
extremely picky eater wont eat vegetables,,0,,0.00,0.00,
extremely picky eating,,0,,0.00,0.00,
extremely picky eating adults,,0,,0.00,0.00,
extremely picky eating disorder,,0,,0.00,0.00,
extremely picky eating in adults,,0,,0.00,0.00,
face it d.w you're a picky eater,,0,,0.00,0.00,
facebook picky eater list,,0,,0.00,0.00,
facebook picky eater quiz,,0,,0.00,0.00,
familial hypercholesterolemia and picky eating,,0,,0.00,0.00,
famous picky eater,,0,,0.00,0.00,
fantasy frog picky eater,,0,,0.00,0.00,
fat burning diet for picky eater,,0,,0.00,0.00,
feed picky eater,,0,,0.00,0.00,
feedinff hart 5 year old picky eater,,0,,0.00,0.00,
feeding a picky eater baby,,0,,0.00,0.00,
feeding a picky eater dog,,0,,0.00,0.00,
feeding a picky eater toddler,,0,,0.00,0.00,
feeding child whatever picky eater,,0,,0.00,0.00,
feeding goal for trying variety of food picky eater child,,0,,0.00,0.00,
feeding goals for picky eater speech thearpy,,0,,0.00,0.00,
feeding help picky eater,,0,,0.00,0.00,
feeding littles picky eater,,0,,0.00,0.00,
feeding picky eater baby,,0,,0.00,0.00,
feeding picky eater dog,,0,,0.00,0.00,
feeding picky eater healthy,,0,,0.00,0.00,
feeding picky eater parent suggestions,,0,,0.00,0.00,
feeding picky eater toddler,,0,,0.00,0.00,
feeding speech therapy picky eater,,0,,0.00,0.00,
feeding therapy / picky eater,,0,,0.00,0.00,
feeding therapy for picky eater,,0,,0.00,0.00,
feeding therapy picky eater,,0,,0.00,0.00,
feeling at chop treatment for a picky eater,,0,,0.00,0.00,
ferret picky eater,,0,,0.00,0.00,
fetal alcohol picky eater snacking,,0,,0.00,0.00,
ff7 picky eater,,0,,0.00,0.00,
fhe the picky eater,,0,,0.00,0.00,
fibromyalgia picky eater,,0,,0.00,0.00,
fiend intel i5 picky eater,,0,,0.00,0.00,
fiend intel picky eater,,0,,0.00,0.00,
fifth grader very picky eater,,0,,0.00,0.00,
finding a place yo eat with a picky eater,,0,,0.00,0.00,
first grader picky eater,,0,,0.00,0.00,
first plate picky eater,,0,,0.00,0.00,
five year old suddenly picky eater,,0,,0.00,0.00,
fix picky eating 20 year old,,0,,0.00,0.00,
flavorful dog food picky eater,,0,,0.00,0.00,
flavorful dog food picky eater amazon,,0,,0.00,0.00,
food a picky eater would not touch,,0,,0.00,0.00,
food aversion or picky eater,,0,,0.00,0.00,
food chaining the proven 6-step plan to stop picky eating,,0,,0.00,0.00,
food chart kid printable picky eater,,0,,0.00,0.00,
food for 1 year old picky eater,,0,,0.00,0.00,
food for 2 year old picky eater,,0,,0.00,0.00,
food for a toddler picky eater,,0,,0.00,0.00,
food for eight loss when youre a picky eater,,0,,0.00,0.00,
food for one year old picky eater,,0,,0.00,0.00,
food for picky eater 3 year old,,0,,0.00,0.00,
food for picky eater 8 year old,,0,,0.00,0.00,
food for picky eater baby,,0,,0.00,0.00,
food for picky eater child,,0,,0.00,0.00,
food for picky eater dog,,0,,7.55,1.00,
food for picky eater dogs,,0,,6.75,1.00,
food for picky eater kids,,0,,0.00,0.00,
food for picky eater puppy,,0,,0.00,0.00,
food for picky eater shih tzu,,0,,0.00,0.00,
food for picky eater that have vegetables hidden,,0,,0.00,0.00,
food for picky eater toddler philippines,,0,,0.00,0.00,
food for picky eating toddlers,,0,,0.00,0.00,
food for the picky eater,,0,,0.32,0.63,
food for toddlers picky eater,,0,,0.00,0.00,
food idea for picky eater toddler,,0,,0.00,0.00,
food ideas 1 year old picky eater,,0,,0.00,0.00,
food ideas 18 month old picky eater,,0,,0.00,0.00,
food ideas for 2 year old picky eater,,0,,0.00,0.00,
food ideas for a 3 year old picky eater,,0,,0.00,0.00,
food ideas for a picky eater,,0,,0.00,0.00,
food ideas for my picky eater,,0,,0.00,0.00,
food ideas for one year old picky eater,,0,,0.00,0.00,
food ideas for picky eater,,0,,0.00,0.00,
food jag vs picky eating,,0,,0.00,0.00,
food meals for my picky eater,,0,,0.00,0.00,
food neophobia and picky fussy eating in children a review,,0,,0.00,0.00,
food network picky eater show,,0,,0.00,0.00,
food options extremely picky eater teenager,,0,,0.00,0.00,
food picky eater,,0,,0.00,0.41,
food picky eaters won t eat,,0,,0.00,0.33,
food picky eaters wont eat,,0,,0.00,0.00,
food picky kids will eat,,0,,0.00,0.00,
food picky toddlers will eat,,0,,0.00,0.00,
food that picky children will eat,,0,,0.00,0.00,
food to eat when youre gf is so picky,,0,,0.00,0.00,
food to get from marianos if you're a picky eater,,0,,0.00,0.00,
food travel picky eater,,0,,0.00,0.00,
foodie vs picky eater,,0,,0.00,0.00,
foods all picky eaters eat,,0,,0.00,0.00,
foods for a picky eater,,0,,0.32,0.63,
foods for picky eater,,0,,0.00,0.00,
foods for picky eater canines,,0,,0.00,0.00,
foods for picky eater child,,0,,0.00,0.00,
foods for picky eater kids,,0,,0.00,0.00,
foods for picky eater toddler,,0,,0.00,0.00,
foods for picky infants who barely eat,,0,,0.00,0.00,
foods for picky toddlers who wont eat gluten product,,0,,0.00,0.00,
foods i can eat on keto for picky eater,,0,,0.00,0.00,
foods picky eaters don t eat,,0,,0.00,0.33,
foods picky eaters dont eat,,0,,0.00,0.00,
foods picky eaters won t eat,,0,,0.00,0.04,
foods picky eaters wont eat,,0,,0.00,0.02,
foods picky kids eat,,0,,0.00,0.00,
foods picky kids will eat,,0,,0.00,0.00,
foods that picky toddlers will eat,,0,,0.00,0.00,
foods to try if you re a picky eater,,0,,0.00,0.33,
foods to try if youre a picky eater,,0,,0.00,0.00,
force feeding a picky eater,,0,,0.00,0.00,
forcing a picky eater,,0,,0.00,0.00,
forcing a picky eater to eat other foods,,0,,0.00,0.00,
forcing kids to eat makes picky eating worse,,0,,0.00,0.00,
forcing picky eater to eat,,0,,0.00,0.00,
forcing picky eaters to eat,,0,,0.00,0.00,
forever twenty somethings picky eater,,0,,0.00,0.00,
four weddings picky eater,,0,,0.00,0.00,
four year old erin is a picky eater,,0,,0.00,0.00,
four year old erin is a picky eater quizlet,,0,,0.00,0.00,
four year old picky eater,,0,,0.00,0.00,
free printable picky eater reward chart,,0,,0.00,0.04,
french picky eater,,0,,0.00,0.00,
fromm classics picky eater,,0,,0.00,0.00,
frozen foods picky eater,,0,,0.00,0.00,
fruit for a picky eater,,0,,0.00,0.00,
fruit for a picky eater adults,,0,,0.00,0.00,
fun eating picky toddler,,0,,0.00,0.00,
fun lunches for picky eater,,0,,0.00,0.00,
fun ways for picky eaters to eat hotdogs,,0,,0.00,0.00,
fun ways to get picky eaters to eat,,0,,0.00,0.00,
funny frog is picky eater,,0,,0.00,0.00,
funny frog is picky eater snapchat,,0,,0.00,0.00,
funny picky eater meme,,0,,0.00,0.33,
funny stories of older picky eater,,0,,0.00,0.00,
funny way to tell people you a picky eater,,0,,0.00,0.00,
fussy eater picky eater twitter,,0,,0.00,0.00,
future testing ot picky eating,,0,,0.00,0.00,
gamer name for being a picky eater,,0,,0.00,0.00,
genes ccg eating picky,,0,,0.00,0.00,
genetic factors behind picky eating quizlet,,0,,0.00,0.00,
gentle parenting picky eating,,0,,0.00,0.00,
geoffrey the picky eater,,0,,0.00,0.00,
gerber picky eater,,0,,0.00,0.00,
gerbil funny picky eater,,0,,0.00,0.00,
gerbil picky eater,,0,,0.00,0.00,
german sheperd picky eater,,0,,0.00,0.00,
german shepherd being picky eater,,0,,0.00,0.00,
german shepherd puppy picky eater,,0,,0.00,0.00,
german shepherd very picky eater,,0,,0.00,0.00,
gestational diabetes picky eater,,0,,0.00,0.00,
gesundes essen für picky eater,,0,,0.00,0.00,
get a picky bird to eat fruit and vegetables,,0,,0.00,0.00,
get a picky eater to eat,,0,,0.00,0.00,
get a picky toddler to eat,,0,,0.00,0.00,
get one picky eating,,0,,0.00,0.00,
get picky dog to eat kibble,,0,,0.00,0.00,
get picky eaters to eat asparagus,,0,,0.00,0.00,
get picky eaters to eat garlic,,0,,0.00,0.00,
get picky eaters to eat quinoa,,0,,0.00,0.00,
get picky kids to eat almonds,,0,,0.00,0.00,
get picky kids to eat quinoa,,0,,0.00,0.00,
get picky toddler eat,,0,,0.00,0.00,
getting a picky cat to eat wet food,,0,,0.00,0.00,
getting a picky eater to eat more foods,,0,,0.00,0.00,
getting a picky kid to eat,,0,,0.00,0.00,
getting a picky puppy to eat,,0,,0.00,0.00,
getting a picky toddler to eat,,0,,0.00,0.00,
getting an adult to stop being a picky eater,,0,,0.00,0.00,
getting over insane picky eating,,0,,0.00,0.00,
getting over picky eating,,0,,0.00,0.00,
getting picky dog to eat canned food,,0,,0.00,0.00,
getting picky eaters to eat healthy,,0,,0.00,0.00,
getting picky eaters to eat vegetables,,0,,0.00,0.00,
getting picky kids to eat,,0,,0.00,0.00,
getting picky toddler to eat,,0,,0.00,0.00,
getting your picky 7 year old to eat,,0,,0.00,0.00,
getting your picky child to eat,,0,,0.00,0.00,
getting your picky toddler to eat,,0,,0.00,0.00,
gf picky eater,,0,,0.00,0.00,
gifted child picky eater,,0,,0.00,0.00,
girl picky eater carrot,,0,,0.00,0.00,
girl picky eater meme,,0,,0.00,0.00,
girlfriend is a picky eater,,0,,0.00,0.00,
girlfriend picky eater,,0,,0.00,0.00,
girlfriend picky eater reddit,,0,,0.00,0.00,
girlfriend picky eater reddit.com,,0,,0.00,0.00,
global picky eater,,0,,0.00,0.00,
gluten free dairy free picky eater,,0,,0.00,0.00,
gluten free picky eater,,0,,0.00,0.00,
goat picky eater,,0,,0.00,0.00,
goddess of picky eating,,0,,0.00,0.00,
going out with a picky eater,,0,,0.00,0.00,
going vegan as a picky eater,,0,,0.00,0.00,
golden retriever puppy picky eater,,0,,0.00,0.00,
good dog food for a picky eater,,0,,0.00,0.00,
good dog food for picky eater,,0,,0.00,0.00,
good meal prep for a picky eater,,0,,0.00,0.00,
good or bad if a child is a picky eater,,0,,0.00,0.00,
good places to eat for picky eaters,,0,,0.00,0.00,
gourmet picky eater,,0,,0.00,0.00,
great dane puppy picky eater,,0,,0.00,0.00,
great fruits to eat for picky eaters,,0,,0.00,0.00,
great healthy lunches for the picky eater,,0,,0.00,0.00,
green terror picky eater,,0,,0.00,0.00,
gregory the very picky eater,,0,,0.00,0.00,
grew into picky adult eater,,0,,0.00,0.00,
ground beef dish picky toddlers will eat,,0,,0.00,0.00,
ground beef pasta recipes picky eater,,0,,0.00,0.00,
grown man acts like child with picky eating,,0,,0.00,0.00,
grown man with picky eating,,0,,0.00,0.00,
grown up picky eater,,0,,0.00,0.00,
gsd female picky eater,,0,,0.00,0.00,
gsd female picky eater already very small,,0,,0.00,0.00,
gsd picky eater,,0,,0.00,0.00,
gsd puppy picky eater,,0,,0.00,0.00,
gsp picky eater,,0,,0.00,0.00,
guide for parent of picky eater,,0,,0.00,0.00,
guinea pig picky eater,,0,,0.00,0.00,
guinea pig picky eater all of a sudden,,0,,0.00,0.00,
guy teaches a picky kid to eat,,0,,0.00,0.00,
guy teaches a picky kid to eat funny,,0,,0.00,0.00,
hallmark picky eater pilgrims funny thanksgiving card,,0,,0.00,0.00,
hamster being a picky eater,,0,,0.00,0.00,
hand feed a picky eater dog,,0,,0.00,0.00,
handle picky eater preschooler,,0,,0.00,0.00,
handling a picky eater,,0,,0.00,0.00,
handling picky eating,,0,,0.00,0.00,
has anybody died due to picky eating,,0,,0.00,0.00,
havanese puppy picky eater,,0,,0.00,0.00,
he is a picky eater,,0,,0.00,0.33,
he is a picky eater in a sentence,,0,,0.00,0.00,
health freak vs picky eater,,0,,0.00,0.00,
healthy adult lunchs no refrigeration picky eater,,0,,0.00,0.00,
healthy blended meals for picky eater,,0,,0.00,0.00,
healthy breakfast for a picky eater,,0,,0.00,0.00,
healthy breakfast for picky eater,,0,,0.00,0.00,
healthy breakfast ideas for a picky eater,,0,,0.00,0.00,
healthy cheap and easy grocery list picky eater,,0,,0.00,0.00,
healthy chicken recipes for a picky eater,,0,,0.00,0.00,
healthy children org picky eater,,0,,0.00,0.00,
healthy diet for a picky eater,,0,,0.82,0.63,
healthy diet plan for a picky eater,,0,,0.00,0.00,
healthy diets for a picky eater,,0,,0.00,0.00,
healthy dinner ideas for a picky eater,,0,,0.00,0.00,
healthy dinner recipes for a picky eater,,0,,0.00,0.00,
healthy eating for a picky eater,,0,,0.82,0.63,
healthy eating for picky eaters blog,,0,,0.00,0.00,
healthy eating for picky eaters book,,0,,0.00,0.00,
healthy eating for picky kids,,0,,0.00,0.00,
healthy eating for picky people,,0,,0.00,0.00,
healthy eating for super picky eaters,,0,,0.00,0.00,
healthy eating for the picky eater,,0,,0.82,0.63,
healthy eating habits for picky eaters,,0,,0.00,0.00,
healthy eating picky eaters,,0,,0.82,0.63,
healthy eating plan for picky kids,,0,,0.00,0.00,
healthy eating recipes for picky eaters,,0,,0.53,0.79,
healthy eating when picky,,0,,0.00,0.00,
healthy falafel picky eater,,0,,0.00,0.00,
healthy food delivery app options for picky eater adults,,0,,0.00,0.00,
healthy food for picky eater for dinner,,0,,0.00,0.00,
healthy food for the picky eater,,0,,0.53,0.79,
healthy foods for 10 year old picky eater,,0,,0.00,0.00,
healthy foods for picky eatees,,0,,0.00,0.00,
healthy foods for picky eater,,0,,0.53,0.79,
healthy foods for the picky eater,,0,,0.53,0.79,
healthy foods to eat as a picky eater,,0,,0.00,0.00,
healthy kid friendly recipes picky eater,,0,,0.00,0.00,
healthy kid recipes for picky eater,,0,,0.00,0.00,
healthy lunch for a picky eater,,0,,0.00,0.00,
healthy lunch for picky eater,,0,,0.00,0.00,
healthy lunch ideas for a picky eater,,0,,0.00,0.00,
healthy lunch picky eater,,0,,0.00,0.00,
healthy lunches for picky eater,,0,,0.00,0.00,
healthy meal for picky eater,,0,,0.53,0.79,
healthy meal plan for picky eater,,0,,1.54,0.77,
healthy meal prep picky eater,,0,,0.00,0.00,
healthy meal prep picky eater recipe,,0,,0.00,0.00,
healthy meals for an adult picky eater,,0,,0.00,0.00,
healthy meals for picky eater kids,,0,,0.00,0.00,
healthy meals for the picky eater,,0,,0.53,0.79,
healthy meals for the picky eater dietician,,0,,0.00,0.00,
healthy picky eater,,0,,0.00,0.00,
healthy picky eater dinner,,0,,0.00,0.00,
healthy picky eater dinner ideas,,0,,0.00,0.00,
healthy picky eater snacks,,0,,0.00,0.00,
healthy picky eating,,0,,0.00,0.00,
healthy recipes for 10 year old picky eater,,0,,0.00,0.00,
healthy recipes for a picky eater cookbook,,0,,0.00,0.00,
healthy recipes picky eater,,0,,0.00,0.00,
healthy snacks for picky eater,,0,,0.00,0.00,
healthy snacks for toddlers picky eater,,0,,0.00,0.00,
healthy snacks for toddlers picky eater you can buy,,0,,0.00,0.00,
healthy things to eat for breakfast for picky eaters,,0,,0.00,0.00,
healthy things to eat when you're picky,,0,,0.00,0.00,
healthy things to eat when youre picky,,0,,0.00,0.00,
healthy weight loss meals for the picky eater,,0,,0.00,0.00,
healthychildren hidden vegetables picky eater,,0,,0.00,0.00,
healthychildren one bite rule picky eater,,0,,0.00,0.00,
healthychildren org picky eater,,0,,0.00,0.00,
healthychildren picky eater when to call pediatrician,,0,,0.00,0.00,
healthychildren picky eater when to worry weight loss,,0,,0.00,0.00,
healthychildren.org picky eater,,0,,0.00,0.00,
heart healthy recipes for a picky eater,,0,,0.00,0.00,
heather hills picky eater,,0,,0.00,0.00,
helm publishing extreme picky eating,,0,,0.00,0.00,
help for extreme picky eater,,0,,0.00,0.00,
help for picky eater kids charlotte area,,0,,0.00,0.00,
help for wife of diabetic picky eater,,0,,0.00,0.00,
help i am an adult picky eater,,0,,0.00,0.00,
help i m a picky eater,,0,,0.00,0.00,
help my child is a picky eater,,0,,0.00,0.00,
help my child stop picky eating,,0,,0.00,0.00,
help my kid is a picky eater,,0,,0.00,0.00,
help my puppy is a picky eater,,0,,0.00,0.00,
help my teen stop picky eating,,0,,0.00,0.00,
help my toddler is a picky eater,,0,,0.00,0.00,
help picky adult eat more,,0,,0.00,0.00,
help picky daugjter eat,,0,,0.00,0.00,
help picky eater child,,0,,0.00,0.00,
help picky eater lose weight,,0,,0.00,0.00,
help picky eater toddler,,0,,0.00,0.00,
help picky eating,,0,,1.70,0.75,
help with picky eater child,,0,,0.00,0.00,
help with picky eater toddler,,0,,0.00,0.00,
helping a picky eater,,0,,0.00,0.00,
helping a picky eater teenager,,0,,0.00,0.00,
helping a picky eater toddler,,0,,0.00,0.00,
helping picky eater kids to gain weight,,0,,0.00,0.00,
helping picky kids eat,,0,,0.00,0.00,
helping your child with extreme picky eating book,,0,,0.00,0.00,
helping your child with extreme picky eating pdf,,0,,0.00,0.00,
helping your child.with exteememly picky eating,,0,,0.00,0.00,
helping your extremely picky eater,,0,,0.00,0.00,
henrys picky eater,,0,,0.00,0.00,
high end cooking for picky eater,,0,,0.00,0.00,
high functioning autism and picky eating,,0,,0.00,0.00,
high functioning autism picky eater,,0,,0.00,0.00,
high in iron picky eater,,0,,0.00,0.00,
highly sensitive child picky eater,,0,,0.00,0.00,
history of picky eating,,0,,0.00,0.00,
hollywood feed dog food for picky eater,,0,,0.00,0.00,
holy week dinner for picky eater kids,,0,,0.00,0.00,
homeopathy for picky eater,,0,,0.00,0.00,
horse is a picky eater,,0,,0.00,0.00,
horse picky eater,,0,,0.00,0.00,
hospitilized becaus wont eat picky,,0,,0.00,0.00,
how a picky eater should eat salad,,0,,0.00,0.00,
how can a doctor help with a picky eater baby,,0,,0.00,0.00,
how can a picky eater be vegan,,0,,0.00,0.00,
how can a picky eater find food to lose weight,,0,,0.00,0.00,
how can a picky eater gain weight,,0,,0.00,0.00,
how can i eat healthy if i a picky eater,,0,,0.00,0.00,
how can i fix my picky eating,,0,,0.00,0.00,
how can i fix my picky eating for adults,,0,,0.00,0.00,
how can i get my picky toddler to eat,,0,,0.00,0.00,
how can i lose weight if i'm a picky eater,,0,,0.00,0.00,
how can picky eater lower triglycerides,,0,,0.00,0.00,
how can picky eaters eat healthy,,0,,0.00,0.00,
how common is picky eating,,0,,0.00,0.00,
how do i deal with a picky eater,,0,,0.00,0.00,
how do i get extremely picky dog to eat,,0,,0.00,0.00,
how do i get my picky cat to eat,,0,,0.00,0.00,
how do i get my picky child to eat,,0,,0.00,0.00,
how do i get my picky eater more healthy,,0,,0.00,0.00,
how do i get my picky ewtern5o eat gettiee,,0,,0.00,0.00,
how do i get my picky toddler to eat,,0,,0.00,0.00,
how do i lower cholesterol in a picky eater teen,,0,,0.00,0.00,
how do i make a picky toddler eat,,0,,0.00,0.00,
how do i make picky people eat,,0,,0.00,0.00,
how do i stop being such a picky eater,,0,,0.00,0.00,
how do picky adults eat healthy,,0,,0.00,0.00,
how do schools deal with a picky eater in kindergarten,,0,,0.00,0.00,
how do you get a picky autistic child to eat,,0,,0.00,0.00,
how do you get a picky cat to eat,,0,,0.00,0.00,
how do you get a picky child to eat,,0,,0.00,0.00,
how do you get a picky dog to eat,,0,,2.23,1.00,
how do you get a picky dog to eat kibble,,0,,0.00,0.00,
how do you say picky eater in french,,0,,0.00,0.00,
how do you say picky eater in portuguese,,0,,0.00,0.00,
how does a picky eater eat healthy,,0,,0.00,0.00,
how does a picky eater lose weight,,0,,0.00,0.00,
how does picky eating develop,,0,,0.00,0.00,
how handle picky eater kids,,0,,0.00,0.00,
how long can my picky dog go without eating,,0,,0.00,0.00,
how long does picky eating last in toddlers,,0,,0.00,0.00,
how long does picky eating last toddler,,0,,0.00,0.00,
how long does toddler picky eating last,,0,,0.00,0.00,
how many days can a picky dog go without eating,,0,,0.00,0.00,
how many milligrams of zinc for a picky eater,,0,,0.00,0.00,
how many picky mice does a baby corn snake eat,,0,,0.00,0.00,
how much of a picky eater are u,,0,,0.00,0.00,
how much of a picky eater are you buzzfeed quiz,,0,,0.00,0.00,
how much of a picky eater are you test,,0,,0.00,0.00,
how much of a picky eater r u,,0,,0.00,0.00,
how not to be a picky eater,,0,,0.00,0.05,
how not to create a picky eater,,0,,0.00,0.00,
how not to raise a picky eater,,0,,0.00,0.00,
how picky an eater am i,,0,,0.00,0.00,
how picky are ball pythons to eat,,0,,0.00,0.00,
how picky are millennials eating,,0,,0.00,0.00,
how picky eater can be a vegetarian,,0,,0.00,0.00,
how picky eaters eat healthy,,0,,0.00,0.00,
how picky is too picky children eating,,0,,0.00,0.00,
how picky of an eater are you buzzfeed,,0,,0.00,0.00,
how should clinicians distinguish between picky eating and disorderd eating,,0,,0.00,0.00,
how to add protein to a picky eater,,0,,0.00,0.00,
how to address picky eating,,0,,0.00,0.00,
how to address picky kid not eating,,0,,0.00,0.00,
how to ask smoene if they are a picky eater,,0,,0.00,0.00,
how to avoid a child to be a picky eater,,0,,0.00,0.00,
how to avoid having a picky eater,,0,,0.00,0.00,
how to avoid picky eater baby,,0,,0.00,0.00,
how to avoid picky eater child,,0,,0.00,0.00,
how to avoid picky eating in babies,,0,,0.00,0.00,
how to be a vegetarian as a picky eater,,0,,0.00,0.00,
how to be a vegetarian when you're a picky eater,,0,,0.00,1.00,
how to be a vegetarian when youre a picky eater,,0,,0.00,0.00,
how to be vegan if you're a picky eater,,0,,0.00,0.00,
how to be vegan if youre a picky eater,,0,,0.00,0.00,
how to be vegetarian for picky eater,,0,,0.00,0.00,
how to become a non picky eater,,0,,0.00,0.00,
how to become vegan when you re a picky eater,,0,,0.00,0.00,
how to become vegan when you're a picky eater,,0,,0.00,0.00,
how to become vegan when youre a picky eater,,0,,0.00,0.00,
how to break a picky eater dog,,0,,0.00,0.00,
how to break a picky eater kid,,0,,0.00,0.00,
how to break a picky eater toddler,,0,,0.00,0.00,
how to break being a picky eater,,0,,0.00,0.00,
how to budget when youre a picky eater,,0,,0.00,0.00,
how to change a picky autistic eater's diet,,0,,0.00,0.00,
how to change a picky eater toddler,,0,,0.00,0.00,
how to change being a junk food picky eater,,0,,0.00,0.00,
how to change diet for picky eater,,0,,0.00,0.00,
how to choose dog food for picky eater,,0,,0.00,0.00,
how to choose gourmet dog food for a picky eater,,0,,0.00,0.00,
how to choose mother's day chocolate gift for picky eater,,0,,0.00,0.00,
how to combat picky eating toddler,,0,,0.00,0.00,
how to convert a picky eater,,0,,0.00,0.00,
how to cook for a picky eater,,0,,0.35,0.69,
how to cook for a picky old fashioned eater,,0,,0.00,0.00,
how to correct a picky eater dog,,0,,0.00,0.00,
how to correct picky eating,,0,,0.00,0.00,
how to cure a picky eater dog,,0,,0.00,0.00,
how to cure a picky eater later in life,,0,,0.00,0.00,
how to cure picky eating in adults,,0,,0.00,0.00,
how to cut as a picky eater,,0,,0.00,0.00,
how to date a picky eater,,0,,0.00,0.00,
how to deal with a 2 year old picky eater,,0,,0.00,0.00,
how to deal with a 5 year old picky eater,,0,,0.00,0.00,
how to deal with a picky eater 4 year old,,0,,0.00,0.00,
how to deal with a picky eater 5 year old,,0,,0.00,0.00,
how to deal with a picky eater 7 year old,,0,,0.00,0.00,
how to deal with a picky eater baby,,0,,0.00,0.00,
how to deal with a picky eater child,,0,,0.00,0.00,
how to deal with a picky eater kid,,0,,0.00,0.00,
how to deal with a picky eating toddler,,0,,0.00,0.00,
how to deal with a picky toddler eater,,0,,0.00,0.00,
how to deal with a severe picky eater,,0,,0.00,0.00,
how to deal with a toddler picky eater,,0,,0.00,0.00,
how to deal with being a picky eater,,0,,0.00,0.00,
how to deal with being a picky eater reddit,,0,,0.00,0.00,
how to deal with being an extremely picky eater,,0,,0.00,0.00,
how to deal with child picky eater,,0,,0.00,0.00,
how to deal with extreme picky eater,,0,,0.00,0.00,
how to deal with picky eater 1 year old,,0,,0.00,0.00,
how to deal with picky eater 2 year old,,0,,0.00,0.00,
how to deal with picky eater 3 year old,,0,,0.00,0.00,
how to deal with picky eater 5 year old,,0,,0.00,0.00,
how to deal with picky eater 6 year old,,0,,0.00,0.00,
how to deal with picky eater baby,,0,,0.00,0.00,
how to deal with picky eater kid,,0,,0.00,0.00,
how to deal with picky eater preschooler,,0,,0.00,0.00,
how to deal with picky eater teenager,,0,,0.00,0.00,
how to deal with picky eating cockatiel,,0,,0.00,0.00,
how to deal with picky eating toddlers,,0,,0.00,0.00,
how to deal with picky preschool eater,,0,,0.00,0.00,
how to deal with toddler picky eater,,0,,0.00,0.00,
how to defeat a picky.eating dog,,0,,0.00,0.00,
how to deql with sicial eating as a picky eater,,0,,0.00,0.00,
how to determine if your child is a picky eater,,0,,0.00,0.00,
how to diet if you re a picky eater,,0,,0.00,0.00,
how to diet if you're a picky eater,,0,,0.00,0.00,
how to diet if youre a picky eater,,0,,0.00,0.00,
how to diet when you re a picky eater,,0,,1.31,0.33,
how to diet when your a picky eater,,0,,0.00,0.86,
how to diet when youre a picky eater,,0,,0.00,0.00,
how to discipline a picky eater,,0,,0.00,0.00,
how to do an elimination diet with a picky eater,,0,,0.00,0.00,
how to eat a balanced diet when you re picky,,0,,0.00,0.00,
how to eat better when you re a picky eater,,0,,0.00,0.00,
how to eat clean when you are a picky eater,,0,,0.00,0.00,
how to eat healthier when you are a picky eater,,0,,0.00,0.00,
how to eat healthier when you re picky,,0,,1.99,0.43,
how to eat healthier when youre picky,,0,,0.00,0.00,
how to eat healthy for a picky eater,,0,,1.73,0.47,
how to eat healthy for picky adults,,0,,0.00,0.00,
how to eat healthy if i'm a picky eater,,0,,0.00,0.00,
how to eat healthy if you re a picky eater,,0,,0.70,0.21,
how to eat healthy if you re picky,,0,,0.70,0.21,
how to eat healthy if your a picky eater,,0,,0.00,0.00,
how to eat healthy if youre a picky eater,,0,,0.00,0.00,
how to eat healthy if youre picky,,0,,0.00,0.00,
how to eat healthy lunches for picky eaters,,0,,0.00,0.00,
how to eat healthy on a budget with picky eaters,,0,,0.00,0.00,
how to eat healthy picky eater,,0,,1.73,0.47,
how to eat healthy when ur picky,,0,,0.00,0.00,
how to eat healthy when you are picky eater,,0,,0.00,0.00,
how to eat healthy when you are super picky,,0,,0.00,0.00,
how to eat healthy when you re a picky eater,,0,,1.29,0.39,
how to eat healthy when you re picky,,0,,0.00,0.33,
how to eat healthy when you re super picky,,0,,0.00,0.86,
how to eat healthy when your a picky eater,,0,,0.00,0.66,
how to eat healthy when your husband is picky,,0,,0.00,0.00,
how to eat healthy when your picky,,0,,0.00,0.00,
how to eat healthy when your super picky,,0,,0.00,0.00,
how to eat healthy when your super picky adult,,0,,0.00,0.00,
how to eat healthy when youre a picky eater,,0,,1.99,0.43,
how to eat healthy when youre picky,,0,,2.59,0.34,
how to eat healthy when youre super picky,,0,,0.00,0.00,
how to eat healthy while being a picky eater,,0,,0.00,0.00,
how to eat heathliy when picky,,0,,0.00,0.00,
how to eat keto as a picky eater,,0,,0.00,0.00,
how to eat more protein as a picky eater,,0,,0.00,0.00,
how to eat paleo when you re picky,,0,,0.00,0.00,
how to eat salad as a picky eater,,0,,0.00,0.00,
how to eat vegan when you re picky,,0,,0.00,0.00,
how to eat vegetables and fruit when you're picky,,0,,0.00,0.00,
how to eat with a picky eater,,0,,0.00,0.00,
how to encourage a picky eater child,,0,,0.00,0.00,
how to encourage a picky eater to eat healthy,,0,,0.00,0.00,
how to encourage a picky eater toddler,,0,,0.00,0.00,
how to feed a picky dog eater,,0,,0.00,0.00,
how to feed a picky eater 1 year old,,0,,0.00,0.00,
how to feed a picky eater baby,,0,,0.00,0.00,
how to feed a picky eater cat,,0,,0.00,0.00,
how to feed a picky eater child,,0,,0.00,0.00,
how to feed a picky eater infant,,0,,0.00,0.00,
how to feed a picky eater puppy,,0,,0.00,0.00,
how to feed a picky eater teenager,,0,,0.00,0.00,
how to feed a really picky eater on a budget,,0,,0.00,0.00,
how to feed a toddler thats a picky eater,,0,,0.00,0.00,
how to feed a very picky eater,,0,,0.00,0.00,
how to feed my picky eater,,0,,0.00,0.00,
how to feed picky eater baby,,0,,0.00,0.00,
how to feed picky eater cat,,0,,0.00,0.00,
how to feed picky eater child,,0,,0.00,0.00,
how to feed picky eater kids,,0,,0.00,0.00,
how to feed picky eater puppy,,0,,0.00,0.00,
how to feed picky eater toddler,,0,,0.00,0.00,
how to feed picky eating toddlers,,0,,0.00,0.00,
how to feed your picky eater,,0,,0.00,0.00,
how to fix a dog from being a picky eater,,0,,0.00,0.00,
how to fix a picky dog eater,,0,,0.00,0.00,
how to fix a picky eater 4 year old,,0,,0.00,0.00,
how to fix a picky eater online help,,0,,0.00,0.00,
how to fix a picky eater toddler,,0,,0.00,0.00,
how to fix being a picky eater,,0,,0.00,0.00,
how to fix being picky eater,,0,,0.00,0.00,
how to fix picky eating in adults,,0,,0.00,0.00,
how to fix picky eating kids,,0,,0.00,0.00,
how to force yourself not to be a picky eater,,0,,0.00,0.00,
how to get a picky 1 year old to eat,,0,,0.00,0.00,
how to get a picky 2 year old to eat,,0,,0.00,0.00,
how to get a picky 3 year old to eat,,0,,0.00,0.00,
how to get a picky 4 year old to eat,,0,,0.00,0.00,
how to get a picky 5 year old to eat,,0,,0.00,0.00,
how to get a picky 6 year old to eat,,0,,0.00,0.00,
how to get a picky adult eater to eat healthy,,0,,0.00,0.00,
how to get a picky adult eaters to eat healthy,,0,,0.00,0.00,
how to get a picky adults to eat healthy,,0,,0.00,0.00,
how to get a picky autistic child to eat,,0,,0.00,0.00,
how to get a picky baby to eat,,0,,0.00,0.00,
how to get a picky bearded dragon to eat,,0,,0.00,0.00,
how to get a picky budgie to eat,,0,,0.00,0.00,
how to get a picky cat to eat a pill,,0,,0.00,0.00,
how to get a picky cat to eat canned food,,0,,0.00,0.00,
how to get a picky cat to eat healthy food,,0,,0.00,0.00,
how to get a picky chihuahua to eat,,0,,0.00,0.00,
how to get a picky child to eat,,0,,0.00,0.00,
how to get a picky child to eat healthy,,0,,0.00,0.00,
how to get a picky child to eat vegetables,,0,,0.00,0.00,
how to get a picky dog eat,,0,,0.00,0.00,
how to get a picky dog to eat vegetables,,0,,0.00,0.00,
how to get a picky eater dog to eat,,0,,0.00,0.00,
how to get a picky eater to eat eggs,,0,,0.00,0.00,
how to get a picky eater to eat fruit,,0,,0.00,0.00,
how to get a picky eater to eat healthy foods,,0,,0.00,0.00,
how to get a picky eater to eat more fiber,,0,,0.00,0.00,
how to get a picky eater to eat protein,,0,,0.00,0.00,
how to get a picky eater to eat salad,,0,,0.00,0.00,
how to get a picky eater to try more food,,0,,0.00,0.00,
how to get a picky eater toddler to eat,,0,,0.00,0.00,
how to get a picky fish to eat fish pellets,,0,,0.00,0.00,
how to get a picky fish to eat pellets,,0,,0.00,0.00,
how to get a picky flowerhorn to eat food pellets,,0,,0.00,0.00,
how to get a picky german shepherd to eat,,0,,0.00,0.00,
how to get a picky horse to eat,,0,,0.00,0.00,
how to get a picky infant to eat,,0,,0.00,0.00,
how to get a picky kid to eat healthy,,0,,0.00,0.00,
how to get a picky old horse to eat,,0,,0.00,0.00,
how to get a picky older dog to eat,,0,,0.00,0.00,
how to get a picky pig to eat,,0,,0.00,0.00,
how to get a picky preteen to eat,,0,,0.00,0.00,
how to get a picky puppy to eat kibble,,0,,0.00,0.00,
how to get a picky rabbit to eat pellets,,0,,0.00,0.00,
how to get a picky teenager to eat,,0,,0.00,0.00,
how to get a picky teenager to eat healthy,,0,,0.00,0.00,
how to get a picky three year old to eat,,0,,0.00,0.00,
how to get a picky toddler to eat healthy,,0,,0.00,0.00,
how to get a picky toddler to eat meat,,0,,0.00,0.00,
how to get a picky toddler to eat more fiber,,0,,0.00,0.00,
how to get a picky toddler to eat vegetables,,0,,0.00,0.00,
how to get a picky toddler to eat veggies,,0,,0.00,0.00,
how to get a picky two year old to eat,,0,,0.00,0.00,
how to get a real picky eater to eat,,0,,0.00,0.00,
how to get a stubborn picky eater to eat,,0,,0.00,0.00,
how to get a very picky child to eat,,0,,0.00,0.00,
how to get a very picky dog to eat,,0,,0.00,0.00,
how to get a very picky toddler to eat,,0,,0.00,0.00,
how to get an extremely picky dog to eat,,0,,0.00,0.00,
how to get an older picky child to eat healthy,,0,,0.00,0.00,
how to get child to stop being a picky eater,,0,,0.00,0.00,
how to get elderly picky dog to eat,,0,,0.00,0.00,
how to get extremely picky eater to eat,,0,,0.00,0.00,
how to get extremely picky eaters to eat,,0,,0.00,0.00,
how to get extremely picky toddler to eat,,0,,0.00,0.00,
how to get fiber in a picky eater,,0,,0.00,0.00,
how to get kids to eat when they are picky,,0,,0.00,0.00,
how to get my extremely picky yorkie to eat,,0,,0.00,0.00,
how to get my picky 2 year old to eat,,0,,0.00,0.00,
how to get my picky boyfriend to eat,,0,,0.00,0.00,
how to get my picky chihuahua to eat,,0,,0.00,0.00,
how to get my picky child to eat,,0,,0.00,0.00,
how to get my picky child to eat healthy,,0,,0.00,0.00,
how to get my picky dog to eat his food,,0,,0.00,0.00,
how to get my picky dog to eat kibble,,0,,3.10,1.00,
how to get my picky eater dog to eat,,0,,0.00,0.00,
how to get my picky five year old to eat,,0,,0.00,0.00,
how to get my picky kid to eat,,0,,0.00,0.00,
how to get my picky toddler to eat new food,,0,,0.00,0.00,
how to get my picky toddler to eat veggies,,0,,0.00,0.00,
how to get over picky eating as an adult,,0,,0.00,0.33,
how to get picky 2 year old to eat,,0,,0.00,0.00,
how to get picky 6 year old to eat,,0,,0.00,0.00,
how to get picky babies to eat,,0,,0.00,0.00,
how to get picky boxer dog to eat,,0,,0.00,0.00,
how to get picky child to eat,,0,,0.00,0.00,
how to get picky dog eater to eat,,0,,0.00,0.00,
how to get picky eater alpacas to eat supplements,,0,,0.00,0.00,
how to get picky eater lapasas to eatw supplements,,0,,0.00,0.00,
how to get picky eater to eat,,0,,0.46,0.88,
how to get picky eater to eat baby carrots,,0,,0.00,0.00,
how to get picky eater to take omega fatty acids,,0,,0.00,0.00,
how to get picky eaters to eat eggs,,0,,0.00,0.00,
how to get picky eaters to eat garlic,,0,,0.00,0.00,
how to get picky eaters to eat protein,,0,,0.00,0.00,
how to get picky eaters to eat quinoa,,0,,0.00,0.00,
how to get picky eating dog to eat more,,0,,0.00,0.00,
how to get picky husband to eat healthy,,0,,0.00,0.00,
how to get picky kid to eat,,0,,0.00,0.00,
how to get picky kid to eat almonds,,0,,0.00,0.00,
how to get picky kid to eat healthy,,0,,0.00,0.00,
how to get picky kids to eat chicken,,0,,0.00,0.00,
how to get picky kids to eat eggs,,0,,0.00,0.00,
how to get picky kids to eat garlic,,0,,0.00,0.00,
how to get picky kids to eat green leafy vegetables,,0,,0.00,0.00,
how to get picky kids to eat greens,,0,,0.00,0.00,
how to get picky kids to eat healthy,,0,,0.00,0.00,
how to get picky kids to eat more food,,0,,0.00,0.00,
how to get picky kids to eat salmon,,0,,0.00,0.00,
how to get picky kids to eat vegetables,,0,,0.00,0.00,
how to get picky kids to eat veggies,,0,,0.00,0.00,
how to get picky puppies to eat,,0,,0.00,0.00,
how to get picky puppy to eat,,0,,0.00,0.00,
how to get picky toddler to eat fiber,,0,,0.00,0.00,
how to get picky toddler to eat food,,0,,0.00,0.00,
how to get picky toddler to eat healthy,,0,,0.00,0.00,
how to get picky toddler to eat meat,,0,,0.00,0.00,
how to get picky toddler to eat more foods,,0,,0.00,0.00,
how to get picky toddler to eat veggies,,0,,0.00,0.00,
how to get picky toddlers to eat vegetables,,0,,0.00,0.00,
how to get picky tweens to eat well,,0,,0.00,0.00,
how to get protein in a picky eater,,0,,0.00,0.00,
how to get proteinin my picky eater,,0,,0.00,0.00,
how to get really picky german shepherd to eat,,0,,0.00,0.00,
how to get rid of being a picky eater,,0,,0.00,0.00,
how to get toddler off sugar picky eater,,0,,0.00,0.00,
how to get your picky cat to eat,,0,,0.00,0.00,
how to get your picky child to eat,,0,,0.00,0.00,
how to get your picky child to eat healthy,,0,,0.00,0.00,
how to get your picky eater to eat vegetables,,0,,0.00,0.00,
how to get your picky toddler to eat vegetables,,0,,0.00,0.00,
how to give a picky eater get nutrients into,,0,,0.00,0.00,
how to give cat a pill picky eater,,0,,0.00,0.00,
how to go gluten free with a picky eater,,0,,0.00,0.00,
how to handle a child that is a picky eater,,0,,0.00,0.00,
how to handle a picky eater babycenter,,0,,0.00,0.00,
how to handle a picky eater dog,,0,,0.00,0.00,
how to handle a picky eater toddler,,0,,0.00,0.00,
how to handle picky dog eater,,0,,0.00,0.00,
how to handle picky eater 1 year old,,0,,0.00,0.00,
how to handle picky eater child,,0,,0.00,0.00,
how to handle picky eater puppy nutrition plans,,0,,0.00,0.00,
how to handle picky eating dogs,,0,,0.00,0.00,
how to handle picky eating in toddlers,,0,,0.00,0.00,
how to have a healthy diet as a picky eater,,0,,0.00,0.00,
how to have toddler not be picky eater,,0,,0.00,0.00,
how to have toddler try lunch meat picky eater,,0,,0.00,0.00,
how to help a 2 year old with picky eater,,0,,0.00,0.00,
how to help a child who is a picky eater,,0,,0.00,0.00,
how to help a picky eater eat better,,0,,0.00,0.00,
how to help a picky eater stay healthy,,0,,0.00,0.00,
how to help a picky eater toddler gain weight,,0,,0.00,0.00,
how to help a picky toddler eater,,0,,0.00,0.00,
how to help a very picky eater lose weight fast,,0,,0.00,0.00,
how to help an extremely picky eater,,0,,0.00,0.00,
how to help my extremely picky eater,,0,,0.00,0.00,
how to help my picky eater child lose weight,,0,,0.00,0.00,
how to help my picky eater toddler,,0,,0.00,0.00,
how to help my picky toddler eat,,0,,0.00,0.00,
how to help picky eating adults,,0,,0.00,0.00,
how to help picky eating child,,0,,0.00,0.00,
how to help picky eating toddlers,,0,,0.00,0.00,
how to help your child not be a picky eater,,0,,0.00,0.00,
how to help your child with autism overcome picky eating,,0,,0.00,0.00,
how to help your child with extreme picky eating,,0,,0.00,0.00,
how to increase fruit intake for a picky eater,,0,,0.00,0.00,
how to introduce foods to a picky eater,,0,,0.00,0.00,
how to introduce new food to adult picky eater,,0,,0.00,0.00,
how to keep a picky eater healthy,,0,,0.00,0.00,
how to know if you are a picky eater,,0,,0.00,0.00,
how to know if you re a picky eater,,0,,0.00,0.06,
how to know if your a picky eater,,0,,0.00,0.00,
how to know if your dog is a picky eater,,0,,0.00,0.00,
how to know if youre a picky eater,,0,,0.00,0.00,
how to live with a picky eater,,0,,0.00,0.00,
how to lose weight as a very picky eater,,0,,0.00,0.00,
how to lose weight fast when you're a picky eater,,0,,0.00,0.00,
how to lose weight if you re a picky eater,,0,,1.57,0.69,
how to lose weight if your a picky eater,,0,,1.41,0.76,
how to lose weight if youre a picky eater,,0,,0.00,0.00,
how to lose weight when picky eater,,0,,0.00,0.00,
how to lose weight when you re a picky eater,,0,,2.47,0.73,
how to lose weight when you're a picky eater,,0,,0.00,0.73,
how to lose weight when youre a picky eater,,0,,0.00,0.00,
how to make a dog not a picky eater,,0,,0.00,0.00,
how to make a picky child eat,,0,,0.00,0.00,
how to make a picky dog eat kibble,,0,,0.00,0.00,
how to make a picky dog eat more food,,0,,0.00,0.00,
how to make a picky eater dog eat,,0,,0.00,0.00,
how to make a picky eater toddler eat,,0,,0.00,0.00,
how to make a picky kid eat,,0,,0.00,0.00,
how to make a picky toddler eat,,0,,0.00,0.00,
how to make baby not a picky eater,,0,,0.00,0.00,
how to make better eating choices when you're picky,,0,,0.00,0.00,
how to make dogfood for a picky eater,,0,,0.00,0.00,
how to make food for a picky eater,,0,,0.00,0.00,
how to make homemade canine healthy food for picky eater,,0,,0.00,0.00,
how to make my baby not a picky eater,,0,,0.00,0.00,
how to make my picky eater eat,,0,,0.00,0.00,
how to make my picky toddler eat,,0,,0.00,0.00,
how to make picky babies eat,,0,,0.00,0.00,
how to make picky eater dog eat,,0,,0.00,0.00,
how to make picky eating worse,,0,,0.00,0.00,
how to make picky kids eat,,0,,0.00,0.00,
how to make picky kids to eat,,0,,0.00,0.00,
how to make picky toddlers eat,,0,,0.00,0.00,
how to make ramen better picky eater,,0,,0.00,0.00,
how to make small nutritional changes with a picky eater,,0,,0.00,0.00,
how to make sure baby is not a picky eater,,0,,0.00,0.00,
how to make sure picky eater gets enough nutrition,,0,,0.00,0.00,
how to make sure picky eater toddlers get enough calcium,,0,,0.00,0.00,
how to make the perfect healthy omelet the picky eater,,0,,0.00,0.00,
how to make your child not a picky eater,,0,,0.00,0.00,
how to manage a picky dog eater with other dogs,,0,,0.00,0.00,
how to manage a picky eater toddler,,0,,0.00,0.00,
how to manage picky eater toddler,,0,,0.00,0.00,
how to motivate picky boy to eat fruits and veggies,,0,,0.00,0.00,
how to not be a picky eater as a kid,,0,,0.00,0.00,
how to not be a picky eater as an adult,,0,,0.00,0.00,
how to not be a picky eater reddit,,0,,0.00,0.00,
how to not be a picky eater wikihow,,0,,0.00,0.00,
how to not be such a picky eater,,0,,0.00,0.00,
how to not become a picky eater,,0,,0.00,0.00,
how to not create a picky eater,,0,,0.00,0.00,
how to not raise picky eater,,0,,0.00,0.00,
how to overcome adult picky eating,,0,,0.00,0.00,
how to overcome being an extremely picky eating adult,,0,,0.00,0.00,
how to overcome picky eater,,0,,0.00,0.00,
how to overcome picky eating as adult,,0,,0.00,0.00,
how to overcome picky eating in adults,,0,,0.00,0.00,
how to overcome picky eating toddler,,0,,0.00,0.00,
how to pack a lunch for a picky eater,,0,,0.00,0.00,
how to pack lunch for a picky eater,,0,,0.00,0.00,
how to polietly explain you're a picky eater,,0,,0.00,0.00,
how to prevent picky eating in babies,,0,,0.00,0.00,
how to prevent picky eating in children,,0,,0.00,0.00,
how to prevent picky eating in toddlers,,0,,0.00,0.00,
how to prevent picky eating toddler,,0,,0.00,0.00,
how to prevent your child from being a picky eater,,0,,0.00,0.00,
how to put weight on a picky eater,,0,,0.00,0.00,
how to put weight on my picky eater,,0,,0.00,0.00,
how to put weight on picky eater dog,,0,,0.00,0.00,
how to raise a child to not be picky eater,,0,,0.00,0.00,
how to raise hdl picky eater,,0,,0.00,0.00,
how to respond when picky eater refuses to eat,,0,,0.00,0.00,
how to reverse picky eating toddler,,0,,0.00,0.00,
how to reverse picky eating toddler and preschoolers,,0,,0.00,0.00,
how to reverse picky eating toddlers and preschoolers,,0,,0.00,0.00,
how to say i am a picky eater in spanish,,0,,0.00,0.00,
how to say picky eater in french,,0,,0.00,0.00,
how to say picky eater in german,,0,,0.00,0.00,
how to solve a picky eating dog,,0,,0.00,0.00,
how to solve extremly picky eating as an adult,,0,,0.00,0.00,
how to spell picky eater,,0,,0.00,0.00,
how to start a shred as a picky eater,,0,,0.00,0.00,
how to start eating healthier as a picky eater,,0,,0.00,0.00,
how to start eating healthy if im picky,,0,,0.00,0.00,
how to start eating healthy im picky eaters,,0,,0.00,0.00,
how to start eating healthy when you're a picky eater,,0,,0.00,0.33,
how to start eating healthy when youre a picky eater,,0,,0.00,0.00,
how to start eating more as a picky eater,,0,,0.00,0.00,
how to stop a dog from being a picky eater,,0,,0.00,0.00,
how to stop a picky eater toddler,,0,,0.00,0.00,
how to stop baby from being a picky eater,,0,,0.00,0.00,
how to stop being a picky eater as a kid,,0,,0.00,0.00,
how to stop being a picky eater as a teen,,0,,0.00,0.00,
how to stop being a picky eater for adults,,0,,0.00,0.00,
how to stop being a picky eater now,,0,,0.00,0.07,
how to stop being picky eater adults,,0,,0.00,0.00,
how to stop being such a picky eater,,0,,0.00,0.00,
how to stop dogs from being picky eater,,0,,0.00,0.00,
how to stop my child from being a picky eater,,0,,0.00,0.00,
how to stop my toddler from being a picky eater,,0,,0.00,0.00,
how to stop picky eating disorder,,0,,0.00,0.00,
how to stop picky eating in children,,0,,0.00,0.00,
how to stop picky eating in toddlers,,0,,0.00,0.00,
how to stop toddler picky eating,,0,,0.00,0.00,
how to stop your child from being a picky eater,,0,,0.00,0.00,
how to stop your toddler from being a picky eater,,0,,0.00,0.00,
how to supplement for a picky eater,,0,,0.00,0.00,
how to supplement for picky eater,,0,,0.00,0.00,
how to teach a picky eater to eat,,0,,0.00,0.00,
how to tell if you are a picky eater,,0,,0.00,0.00,
how to tell if you re a picky eater,,0,,0.00,0.33,
how to tell if your toddler is a picky eater,,0,,0.00,0.00,
how to tell if youre a picky eater,,0,,0.00,0.00,
how to thicken bowels if picky eater,,0,,0.00,0.00,
how to train a picky dog to eat,,0,,0.00,0.00,
how to train a picky eater eight year old,,0,,0.00,0.00,
how to train a picky eater toddler,,0,,0.00,0.00,
how to train a puppy picky eater,,0,,0.00,0.00,
how to transition from picky eater to building muscle,,0,,0.00,0.00,
how to transition picky cat to eat new food,,0,,0.00,0.00,
how to treat picky eater,,0,,0.00,0.00,
how to treat picky eater toddler,,0,,0.00,0.00,
how to treat picky eating,,0,,0.00,0.00,
how to trick a picky eater,,0,,0.00,0.00,
how to trick picky kids into eating veggies,,0,,0.00,0.00,
how to try new food as a picky eater,,0,,0.00,0.00,
how to turn around a picky eater,,0,,0.00,0.00,
how to visit japan as a picky eater,,0,,0.00,0.00,
how to write a letter for school for picky eater,,0,,0.00,0.00,
how to.feed a picky eater 10 year old,,0,,0.00,0.00,
http diet.lovetoknow.com diet-plans-programs diet-plan-picky-eater,,0,,0.00,0.00,
http insider.si.edu 2012 06 with-picky-eating-bats-avoid-poison-prey,,0,,0.00,0.00,
http msue.anr.msu.edu news preschoolers_making_food_fun_for_the_picky_eater,,0,,0.00,0.00,
http myhealthoc.org picky-eaters-can-eat-healthy-too,,0,,0.00,0.00,
http pets.webmd.com dogs guide when-your-dog-is-a-picky-eater,,0,,0.00,0.00,
http time.com 3981050 picky-eating-health-risks,,0,,0.00,0.00,
http www.cracked.com blog the-picky-eater-at-thanksgiving-might-have-disorder,,0,,0.00,0.00,
http www.scarymommy.com club-mid six-words-that-will-end-picky-eating,,0,,0.00,0.00,
http www.scarymommy.com six-words-that-will-end-picky-eating,,0,,0.00,0.00,
http www.scarymommy.com six-words-that-will-end-picky-eating utm_source fb,,0,,0.00,0.00,
http www.seriouseats.com 2018 02 in-defense-of-picky-eating.html src longreads,,0,,0.00,0.00,
http www.thisisgoodgood.com infantino-squeeze-station-make-food-picky-eater,,0,,0.00,0.00,
https feedingmykid.com article picky-eater-help-food-chaining,,0,,0.00,0.00,
https mymunchbug.com category parenting-a-picky-eater,,0,,0.00,0.00,
https thetakeout.com when-picky-eating-becomes-an-affliction-1798256102,,0,,0.00,0.00,
https www.askdrsears.com news sears-family-blog how-get-picky-eater-eat-more,,0,,0.00,0.00,
https www.babble.com best-recipes 50-best-recipes-for-kids-picky-eater-healthy,,0,,0.00,0.00,
https www.babycenter.com 0_how-to-handle-a-picky-eater-ages-2-to-4_64302.bc,,0,,0.00,0.00,
https www.pinterest.com explore picky-eater-meals lp true,,0,,0.00,0.00,
https www.seriouseats.com 2018 02 in-defense-of-picky-eating.html src longreads,,0,,0.00,0.00,
https www.theguineapigforum.co.uk threads very-picky-eater.145062 unread,,0,,0.00,0.00,
huel picky eater,,0,,0.00,0.00,
human foods for picky eater canines,,0,,0.00,0.00,
husband a picky eater,,0,,0.00,0.00,
husband picky eater in front of kids,,0,,0.00,0.00,
husband stressed picky eater,,0,,0.00,0.00,
husband stressed toddler picky eater,,0,,0.00,0.00,
husband very picky eater,,0,,0.00,0.00,
husky puppy picky eater,,0,,0.00,0.00,
husky super picky eater,,0,,0.00,0.00,
husky very picky eater,,0,,0.00,0.00,
hypersensitivity asd picky eating,,0,,0.00,0.00,
hyperthroid cat picky eater,,0,,0.00,0.00,
hypnosis for picky eating 55147,,0,,0.00,0.00,
hypnosis for picky eating kids,,0,,0.00,0.00,
hypnosis picky eater,,0,,0.00,0.00,
hypnotherapy picky eating,,0,,0.00,0.00,
i am a picky eater help,,0,,0.00,0.00,
i am a picky eater how do i budget,,0,,0.00,0.00,
i am a picky eater in spanish,,0,,0.00,0.00,
i am a picky eater who gags a lot,,0,,0.00,0.00,
i am a really picky eater,,0,,0.00,0.00,
i am a super picky eater,,0,,0.00,0.00,
i am not a picky eater at all in spanish,,0,,0.00,0.00,
i am not a picky eater in spanish,,0,,0.00,0.00,
i am picky eater meaning,,0,,0.00,0.00,
i am such a picky eater,,0,,0.00,0.00,
i can solve picky eating,,0,,0.00,0.00,
i can't afford to feed a picky eater teen,,0,,0.00,0.00,
i can't stand adults being picky eater your 27,,0,,0.00,0.00,
i don't know how to eat well because i'm picky,,0,,0.00,0.00,
i hate food gag reflex kicks in picky eater,,0,,0.00,0.00,
i have a picky eater dog,,0,,0.00,0.00,
i have maltese who is an extremely picky eater,,0,,0.00,0.00,
i m a picky eater,,0,,0.00,0.00,
i m a picky eater help,,0,,0.00,0.00,
i m a picky eater how can i lose weight,,0,,0.00,0.00,
i m a picky eater reddit,,0,,0.00,0.00,
i m a very picky eater and pregnant,,0,,0.00,0.00,
i m an extremely picky eater,,0,,0.00,0.00,
i m not a picky eater,,0,,0.00,0.33,
i m very picky eater and i m pregnant,,0,,0.00,0.00,
i need to use wieht and i'm a picky eater,,0,,0.00,0.00,
i picky but i want to eat healthy,,0,,0.00,0.00,
i want to be healthy nut im a picky eater,,0,,0.00,0.00,
i want to eat healthier but i a picky eater,,0,,0.00,0.00,
i want to eat healthy but im a picky eater,,0,,0.00,0.00,
i was a picky eater,,0,,0.00,0.00,
i wasn't allowed to be a picky eater meme,,0,,0.00,0.00,
i will not cook for a picky eater,,0,,0.00,0.00,
i will not ever never eat a tomato picky eaters,,0,,0.00,0.00,
i'm a nontaster but i'm a picky eater,,0,,0.00,0.00,
i'm a picky eater,,0,,0.00,0.00,
i'm a picky eater and i hate it,,0,,0.00,0.00,
i'm a picky eater and i need to eat healthy,,0,,0.00,0.00,
i'm a picky eater but i don't want to be,,0,,0.00,0.00,
i'm a picky eater how can i lose weight,,0,,0.00,0.00,
i'm a picky eater reddit,,0,,0.00,0.00,
i'm a very picky eater,,0,,0.00,0.00,
i'm an extremely picky eater,,0,,0.00,0.00,
i'm an overly picky eater and dinner is a nightmare,,0,,0.00,0.00,
i'm not a picky eater meme,,0,,0.00,0.00,
i'm not picky i will eat anything white,,0,,0.00,0.00,
ibd vs picky eating dog,,0,,0.00,0.00,
icd 10 cm code for picky eater,,0,,0.00,0.00,
icd 10 cm diagnosis for picky eater,,0,,0.00,0.00,
icd 10 diagnosis code for picky eater,,0,,0.00,0.00,
icd 10 picky eater child,,0,,0.00,0.00,
icd code picky eating,,0,,0.00,0.00,
icd picky eater,,0,,0.00,0.00,
icd-10 code for picky eater,,0,,0.00,0.33,
icd-10 picky eater,,0,,0.00,0.33,
icd10 code for picky eater,,0,,0.00,0.00,
icd10 code picky eater,,0,,0.00,0.00,
ideas for a picky eater toddler,,0,,0.00,0.00,
ideas for picky eating child,,0,,0.00,0.00,
if chicken tasted like chocolate a picky eater story,,0,,0.00,0.00,
if chicken tasted like chocolate a picky eater story book,,0,,0.00,0.00,
if chicken tasted like chocolate cake a picky eater story,,0,,0.00,0.00,
if my child is a picky eater,,0,,0.00,0.00,
if youre a picky eater while pregnant,,0,,0.00,0.00,
iguana picky eater,,0,,0.00,0.00,
im a picky eater but defensive about food,,0,,0.00,0.00,
im a picky eater but i like salad,,0,,0.00,0.00,
im a picky eater going to japan,,0,,0.00,0.00,
im a picky eater keto,,0,,0.00,0.00,
im a very picky eater,,0,,0.00,0.00,
im an extremely picky eater,,0,,0.00,0.00,
im not a picky eater,,0,,0.00,0.33,
im not picky i can eat the same thing everyday,,0,,0.00,0.00,
im q picky eater,,0,,0.00,0.00,
ima very picky eater and im pregnant,,0,,0.00,0.00,
improve picky eating,,0,,0.00,0.00,
in japan as a picky eater,,0,,0.00,0.00,
increasing the variety of foods consumed by a picky eater,,0,,0.00,0.00,
indian food for picky eater,,0,,0.00,0.00,
indian recipes for 2 year old picky eater,,0,,0.00,0.00,
information on picky eating,,0,,0.00,0.00,
intervention for patient that is picky eater,,0,,0.00,0.00,
intervention for patient that is picky eater in adult,,0,,0.00,0.00,
interview dog picky eater,,0,,0.00,0.00,
intext why travel picky eater,,0,,0.00,0.00,
introversion picky eater,,0,,0.00,0.00,
intuitive eating kids picky eater,,0,,0.00,0.00,
invited to eat out picky eater,,0,,0.00,0.00,
inviting a picky eater over,,0,,0.00,0.00,
irish wolfhound picky eater,,0,,0.00,0.00,
is a bear a picky eater,,0,,0.00,0.00,
is a groundhog a picky eater,,0,,0.00,0.00,
is a picky eater a disorder,,0,,0.00,0.00,
is arfid the same as picky eating,,0,,0.00,0.00,
is autistic 3 year old is picky to eat,,0,,0.00,0.00,
is being a picky eater a deal breaker,,0,,0.00,0.00,
is being a picky eater a mental illness,,0,,0.00,0.00,
is being a picky eater a red flag,,0,,0.00,0.00,
is being a picky eater a symptom of anxiety,,0,,0.00,0.00,
is being a picky eater good,,0,,0.00,0.00,
is being a picky eater sign of autism,,0,,0.00,0.00,
is being a picky eater unattractive,,0,,0.00,0.00,
is being picky a eating disorder,,0,,0.00,0.00,
is being picky an eating disorder,,0,,0.00,0.00,
is being picky in eating disorder,,0,,0.00,0.00,
is doja cat a picky eater,,0,,0.00,0.00,
is extreme picky eating a disorder,,0,,0.00,0.00,
is extreme picky eating an eating disorder,,0,,0.00,0.00,
is it bad if my dog is a picky eater,,0,,0.00,0.00,
is it good to be a picky eater,,0,,0.00,0.00,
is it ok for dog to be picky eater,,0,,0.00,0.00,
is it okay to be a picky eater,,0,,0.00,0.33,
is it picky to only eat junk food,,0,,0.00,0.00,
is my cat being a picky eater,,0,,0.00,0.00,
is my child a picky eater,,0,,0.00,0.00,
is my child a picky eater quiz,,0,,0.00,0.00,
is my dog sick or a picky eater,,0,,0.00,0.00,
is packing my picky eater lunch enabling,,0,,0.00,0.00,
is picky eater a sign of autism,,0,,0.00,0.00,
is picky eaters at eating disorder that causes osteoporosis,,0,,0.00,0.00,
is picky eating a disorder or a lack of discipline,,0,,0.00,0.00,
is picky eating a first world problem,,0,,0.00,0.00,
is picky eating a lack of discipline,,0,,0.00,0.00,
is picky eating a mental disorder,,0,,0.00,0.00,
is picky eating a sign of a sheltered child,,0,,0.00,0.00,
is picky eating a sign of anxiety,,0,,0.00,0.00,
is picky eating a sign of autism in adults,,0,,0.00,0.00,
is picky eating an eating disorder jacobi,,0,,0.00,0.00,
is picky eating childish,,0,,0.00,0.00,
is picky eating common in children,,0,,0.00,0.00,
is picky eating cultural,,0,,0.00,0.00,
is picky eating immature,,0,,0.00,0.00,
is picky eating in adults,,0,,0.00,0.00,
is picky eating in overweifht adults a disorder,,0,,0.00,0.00,
is picky eating normal in toddlers,,0,,0.00,0.00,
is picky eating related to blindness,,0,,0.00,0.00,
is picky eating relief for sheltered child,,0,,0.00,0.00,
is pressure to eat effective to deal with picky eating,,0,,0.00,0.00,
is prince charles picky eater,,0,,0.00,0.00,
is restrictive eating effective to deal with picky eating,,0,,0.00,0.00,
is restrictive feeding effective to deal with picky eating,,0,,0.00,0.00,
is rihanna a picky eater,,0,,0.00,0.00,
is the havanese a picky eater,,0,,0.00,0.00,
is there a cure for picky eating,,0,,0.00,0.00,
is there a tie between picky eating and adhd,,0,,0.00,0.00,
is there an eating disorder for being a picky eater,,0,,0.00,0.00,
is trump a picky eater,,0,,0.00,0.00,
is zolo a picky eater,,0,,0.00,0.00,
it not good to be a picky eater,,0,,0.00,0.00,
it's embarrassing being a picky eater,,0,,0.00,0.00,
italian mastiff picky eater,,0,,0.00,0.00,
jack dempsey extremely picky eater,,0,,0.00,0.00,
jack russell picky eater,,0,,0.00,0.00,
jacksom galaxy cat picky eater,,0,,0.00,0.00,
janet lansbury picky eater,,0,,0.00,0.00,
japan mother makes fish picky eater,,0,,0.00,0.00,
japanese chin picky eater,,0,,0.00,0.00,
jaundice from picky eating,,0,,0.00,0.00,
jenna helwig picky eater,,0,,0.00,0.00,
jill castle when to worry about picky eater,,0,,0.00,0.00,
jin being a picky eater,,0,,0.00,0.00,
judie byrd feed your picky eater,,0,,0.00,0.00,
judie byrds kitchen picky eater,,0,,0.00,0.00,
just picky eater,,0,,0.00,0.00,
just turned 5 months is getting picky about eating,,0,,0.00,0.00,
kathy sdao picky eater,,0,,0.00,0.00,
kay toomey picky eating,,0,,0.00,0.00,
kelly dorfman picky eater,,0,,0.00,0.00,
keto detox diet for picky eater,,0,,0.00,0.00,
keto diet for the picky eater,,0,,0.00,0.00,
keto diet when your a picky eater,,0,,0.00,0.00,
keto for the picky eater,,0,,0.00,0.00,
keto meal plan for picky eater,,0,,2.23,1.00,
keto meal plan picky eater,,0,,0.00,0.00,
keto recipes for a picky eater,,0,,0.00,0.00,
keto snacks reddit picky eater,,0,,0.00,0.00,
kevin costner picky eater,,0,,0.00,0.00,
kibble dog food for picky eater,,0,,0.00,0.00,
kibble for picky eater,,0,,0.00,0.00,
kick picky eating adult,,0,,0.00,0.00,
kid cookbook for picky eater,,0,,0.00,0.00,
kid dinner recipes picky eater,,0,,0.00,0.00,
kid friendly picky eater recipes,,0,,0.00,0.00,
kid is a picky eater,,0,,0.00,0.00,
kid is picky eater,,0,,0.00,0.00,
kid picky eater,,0,,0.00,0.00,
kid picky eater food,,0,,0.00,0.00,
kid picky eater meme,,0,,0.00,0.00,
kid picky eater recipes,,0,,0.00,0.00,
kid recipe picky eater,,0,,0.00,0.00,
kidney disease dog picky eating,,0,,0.00,0.00,
kidney dog food picky dogs will eat,,0,,0.00,0.00,
kids book about a picky eating goat,,0,,0.00,0.00,
kids eat in color picky eater,,0,,0.00,0.00,
kids eating disorder picky eating,,0,,0.00,0.00,
kids lunch ideas for picky eater,,0,,0.00,0.00,
kids lunch ideas picky eater,,0,,0.00,0.00,
kids lunch picky eater,,0,,0.00,0.00,
kids multivitamin picky eater,,0,,0.00,0.00,
kids picky eater,,0,,0.00,0.00,
kids picky eater dinner ideas,,0,,0.00,0.00,
kids picky eater food list,,0,,0.00,0.00,
kids picky eater granola bars,,0,,0.00,0.00,
kids picky eater lunch ideas,,0,,0.00,0.00,
kids picky eater lunch ideas no refrigerator,,0,,0.00,0.00,
kids picky eater meals,,0,,0.00,0.00,
kids picky eater vitamins,,0,,0.00,0.00,
kids picky eating,,0,,0.00,0.00,
kids picky eating disorder,,0,,0.00,0.00,
kids starting school picky eater,,0,,0.00,0.00,
kidshealth picky eater,,0,,0.00,0.00,
kind picky eater,,0,,0.00,0.00,
kindergartner picky eater,,0,,0.00,0.00,
kitten is a picky eater,,0,,0.00,0.00,
klinik picky eater,,0,,0.00,0.00,
kode icd 10 picky eater,,0,,0.00,0.00,
korea phrase for picky eater,,0,,0.00,0.00,
korean bbq for the picky eater,,0,,0.00,0.00,
korean word for picky eater,,0,,0.00,0.00,
lab picky eater,,0,,0.00,0.00,
lab puppy picky eater,,0,,0.00,0.00,
labrador picky eater at 1 year,,0,,0.00,0.00,
lactose intolerant picky eater,,0,,0.00,0.00,
lds seder dinner for picky eater kids,,0,,0.00,0.00,
learning to not be a picky eater reddit,,0,,0.00,0.00,
let picky eater go hungry,,0,,0.00,0.00,
letter for school for picky eater,,0,,0.00,0.00,
letter for school picky eater,,0,,0.00,0.00,
levels of picky eater,,0,,0.00,0.00,
lhasa apso picky eater,,0,,0.00,0.00,
lifehacker picky eater,,0,,0.00,0.00,
like a picky eater crossword,,0,,0.00,0.00,
lil yatchy is a picky eater,,0,,0.00,0.00,
lil yatchy picky eater,,0,,0.00,0.00,
list of foods for picky eater who only eats chicken,,0,,0.00,0.00,
list of foods picky eaters won t eat,,0,,0.00,0.33,
list of foods picky eaters wont eat,,0,,0.00,0.00,
living books dw the picky eater download,,0,,0.00,0.00,
living with a picky eater,,0,,0.00,0.00,
living with picky eater,,0,,0.00,0.00,
lose weight picky eater,,0,,3.68,0.99,
losing weight as a picky eater reddit,,0,,0.00,0.00,
losing weight for a picky eater afte50,,0,,0.00,0.00,
losing weight for a picky eater over 50,,0,,0.00,0.00,
losing weight when you are a picky eater,,0,,0.00,0.00,
loss of picky-eating fish threatens coral reef food webs,,0,,0.00,0.00,
lost dog picky eater,,0,,0.00,0.00,
low caloie lunches picky eater,,0,,0.00,0.00,
low carb instant pot picky eater,,0,,0.00,0.00,
low carb meal plan picky eater,,0,,0.00,0.00,
low carb meals for a picky eater,,0,,0.00,0.00,
low carb picky eater kids,,0,,0.00,0.00,
low fat dog food for picky eater,,0,,0.00,0.00,
low pain threshold picky eating,,0,,0.00,0.00,
low sodium snacks picky eater,,0,,0.00,0.00,
lunch at work for picky eater,,0,,0.00,0.00,
lunch for picky eater,,0,,0.39,0.91,
lunch for picky eater toddler,,0,,0.00,0.00,
lunch idea for picky eater,,0,,0.00,0.00,
lunch idea picky eater,,0,,0.00,0.00,
lunch ideas for 13 month old very picky eater,,0,,0.00,0.00,
lunch ideas for 18 month old picky eater,,0,,0.00,0.00,
lunch ideas for kids at school picky eater,,0,,0.00,0.00,
lunch ideas for picky eater kids,,0,,0.00,0.00,
lunch ideas for the picky eater,,0,,0.40,0.93,
lunch ideas picky eater,,0,,0.00,0.00,
lunch meals picky kids will eat,,0,,0.00,0.00,
maine coon kitten picky eater,,0,,0.00,0.00,
maine coon picky eater,,0,,0.00,0.00,
makanan anak picky eater,,0,,0.00,0.00,
making of a picky eater,,0,,0.00,0.00,
malamute picky eater,,0,,0.00,0.00,
maltese dog picky eater,,0,,0.00,0.00,
maltese puppy picky eater,,0,,0.00,0.00,
maltese very picky eater,,0,,0.00,0.00,
maltipoo puppy picky eater,,0,,0.00,0.00,
maple leaf commercial picky eater,,0,,0.00,0.00,
maple leaf picky eater commercial,,0,,0.00,0.00,
marrying a picky eater,,0,,0.00,0.00,
mastiff picky eater,,0,,0.00,0.00,
meal delivery service picky eater,,0,,0.00,0.00,
meal guide for a picky eater,,0,,0.00,0.00,
meal ideas for 2 year old picky eater,,0,,0.00,0.00,
meal ideas for picky eater,,0,,0.00,0.00,
meal ideas for picky toddlers that only eat carbs,,0,,0.00,0.00,
meal ideas for the picky eater,,0,,0.00,0.00,
meal ideas for toddlers picky eater,,0,,0.00,0.00,
meal plan for picky eater,,0,,2.92,0.95,
meal plan for preschoolers picky eater,,0,,0.00,0.00,
meal plan picky eater food list,,0,,2.92,0.95,
meal prep for picky eater,,0,,1.80,0.94,
meal prep picky eater,,0,,0.00,0.00,
meal prepping for a picky eater,,0,,0.00,0.00,
meals for a six year old picky eater,,0,,0.00,0.00,
meals for one year old picky eater,,0,,0.00,0.00,
meals for picky eater 6 years old,,0,,0.00,0.00,
meals for picky eater kids,,0,,0.00,0.00,
meals for picky eater single,,0,,0.00,0.00,
meals kids will eat for picky eaters,,0,,0.00,0.00,
meals picky toddlers will eat,,0,,0.00,0.00,
meals that picky kids will eat,,0,,0.00,0.00,
meals to eat for picky eaters,,0,,0.00,0.00,
meals to make for a picky eater,,0,,0.00,0.00,
mealtime works picky eating program,,0,,0.00,0.00,
meaning of picky eater in hindi,,0,,0.00,0.00,
medical term for picky eating,,0,,0.00,0.00,
mediterranean diet picky eater,,0,,0.00,0.00,
megan mcardle picky eater,,0,,0.00,0.00,
megan pesch picky eater,,0,,0.00,0.00,
melanie potock picky eater course,,0,,0.00,0.00,
melanie potock picky eating,,0,,0.00,0.00,
melissa d'arabian picky eater project,,0,,0.00,0.00,
meme picky eater,,0,,0.00,0.00,
mengatasi anak picky eater,,0,,0.00,0.00,
menu for 3 year old picky eater,,0,,0.00,0.00,
menu for picky eater toddler,,0,,0.00,0.00,
menu for picky eater toddler philippines,,0,,0.00,0.00,
menu plan for adhd child picky eater,,0,,0.00,0.00,
michael jackson picky eater,,0,,0.00,0.00,
mild autism and picky eating,,0,,0.00,0.00,
milk for picky eater toddler,,0,,0.00,0.00,
mini dachshund picky eater,,0,,0.00,0.00,
mini goldendoodle picky eater,,0,,0.00,0.00,
mini pig picky eater,,0,,0.00,0.00,
miniature schnauzer picky eater,,0,,0.00,0.00,
molecular gastronomy picky eater,,0,,0.00,0.00,
mom beating bear to get picky son to eat,,0,,0.00,0.00,
more than just a picky eater,,0,,0.00,0.00,
more than picky eating,,0,,0.00,0.00,
morkie picky eater,,0,,0.00,0.00,
morphology of a picky eater a novel mechanism,,0,,0.00,0.00,
most common picky eater,,0,,0.00,0.00,
most common picky eater foods,,0,,0.00,0.00,
most common type of picky eater,,0,,0.00,0.00,
most effective nutritional drinks for picky eating babies toddlers,,0,,0.00,0.00,
most picky eating behaviors during the preschool years are,,0,,0.00,0.00,
most polite picky eater,,0,,0.00,0.00,
most respectful picky eater,,0,,0.00,0.00,
most respectful picky eater ever,,0,,0.00,0.00,
mother makes sushi picky eater,,0,,0.00,0.00,
moving countries for the picky eater,,0,,0.00,0.00,
mrs piggle wiggle picky eater,,0,,0.00,0.00,
my 1 year old is a picky eater,,0,,0.00,0.00,
my 1 year old is a very picky eater,,0,,0.00,0.00,
my 1 year old is picky eater,,0,,0.00,0.00,
my 10 month old picky eater,,0,,0.00,0.00,
my 10 year old is a picky eater,,0,,0.00,0.00,
my 10 year old son is a picky eater,,0,,0.00,0.00,
my 11 month old is very picky eater,,0,,0.00,0.00,
my 11 year old is a picky eater,,0,,0.00,0.00,
my 11 year-old is a picky eater,,0,,0.00,0.00,
my 11 yearold is a picky eater,,0,,0.00,0.00,
my 12 month old is a picky eater,,0,,0.00,0.00,
my 12 year old is a picky eater,,0,,0.00,0.00,
my 12 year old son is a picky eater,,0,,0.00,0.00,
my 13 month old is a very picky eater,,0,,0.00,0.00,
my 16 month old picky eater,,0,,0.00,0.00,
my 17 month old has become a picky eater,,0,,0.00,0.00,
my 19 month old is a picky eater,,0,,0.00,0.00,
my 2 1 2 year old is a picky eater,,0,,0.00,0.00,
my 2 1/2 year old is a picky eater,,0,,0.00,0.00,
my 2 year old daughter is a picky eater,,0,,0.00,0.00,
my 2 year old has become a picky eater,,0,,0.00,0.00,
my 2 year old is a picky eater,,0,,0.00,0.00,
my 2 year old is a picky eater help,,0,,0.00,0.00,
my 2 year old is a very picky eater,,0,,0.00,0.00,
my 2 year old is an extremely picky eater,,0,,0.00,0.00,
my 2 year old is picky eater,,0,,0.00,0.00,
my 2 year old is such a picky eater,,0,,0.00,0.00,
my 2 year old is very picky eater,,0,,0.00,0.00,
my 2 year old picky eater,,0,,0.00,0.00,
my 2 year old son is a picky eater,,0,,0.00,0.00,
my 2 year old very picky eater,,0,,0.00,0.00,
my 2 yr old is a picky eater,,0,,0.00,0.00,
my 20 month old is a very picky eater,,0,,0.00,0.00,
my 22 months old picky eater,,0,,0.00,0.00,
my 3 year old is a picky eater,,0,,0.00,0.00,
my 3 year old is a very picky eater,,0,,0.00,0.00,
my 3 year old is very picky eater,,0,,0.00,0.00,
my 3 year old picky eater,,0,,0.00,0.00,
my 3 yr old is a picky eater,,0,,0.00,0.00,
my 4 year old is a picky eater,,0,,0.00,0.00,
my 4 year old is a very picky eater,,0,,0.00,0.00,
my 4 year old is picky eater,,0,,0.00,0.00,
my 4 year old picky eater,,0,,0.00,0.00,
my 4 yearold has become a picky eater,,0,,0.00,0.00,
my 5 year old is a picky eater,,0,,0.00,0.00,
my 5 year old is a very picky eater,,0,,0.00,0.00,
my 5 year old is a very picky eater& 39,,0,,0.00,0.00,
my 5 year old is a very picky eater',,0,,0.00,0.00,
my 5 year old is picky eater,,0,,0.00,0.00,
my 5 year old picky eater,,0,,0.00,0.00,
my 6 month old is a picky eater,,0,,0.00,0.00,
my 6 year old boy very picky eater,,0,,0.00,0.00,
my 6 year old is a picky eater,,0,,0.00,0.00,
my 6 year old is an extremely picky eater,,0,,0.00,0.00,
my 7 month old shih tzu is a picky eater,,0,,0.00,0.00,
my 7 year old is a picky eater,,0,,0.00,0.00,
my 7 year-old is a picky eater,,0,,0.00,0.00,
my 8 month old is a picky eater,,0,,0.00,0.00,
my 8 year old is a picky eater,,0,,0.00,0.00,
my 9 month old is a picky eater,,0,,0.00,0.00,
my 9 year old is a picky eater,,0,,0.00,0.00,
my 9 yrs old daughter is a very picky eater,,0,,0.00,0.00,
my american bully is a picky eater,,0,,0.00,0.00,
my autistic son is a picky eater,,0,,0.00,0.00,
my baby has become a picky eater,,0,,0.00,0.00,
my baby has picky eater,,0,,0.00,0.00,
my baby is a picky eater,,0,,0.00,0.00,
my baby is a picky eater what should i do,,0,,0.00,0.00,
my baby is a very picky eater,,0,,0.00,0.00,
my baby is becoming a picky eater,,0,,0.00,0.00,
my baby is picky eater,,0,,0.00,0.00,
my baby picky eater,,0,,0.00,0.00,
my beagle is a picky eater,,0,,0.00,0.00,
my bearded dragon is a picky eater,,0,,0.00,0.00,
my betta fish is a picky eater,,0,,0.00,0.00,
my betta is really picky eater,,0,,0.00,0.00,
my bichon frise is a picky eater,,0,,0.00,0.00,
my bird is a picky seed eater,,0,,0.00,0.00,
my boxer puppy is a picky eater,,0,,0.00,0.00,
my boyfriend grew up as a picky eater,,0,,0.00,0.00,
my boyfriend is a picky eater reddit,,0,,0.00,0.00,
my boyfriend is a picky eater sick,,0,,0.00,0.00,
my bunny is a picky eater,,0,,0.00,0.00,
my cane corso is a very picky eater,,0,,0.00,0.00,
my cat has become super picky eater,,0,,0.00,0.00,
my cat is a picky eater redddit,,0,,0.00,0.00,
my cat is becoming a picky eater,,0,,0.00,0.00,
my cat is picky and won t eat,,0,,0.00,0.99,
my cat is picky and won't eat her wet food,,0,,0.00,0.00,
my cat is picky and wont eat,,0,,0.00,0.00,
my cat is picky eater,,0,,2.00,0.87,
my cat is suddenly a picky eater,,0,,0.00,0.00,
my cat picky eater,,0,,2.00,0.87,
my cat turned into a picky eater,,0,,0.00,0.00,
my cat won't eat wet or dry food anymore picky,,0,,0.00,0.00,
my chihuahua is picky eater,,0,,0.00,0.00,
my child has not outgrown picky eating at 12,,0,,0.00,0.00,
my child is a picky eater,,0,,0.00,0.00,
my child is a picky eater what to do,,0,,0.00,0.00,
my child is a very picky eater,,0,,0.00,0.00,
my child is extremely picky eater,,0,,0.00,0.00,
my child is picky eater,,0,,0.00,0.00,
my child is such a picky eater,,0,,0.00,0.00,
my child is very picky eater,,0,,0.00,0.00,
my child's a picky eater,,0,,0.00,0.00,
my chizer is a very picky eater,,0,,0.00,0.00,
my cockapoo puppy is a picky eater,,0,,0.00,0.00,
my daughter is a very picky eater,,0,,0.00,0.00,
my diabetic dog is a picky eater,,0,,0.00,0.00,
my dog are so picky and won't eat,,0,,0.00,0.00,
my dog becomes a picky eater in the summer,,0,,0.00,0.00,
my dog has suddenly become picky about eating,,0,,0.00,0.00,
my dog has turned into a picky eater,,0,,0.00,0.00,
my dog is a picky eater and won t eat,,0,,4.99,0.99,
my dog is a picky eater and won& 39,,0,,0.00,0.00,
my dog is a picky eater and wont eat,,0,,0.00,0.00,
my dog is a picky eater nibles at food,,0,,0.00,0.00,
my dog is a picky eater reddit,,0,,0.00,0.00,
my dog is a picky eater yahoo answers,,0,,0.00,0.00,
my dog is becoming a picky eater,,0,,4.14,0.90,
my dog is becoming increasingly picky about eating,,0,,0.00,0.00,
my dog is becoming increasingly picky about eating trackid sp-006,,0,,0.00,0.00,
my dog is being picky and won t eat,,0,,3.92,0.84,
my dog is being picky and wont eat,,0,,0.00,0.00,
my dog is picky and won t eat,,0,,3.89,0.99,
my dog is picky and wont eat,,0,,0.00,0.00,
my dog is picky eater would go days without food,,0,,0.00,0.00,
my dog is so picky he won t eat,,0,,4.27,1.00,
my dog is so picky he wont eat,,0,,0.00,0.00,
my dog is so picky will not eat,,0,,0.00,0.00,
my dog is super picky and won't eat,,0,,5.40,1.00,
my dog is super picky and wont eat,,0,,0.00,0.00,
my dog is very picky eater what can i do,,0,,0.00,0.00,
my dogis not eating very much as is picky,,0,,0.00,0.00,
my ferret is a picky eater,,0,,0.00,0.00,
my five year old is a very picky eater,,0,,0.00,0.00,
my french bulldog is a picky eater,,0,,0.00,0.00,
my friend is a picky eater,,0,,0.00,0.00,
my gerbil is a picky eater,,0,,0.00,0.00,
my german shepherd picky eater,,0,,0.00,0.00,
my gf is a picky eater,,0,,0.00,0.00,
my girlfriend is a picky eater,,0,,0.00,0.00,
my golden retriever is a picky eater,,0,,0.00,0.00,
my goldendoodle is a picky eater,,0,,0.00,0.00,
my great dane puppy is a picky eater,,0,,0.00,0.00,
my guinea pig is a picky eater,,0,,0.00,0.00,
my havanese is a picky eater,,0,,0.00,0.00,
my husband grew up as a picky eater,,0,,0.00,0.00,
my husband is such a picky eater,,0,,0.00,0.00,
my husky is a picky eater,,0,,3.36,0.69,
my husky is picky eater,,0,,0.00,0.00,
my kid is a picky eater,,0,,0.00,0.00,
my kid is a very picky eater,,0,,0.00,0.00,
my kitten has become a picky eater,,0,,0.00,0.00,
my leopard gecko is a picky eater,,0,,0.00,0.00,
my little dog is a picky eater,,0,,0.00,0.00,
my maltipoo is a picky eater,,0,,0.00,0.00,
my old dog is a picky eater,,0,,0.00,0.00,
my old lab is such a picky eater,,0,,0.00,0.00,
my one year old has become a picky eater,,0,,0.00,0.00,
my one year old is a picky eater,,0,,0.00,0.00,
my one year old is a very picky eater,,0,,0.00,0.00,
my one year old is becoming a picky eater,,0,,0.00,0.00,
my one year old is suddenly a picky eater,,0,,0.00,0.00,
my picky cat only will eat hard food,,0,,0.00,0.00,
my picky cat refuses to eat,,0,,0.00,0.00,
my picky dog won t eat,,0,,4.50,0.98,
my picky dog wont eat,,0,,0.00,0.00,
my picky eater blog,,0,,0.00,0.00,
my picky eater covers up new foods to try,,0,,0.00,0.00,
my picky eater recipes,,0,,0.00,0.00,
my picky eater won t eat,,0,,0.00,0.00,
my picky eater wont eat,,0,,0.00,0.00,
my picky toddler won t eat,,0,,0.00,0.00,
my pitbull puppy is a picky eater,,0,,0.00,0.00,
my pomeranian is a picky eater,,0,,0.00,0.00,
my pregnant dog is a picky eater,,0,,0.00,0.00,
my pug is a picky eater,,0,,0.00,0.00,
my puppy being picky eater,,0,,0.00,0.00,
my puppy is a picky eater after eating fine,,0,,0.00,0.00,
my puppy is becoming a picky eater,,0,,0.00,0.00,
my puppy is being a picky eater,,0,,0.00,0.00,
my puppy picky eater,,0,,0.00,0.00,
my rat is a picky eater,,0,,0.00,0.00,
my rescue dog is a picky eater,,0,,0.00,0.00,
my senior dog is a picky eater,,0,,0.00,0.00,
my shiba picky eater,,0,,0.00,0.00,
my siberian husky is a picky eater,,0,,0.00,0.00,
my sim is a picky eater,,0,,0.00,0.00,
my six year old son is a picky eater,,0,,0.00,0.00,
my son is a picky eater what does daycare do,,0,,0.00,0.00,
my son is picky eater,,0,,0.00,0.00,
my spouse is a picky eater,,0,,0.00,0.00,
my teenage daughter is a picky eater,,0,,0.00,0.00,
my teenage son is a picky eater,,0,,0.00,0.00,
my toddler extremely picky eater,,0,,0.00,0.00,
my toddler has become a picky eater,,0,,0.00,0.00,
my toddler is a picky eater and wont eat,,0,,0.00,0.00,
my toddler is a picky eater what should i do,,0,,0.00,0.00,
my toddler is a picky eater what to do,,0,,0.00,0.00,
my toddler is a super picky eater,,0,,0.00,0.00,
my toddler is a very picky eater,,0,,0.00,0.00,
my toddler is an extremely picky eater,,0,,0.00,0.00,
my toddler is anemic but is a picky eater,,0,,0.00,0.00,
my toddler is becoming a picky eater,,0,,0.00,0.00,
my toddler is picky and won't eat,,0,,0.00,0.00,
my toddler is picky eater,,0,,0.00,0.00,
my toddler picky eater,,0,,0.00,0.00,
my toddler very picky eater,,0,,0.00,0.00,
my two year old is a picky eater,,0,,0.00,0.00,
my two year old is becoming a picky eater,,0,,0.00,0.00,
my two year old picky eater,,0,,0.00,0.00,
my yorkie picky eater,,0,,0.00,0.00,
myplate picky eater,,0,,0.00,0.00,
name a food a picky eater wont touch,,0,,0.00,0.00,
name a food a picky eater would not touch,,0,,0.00,0.00,
name a food a picky eater wouldn t touch,,0,,0.00,0.00,
name a food a picky eater wouldn't touch,,0,,0.00,0.00,
name a food a picky eater wouldn't touch.,,0,,0.00,0.00,
name a food a picky eater wouldnt touch,,0,,0.00,0.00,
name a food a picky eater wouldnt touch.,,0,,0.00,0.00,
name for a picky eater,,0,,0.00,0.00,
name two ways to combat picky eating,,0,,0.00,0.00,
nancy zucker picky eating,,0,,0.00,0.00,
nanny connie picky eater,,0,,0.00,0.00,
naso tang picky eater,,0,,0.00,0.00,
nathan mackinnon picky eater,,0,,0.00,0.00,
nations that are picky eater,,0,,0.00,0.00,
navigating your picky eater,,0,,0.00,0.00,
negative effects of picky eating,,0,,0.00,0.00,
neophobia extremely picky eating,,0,,0.00,0.00,
neophobia extremely picky eating support groups in my area,,0,,0.00,0.00,
neosure side effects picky eating,,0,,0.00,0.00,
nergigante picky eater,,0,,0.00,0.00,
never get invited to restaurants because i'm a picky eater,,0,,0.00,0.00,
never get invited to restaurants because im a picky eater,,0,,0.00,0.00,
new dog picky eater,,0,,0.00,0.00,
new eating disorders picky eaters,,0,,0.00,0.00,
new puppy picky eater,,0,,0.00,0.00,
newfie picky eater contest,,0,,0.00,0.00,
newfoundland picky eater,,0,,0.00,0.00,
nhs picky eating toddler repeated exposure 10 times,,0,,0.00,0.00,
nhs picky eating toddlers advice,,0,,0.00,0.00,
nhs picky eating toddlers repeated exposure 10 times,,0,,0.00,0.00,
nhs toddler picky eater repeated exposure 10 times,,0,,0.00,0.00,
nhs toddler picky eating repeated exposure 10 times,,0,,0.00,0.00,
nice way to say picky eater,,0,,0.00,0.00,
nicer term for picky eater,,0,,0.00,0.00,
niqui picky eater,,0,,0.00,0.00,
niquita picky eater,,0,,0.00,0.00,
nit raising picky eater,,0,,0.00,0.00,
niño picky eater,,0,,0.00,0.00,
niño picky eater pdf,,0,,0.00,0.00,
niños picky eater,,0,,0.00,0.00,
niños picky eater pdf,,0,,0.00,0.00,
no age limit for picky eating,,0,,0.00,0.00,
no age limit on picky eating,,0,,0.00,0.00,
no shes not just a picky eater,,0,,0.00,0.00,
nomnomnow picky eater,,0,,0.00,0.00,
nontaster but a picky eater,,0,,0.00,0.00,
not a picky eater at all,,0,,0.00,0.00,
not a picky eater don& 39,,0,,0.00,0.00,
not a picky eater meme,,0,,0.00,0.00,
not being a picky eater,,0,,0.00,0.00,
not giving in to picky eater,,0,,0.00,0.00,
not picky eater crossword,,0,,0.00,0.00,
not picky eater meaning,,0,,0.00,0.00,
not picky eater meme,,0,,0.00,0.00,
not-so-picky-eater,,0,,0.00,0.00,
notoriously picky eater,,0,,0.00,0.00,
nourishing bits and bites picky eater problem eater,,0,,0.00,0.00,
nourishingbitsandbites picky eater problem eater,,0,,0.00,0.00,
npr picky eater,,0,,0.00,0.33,
nursing diagnosis for child being picky eater,,0,,0.00,0.00,
nutrisystem for picky eater's,,0,,0.00,0.00,
nutrition issues in picky eater toddler,,0,,0.00,0.00,
nutro picky eater hard cat food,,0,,0.00,0.00,
nutro small breed picky eater,,0,,0.00,0.00,
nytime the picky eater project,,0,,0.00,0.00,
oatmeal for picky eater,,0,,0.00,0.00,
obese picky eater,,0,,0.00,0.00,
obese tween picky eater,,0,,0.00,0.00,
obesity and picky eating,,0,,0.00,0.00,
occupational therapist picky eater handout,,0,,0.00,0.00,
occupational therapist picky eater tricks,,0,,0.00,0.00,
occupational therapy and picky eating,,0,,0.00,0.00,
occupational therapy for the picky eater,,0,,0.00,0.00,
occupational therapy interventions for picky eater autism,,0,,0.00,0.00,
occupational therapy picky eating handouts,,0,,0.00,0.00,
ocd and picky eating,,0,,0.00,0.00,
ocd eating disorder picky,,0,,0.00,0.00,
ocd picky eating,,0,,0.00,0.00,
ocpd picky eater,,0,,0.00,0.00,
official picky eater test,,0,,0.00,0.00,
old cat being a picky eater,,0,,0.00,0.00,
old dog very picky eater,,0,,0.00,0.00,
older cat picky eater,,0,,0.00,0.00,
older cat picky eater drinks lots of water,,0,,0.00,0.00,
older chihuahua picky eater,,0,,0.00,0.00,
older child picky eater,,0,,0.00,0.00,
older dog becoming picky eater,,0,,0.00,0.00,
older dog is picky eater,,0,,0.00,0.00,
older horse is picky eater,,0,,0.00,0.00,
omolene 300 for picky eater,,0,,0.00,0.00,
one hungry mama picky eater,,0,,0.00,0.00,
one year old all of a sudden picky eater,,0,,0.00,0.00,
one year old baby picky eater,,0,,0.00,0.00,
one year old becoming picky eater,,0,,0.00,0.00,
one year old has become picky eater,,0,,0.00,0.00,
one year old is picky eater,,0,,0.00,0.00,
one year old is picky eater all of a sudden,,0,,0.00,0.00,
one year old picky eater,,0,,0.00,0.00,
one year old picky eater help,,0,,0.00,0.00,
one year old picky eater recipes,,0,,0.00,0.00,
one year old really picky eater,,0,,0.00,0.00,
one year old suddenly picky eater,,0,,0.00,0.00,
one year old very picky eater,,0,,0.00,0.00,
online feeding courses picky eating,,0,,0.00,0.00,
online feeding courses picky eating occupational therapy,,0,,0.00,0.00,
only human katy picky eater,,0,,0.00,0.00,
opening and closing to dw the picky eater,,0,,0.00,0.00,
oppositional defiant disorder and picky eating,,0,,0.00,0.00,
oral aversion vc picky eating,,0,,0.00,0.00,
oral or dental disorders that cause picky eating in toddler,,0,,0.00,0.00,
orcas picky eating,,0,,0.00,0.00,
organic vitamin for a picky eater,,0,,0.00,0.00,
organic vitamin for a picky eater in liquid,,0,,0.00,0.00,
ot and picky eating,,0,,0.00,0.00,
ot for picky eater what to know,,0,,0.00,0.00,
our tribe of many picky eater,,0,,0.00,0.00,
overcome picky eating reddit,,0,,0.00,0.00,
overcoming adult picky eating,,0,,0.00,0.00,
overcoming picky eating,,0,,0.00,0.00,
overly picky eater,,0,,0.00,0.00,
overnight oats picky eater,,0,,0.00,0.00,
pac man picky eater,,0,,0.00,0.00,
packing a lunch for a picky eater,,0,,0.00,0.00,
pagelove interview on arfid and picky eating,,0,,0.00,0.00,
paleo recipes for the picky eater,,0,,0.00,0.00,
papillon picky eater.,,0,,0.00,0.14,
parakeet picky eater,,0,,0.00,0.00,
parent advise picky eating,,0,,0.00,0.00,
parenting a picky eater,,0,,0.00,0.00,
parents that enable picky eating,,0,,0.00,0.00,
parents that encourage picky eating,,0,,0.00,0.00,
parrot picky eater,,0,,0.00,0.00,
parsley caterpillars are picky about where they eat,,0,,0.00,0.00,
pbs kids dw picky eater,,0,,0.00,0.00,
pbs kids dw the picky eater,,0,,0.00,0.00,
pcos picky eater,,0,,0.00,0.00,
pediasure vs s26 picky eater,,0,,0.00,0.00,
pediatric guidelines picky eating toddlers,,0,,0.00,0.00,
pediatric guidelines picky eating toddlers recommendations,,0,,0.00,0.00,
pediatric icd code picky eater,,0,,0.00,0.00,
peppa pig eating picky,,0,,0.00,0.00,
perfect breakfast for picky eater,,0,,0.00,0.00,
perfect toddler daycare lunch for picky eater,,0,,0.00,0.00,
persian cat picky eater,,0,,0.00,0.00,
perspective of a picky eater,,0,,0.00,0.00,
perspective of an adult picky eater,,0,,0.00,0.00,
pet food for picky eater,,0,,0.00,0.00,
pet is a picky eater,,0,,0.00,0.00,
pet turtle picky eater,,0,,0.00,0.00,
pharaoh hound picky eater,,0,,0.00,0.00,
picki eater,,0,,1.66,0.13,
pickie eater,,0,,1.66,0.13,
pickie eater l iunch toddlers,,0,,0.00,0.00,
pickie eater silkie hen,,0,,0.00,0.00,
pickie for eat,,0,,0.00,0.00,
pickier eater,,0,,1.66,0.13,
pickiness eating disorder,,0,,0.00,0.00,
pickiness the secret eating disorder,,0,,0.00,0.00,
picky 1 year old eater,,0,,0.00,0.00,
picky 10 year old won't eat a certain foods,,0,,0.00,0.00,
picky 15 month old eater,,0,,1.78,0.41,
picky 2 year old won t eat,,0,,0.00,0.00,
picky 20 month old eater,,0,,0.00,0.00,
picky 5 year old eater,,0,,0.00,0.00,
picky 6 year old eater,,0,,0.00,0.00,
picky 7 year old eater,,0,,0.00,0.00,
picky 8 year old eater,,0,,0.00,0.00,
picky 9 year old eater,,0,,0.00,0.00,
picky 9yo will only eat a few foods,,0,,0.00,0.00,
picky about what you eat out of word,,0,,0.00,0.00,
picky about what you eat word,,0,,0.00,0.00,
picky adlut eater,,0,,0.00,0.00,
picky adult eater,,0,,1.32,0.04,
picky and selective eating,,0,,0.00,0.00,
picky at eating and eat so slow,,0,,0.00,0.00,
picky autistic eater,,0,,0.00,0.62,
picky baby eat formula,,0,,0.00,0.00,
picky baby eater,,0,,0.00,0.00,
picky baby won't eat food,,0,,0.00,0.00,
picky boy only eats jam,,0,,0.00,0.00,
picky cat does not eat wet food,,0,,0.00,0.00,
picky cat eating,,0,,0.00,0.00,
picky cat won t eat,,0,,0.71,0.99,
picky cat won t eat food,,0,,0.00,0.00,
picky cat won t eat wet food,,0,,1.33,0.91,
picky cat won't eat anything,,0,,0.00,0.00,
picky cat won't eat new kibbles,,0,,0.00,0.00,
picky cat wont eat,,0,,0.00,0.50,
picky cat wont eat food,,0,,0.00,0.00,
picky cat wont eat hairball,,0,,0.00,0.00,
picky cat wont eat wet food,,0,,0.00,0.00,
picky chihuahua won't eat,,0,,0.00,0.00,
picky child eater,,0,,0.00,0.00,
picky child eater disgusted,,0,,0.00,0.00,
picky child eating disorder,,0,,0.00,0.00,
picky child eating habits,,0,,0.00,0.00,
picky child will obly eat a few foods,,0,,0.00,0.00,
picky child won t eat,,0,,0.00,0.00,
picky child wont eat,,0,,0.00,0.00,
picky dog eater food akc,,0,,0.00,0.00,
picky dog eater what can i feed them,,0,,0.00,0.00,
picky dog eating,,0,,3.75,0.93,
picky dog food eater,,0,,0.00,0.00,
picky dog not eating kibble,,0,,0.00,0.00,
picky dog only eats food from hand,,0,,0.00,0.00,
picky dog won t eat anything,,0,,0.00,0.86,
picky dog won t eat dog food,,0,,0.00,1.00,
picky dog won t eat dry food,,0,,0.00,0.29,
picky dog won t eat food,,0,,0.00,1.00,
picky dog won t eat kibble,,0,,4.41,0.94,
picky dog won t eat kibble reddit,,0,,0.00,0.00,
picky dog won't eat kibble reddit,,0,,0.00,0.33,
picky dog won't eat merrick,,0,,0.00,0.00,
picky dog wont eat anything,,0,,0.00,0.00,
picky dog wont eat dog food,,0,,0.00,0.00,
picky dog wont eat dry food,,0,,0.00,0.00,
picky dog wont eat food,,0,,0.00,0.00,
picky dog wont eat kibble,,0,,0.00,0.00,
picky dog wont eat kibble reddit,,0,,0.00,0.00,
picky eat,,0,,1.66,0.13,
picky eat test,,0,,0.00,0.00,
picky eate,,0,,1.66,0.13,
picky eater & buster and the daredevils,,0,,0.00,0.00,
picky eater 1 year-old,,0,,0.00,0.00,
picky eater 1-year-old,,0,,0.00,0.00,
picky eater 1.5 year old,,0,,0.00,0.00,
picky eater 10 month old,,0,,2.20,0.60,
picky eater 10 year old,,0,,0.00,0.00,
picky eater 11 months,,0,,0.00,0.00,
picky eater 11 year old,,0,,0.00,0.00,
picky eater 12 month old,,0,,2.42,0.52,
picky eater 12 year old,,0,,0.00,0.00,
picky eater 17 month old,,0,,0.00,0.00,
picky eater 18 month old,,0,,0.62,0.42,
picky eater 19 month old,,0,,0.00,0.00,
picky eater 2 year old lose weight,,0,,0.00,0.00,
picky eater 2 year old pubmed,,0,,0.00,0.00,
picky eater 2 year-old,,0,,0.00,0.00,
picky eater 2 years old,,0,,0.00,0.00,
picky eater 2.5 year old,,0,,0.00,0.00,
picky eater 21 day fix,,0,,0.00,0.00,
picky eater 21 month old,,0,,0.00,0.00,
picky eater 22 month old,,0,,0.00,0.00,
picky eater 3 year old nutrition supplement,,0,,0.00,0.00,
picky eater 3 yrs old food go tos,,0,,0.00,0.00,
picky eater 30 month old,,0,,0.00,0.00,
picky eater 6 months,,0,,0.00,0.00,
picky eater 6 year old,,0,,0.00,0.00,
picky eater 6 years old,,0,,0.00,0.00,
picky eater 7 year old,,0,,0.00,0.00,
picky eater 8 month old baby,,0,,0.00,0.00,
picky eater 8 year old,,0,,0.00,0.00,
picky eater 9 month old,,0,,0.00,0.00,
picky eater 9 year old,,0,,0.00,0.00,
picky eater aap,,0,,1.66,0.13,
picky eater achievement,,0,,0.00,0.00,
picky eater activities,,0,,0.00,0.00,
picky eater adalah,,0,,0.00,0.33,
picky eater adolescent,,0,,0.00,0.00,
picky eater adult all of the sudeden,,0,,0.00,0.00,
picky eater adult can't eat healthy,,0,,0.00,0.00,
picky eater adult quiz,,0,,0.00,0.00,
picky eater adult recipes,,0,,0.00,0.00,
picky eater adulthood,,0,,0.00,0.00,
picky eater adulto,,0,,0.00,0.00,
picky eater adults recipes,,0,,0.00,0.00,
picky eater advice,,0,,0.48,0.18,
picky eater after lockdown,,0,,0.00,0.00,
picky eater after lockdown mankind divided,,0,,0.00,0.00,
picky eater age 5,,0,,0.00,0.00,
picky eater age 7,,0,,0.00,0.00,
picky eater air fryer recipes,,0,,0.00,0.00,
picky eater also a picky partner,,0,,0.00,0.00,
picky eater always hungry,,0,,0.00,0.00,
picky eater always sick,,0,,0.00,0.00,
picky eater and adhd,,0,,0.00,0.00,
picky eater and child growth in elementary school,,0,,0.00,0.00,
picky eater and desserts,,0,,0.00,0.00,
picky eater and genes,,0,,0.00,0.00,
picky eater and losing weight,,0,,0.00,0.00,
picky eater and not eating kid,,0,,0.00,0.00,
picky eater and not eating kid treatment,,0,,0.00,0.00,
picky eater and nutritional education,,0,,0.00,0.00,
picky eater and sensory processing disorder,,0,,0.00,0.00,
picky eater and speech delay,,0,,0.00,0.00,
picky eater and stuffed animals,,0,,0.00,0.00,
picky eater animals,,0,,0.00,0.00,
picky eater anjali,,0,,0.00,0.00,
picky eater another word,,0,,0.00,0.00,
picky eater antonym,,0,,0.00,0.33,
picky eater apple puree,,0,,0.00,0.00,
picky eater approved easy cheesy bean toast,,0,,0.00,0.00,
picky eater apps,,0,,0.00,0.00,
picky eater articles,,0,,0.00,0.00,
picky eater artinya,,0,,0.00,0.33,
picky eater as a teen,,0,,0.00,0.00,
picky eater ask meme,,0,,0.00,0.00,
picky eater at 16 years old,,0,,0.00,0.00,
picky eater at 2 years old,,0,,0.00,0.00,
picky eater at age 5,,0,,0.00,0.00,
picky eater at school,,0,,0.00,0.00,
picky eater austim,,0,,0.00,0.00,
picky eater autism girls,,0,,0.00,0.00,
picky eater autism reddit,,0,,0.00,0.00,
picky eater autismus,,0,,0.00,0.00,
picky eater autistic spectrum,,0,,0.00,0.00,
picky eater autistic spectrum adult,,0,,0.00,0.00,
picky eater baby,,0,,0.00,0.00,
picky eater baby 5 months,,0,,0.00,0.00,
picky eater baby 9 months,,0,,0.00,0.00,
picky eater baby dr katya,,0,,0.00,0.00,
picky eater baby food,,0,,0.00,0.00,
picky eater baby food recipes,,0,,0.00,0.00,
picky eater baby formula,,0,,0.00,0.00,
picky eater baby led weaning,,0,,0.00,0.00,
picky eater baby recipes,,0,,0.00,0.00,
picky eater baby tips,,0,,0.00,0.00,
picky eater babycenter,,0,,0.00,0.00,
picky eater baked falaffel,,0,,0.00,0.00,
picky eater bakemonogatari,,0,,0.00,0.00,
picky eater bakemonogatari gif,,0,,0.00,0.00,
picky eater bars sponsorship,,0,,0.00,0.00,
picky eater bearded dragon,,0,,0.00,0.00,
picky eater because of texture,,0,,0.00,0.00,
picky eater becoming vegan,,0,,0.00,0.00,
picky eater beef wellington,,0,,0.00,0.00,
picky eater before period,,0,,0.00,0.00,
picky eater behavior chart,,0,,0.00,0.00,
picky eater behavior problems,,0,,0.00,0.00,
picky eater betekenis,,0,,0.00,0.00,
picky eater bichon,,0,,0.00,0.00,
picky eater bingo snapchat,,0,,0.00,0.00,
picky eater birthday,,0,,0.00,0.00,
picky eater blind,,0,,0.00,0.00,
picky eater blindness,,0,,0.00,0.00,
picky eater blog baby food,,0,,0.00,0.00,
picky eater blog baby formula,,0,,0.00,0.00,
picky eater blog best organic formula,,0,,0.00,0.00,
picky eater blog best vegetarian chili,,0,,0.00,0.00,
picky eater blog broccoli cheese soup,,0,,0.00,0.00,
picky eater blog chili,,0,,0.00,0.00,
picky eater blog falafel,,0,,0.00,0.00,
picky eater blog hipp,,0,,0.00,0.00,
picky eater blog jess rohrer,,0,,0.00,0.00,
picky eater blog montepulciano,,0,,0.00,0.00,
picky eater blog organic formula,,0,,0.00,0.00,
picky eater blog paella,,0,,0.00,0.00,
picky eater blog philippines,,0,,0.00,0.00,
picky eater blog raw chocolate pudding,,0,,0.00,0.00,
picky eater blog recipes,,0,,0.00,0.00,
picky eater blog rome,,0,,0.00,0.00,
picky eater blog yellow dal,,0,,0.00,0.00,
picky eater blogs,,0,,0.00,0.00,
picky eater blogspot,,0,,0.00,0.00,
picky eater blue collar food,,0,,0.00,0.00,
picky eater board game.surprise plate,,0,,0.00,0.00,
picky eater boatd game.surprise plate,,0,,0.00,0.00,
picky eater bondi junction,,0,,0.00,0.00,
picky eater book betsy hicks ebay,,0,,0.00,0.00,
picky eater book ny pediatrician,,0,,0.00,0.00,
picky eater books for kids,,0,,0.00,0.00,
picky eater bowl,,0,,0.00,0.00,
picky eater boxer,,0,,0.00,0.00,
picky eater breakfast bars recipe,,0,,0.00,0.00,
picky eater breakfast for kids,,0,,0.00,0.00,
picky eater broth,,0,,0.00,0.00,
picky eater but don't want to be,,0,,0.00,0.00,
picky eater buzzfeed test,,0,,0.00,0.00,
picky eater by julia alvarez analysis,,0,,0.00,0.00,
picky eater by julia alvarez references,,0,,0.00,0.00,
picky eater by julia alvarez summary,,0,,0.00,0.00,
picky eater calorie deficit,,0,,0.00,0.00,
picky eater camping meals,,0,,0.00,0.00,
picky eater can starve,,0,,0.00,0.00,
picky eater card game,,0,,0.00,0.05,
picky eater caricature,,0,,0.00,0.00,
picky eater caricture,,0,,0.00,0.00,
picky eater cat meme,,0,,0.00,0.00,
picky eater cauliflower pasta,,0,,0.00,0.00,
picky eater causas,,0,,0.00,0.00,
picky eater causes chaos at dinner,,0,,0.00,0.00,
picky eater celiac,,0,,0.00,0.00,
picky eater certain texture issues,,0,,0.00,0.00,
picky eater ceu,,0,,0.00,0.00,
picky eater challenge,,0,,1.40,0.01,
picky eater channel,,0,,0.00,0.00,
picky eater chart cross off,,0,,0.00,0.00,
picky eater cheap meal plan,,0,,0.00,0.00,
picky eater check list,,0,,0.00,0.00,
picky eater checklist buzzfeed,,0,,0.00,0.00,
picky eater checklist pdf,,0,,0.00,0.00,
picky eater cheese balls,,0,,0.00,0.00,
picky eater chef,,0,,0.00,0.00,
picky eater chef movie,,0,,0.00,0.00,
picky eater chihuahua food,,0,,0.00,0.00,
picky eater child anxiety,,0,,0.00,0.00,
picky eater child behavior,,0,,0.00,0.00,
picky eater child behavior choice,,0,,0.00,0.00,
picky eater child icd 10,,0,,0.00,0.00,
picky eater child nutrition,,0,,0.00,0.00,
picky eater child psychology,,0,,0.00,0.00,
picky eater child recipes,,0,,0.00,0.00,
picky eater child treatment,,0,,0.00,0.00,
picky eater childhood,,0,,0.00,0.00,
picky eater children,,0,,0.00,0.00,
picky eater children obesity,,0,,0.00,0.00,
picky eater children& 39,,0,,0.00,0.00,
picky eater children&#39,,0,,0.00,0.00,
picky eater children's book,,0,,0.00,0.00,
picky eater children's books,,0,,0.00,0.00,
picky eater children's recipes,,0,,0.00,0.00,
picky eater chili recipe,,0,,0.00,0.00,
picky eater chinese movie,,0,,0.00,0.00,
picky eater chinese movie netflix,,0,,0.00,0.00,
picky eater christmas dinner,,0,,0.00,0.00,
picky eater ckicken nuggets french freie,,0,,0.00,0.00,
picky eater classes,,0,,0.00,0.00,
picky eater clinic bandung,,0,,0.00,0.00,
picky eater clinic di bandung,,0,,0.00,0.00,
picky eater clinic dr widodo,,0,,0.00,0.00,
picky eater clinic jakarta,,0,,0.00,0.00,
picky eater clinic rawasari,,0,,0.00,0.00,
picky eater clinic singapore,,0,,0.00,0.00,
picky eater clip art,,0,,0.00,0.00,
picky eater cold appetizers,,0,,0.00,0.00,
picky eater cold lunches,,0,,0.00,0.00,
picky eater college essay,,0,,0.00,0.00,
picky eater color yellow riddle,,0,,0.00,0.00,
picky eater com,,0,,0.00,0.33,
picky eater conditions,,0,,0.00,0.00,
picky eater constipated,,0,,0.00,0.00,
picky eater contest pics,,0,,0.00,0.00,
picky eater contest rules guidelines,,0,,0.00,0.00,
picky eater continuing education,,0,,0.00,0.00,
picky eater continuing education occupational therapy,,0,,0.00,0.00,
picky eater cook book,,0,,0.00,0.00,
picky eater cookbook for kids,,0,,0.00,0.00,
picky eater cookbook seinfeld,,0,,0.00,0.00,
picky eater core,,0,,0.00,0.00,
picky eater corydoras,,0,,0.00,0.00,
picky eater course melanie potock,,0,,0.00,0.00,
picky eater cross off whar,,0,,0.00,0.00,
picky eater cross out,,0,,0.00,0.00,
picky eater crunchy foods exclusively,,0,,0.00,0.00,
picky eater dad for birthday what dinner,,0,,0.00,0.00,
picky eater dating,,0,,0.00,0.00,
picky eater deal breaker,,0,,0.00,0.00,
picky eater define,,0,,0.00,0.00,
picky eater definition english,,0,,0.00,0.00,
picky eater definition francais,,0,,0.00,0.00,
picky eater definition in adults,,0,,0.00,0.00,
picky eater definition synonym,,0,,0.00,0.00,
picky eater demogrpahics,,0,,0.00,0.00,
picky eater depression,,0,,0.00,0.00,
picky eater diabetes,,0,,0.00,0.00,
picky eater diabetic,,0,,0.00,0.00,
picky eater diabetic breakfast ideas,,0,,0.00,0.00,
picky eater dies,,0,,0.00,0.33,
picky eater diet analyzer,,0,,0.00,0.00,
picky eater diet kids,,0,,0.00,0.00,
picky eater diet kids meat,,0,,0.00,0.00,
picky eater diet menu,,0,,0.00,0.00,
picky eater dietitian,,0,,0.00,0.00,
picky eater diets,,0,,1.42,0.69,
picky eater differential diagnosis,,0,,0.00,0.00,
picky eater dinner ideas kid-friendly,,0,,0.00,0.00,
picky eater dinner ideas kids,,0,,0.00,0.00,
picky eater dinner kids,,0,,0.00,0.00,
picky eater dinner recipe,,0,,0.00,0.00,
picky eater dishes,,0,,0.00,0.00,
picky eater dislike for umami,,0,,0.00,0.00,
picky eater disney gif,,0,,0.00,0.00,
picky eater disorder adult,,0,,0.00,0.00,
picky eater disorder symptoms,,0,,0.00,0.00,
picky eater disorder test,,0,,0.00,0.00,
picky eater dissorder,,0,,0.00,0.00,
picky eater dog diet,,0,,0.00,0.00,
picky eater dog food petsmart,,0,,0.00,0.00,
picky eater dog hasn't eaten in 2 days,,0,,0.00,0.00,
picky eater dog puppy mill,,0,,0.00,0.00,
picky eater dog that eats grass,,0,,0.00,0.00,
picky eater dog training,,0,,0.00,0.00,
picky eater dog treats,,0,,0.00,0.00,
picky eater dog underweight,,0,,0.00,0.00,
picky eater dog with sensitive stomach,,0,,0.00,0.00,
picky eater dog won t eat,,0,,2.92,0.00,
picky eater dog won& 39,,0,,0.00,0.00,
picky eater dog wont eat,,0,,0.00,0.00,
picky eater dogs food,,0,,5.53,0.53,
picky eater dogs what is safe,,0,,0.00,0.00,
picky eater dubai,,0,,0.00,0.00,
picky eater during weekends without nanny,,0,,0.00,0.00,
picky eater dw,,0,,0.00,0.00,
picky eater easy dinner,,0,,0.00,0.00,
picky eater eat,,0,,0.00,0.00,
picky eater eating disorder adults,,0,,0.00,0.00,
picky eater eating healthy,,0,,0.00,0.00,
picky eater eating problems,,0,,0.00,0.00,
picky eater ednos,,0,,0.00,0.00,
picky eater emotional problems,,0,,0.00,0.00,
picky eater en español traduccion,,0,,0.00,0.00,
picky eater erwachsene,,0,,0.00,0.00,
picky eater essay,,0,,0.00,0.00,
picky eater essays,,0,,0.00,0.00,
picky eater essays reddit,,0,,0.00,0.00,
picky eater essstörung,,0,,0.00,0.00,
picky eater etiology,,0,,0.00,0.00,
picky eater evaluation,,0,,0.00,0.00,
picky eater evitamins,,0,,0.00,0.00,
picky eater facebook,,0,,0.00,0.00,
picky eater facebook quiz,,0,,0.00,0.00,
picky eater facts,,0,,0.00,0.00,
picky eater falafel,,0,,0.00,0.00,
picky eater family dinners,,0,,0.00,0.00,
picky eater family meal,,0,,0.00,0.00,
picky eater feeding parent suggestion,,0,,0.00,0.00,
picky eater feeding parent suggestion speeh pathology,,0,,0.00,0.00,
picky eater ff7,,0,,0.00,0.00,
picky eater fish,,0,,0.00,0.00,
picky eater flat,,0,,0.00,0.00,
picky eater fly,,0,,0.00,0.00,
picky eater fly pattern,,0,,0.00,0.00,
picky eater folic acid,,0,,0.00,0.00,
picky eater food checklist,,0,,0.00,0.00,
picky eater food disorder,,0,,0.00,0.00,
picky eater food ideas for kids,,0,,0.00,0.00,
picky eater food list child,,0,,0.00,0.00,
picky eater food list toddler,,0,,0.00,0.00,
picky eater food list toddlers,,0,,0.00,0.00,
picky eater food mat,,0,,0.00,0.00,
picky eater food matt,,0,,0.00,0.00,
picky eater food packages,,0,,0.00,0.00,
picky eater food quiz,,0,,0.00,0.00,
picky eater food recipes,,0,,0.00,0.00,
picky eater food reddit,,0,,0.00,0.00,
picky eater food texture,,0,,0.00,0.00,
picky eater food waste,,0,,0.00,0.00,
picky eater foods for toddlers,,0,,0.00,0.00,
picky eater foods they dont like,,0,,0.00,0.00,
picky eater foods to avoid,,0,,0.00,0.00,
picky eater for dogs,,0,,0.00,0.00,
picky eater for toddlers,,0,,0.00,0.00,
picky eater formula milk,,0,,0.00,0.00,
picky eater free clip art,,0,,0.00,0.00,
picky eater french bulldog,,0,,0.00,0.00,
picky eater french food,,0,,0.00,0.00,
picky eater french translation,,0,,0.00,0.00,
picky eater frequent actions,,0,,0.00,0.00,
picky eater friendly beef recipe,,0,,0.00,0.00,
picky eater friendly recipes,,0,,0.00,0.00,
picky eater friendly restaurant,,0,,0.00,0.00,
picky eater fruit,,0,,0.00,0.00,
picky eater funny memes,,0,,0.00,0.00,
picky eater g money,,0,,0.00,0.00,
picky eater gag reflex,,0,,0.00,0.00,
picky eater gags,,0,,0.00,0.00,
picky eater gain weight,,0,,0.00,0.00,
picky eater games,,0,,0.00,0.00,
picky eater gene,,0,,0.00,0.00,
picky eater genes,,0,,0.00,0.00,
picky eater genetic test,,0,,0.00,0.00,
picky eater genetic test vinegar,,0,,0.00,0.00,
picky eater genetics,,0,,0.00,0.00,
picky eater german shepherd dog,,0,,0.00,0.00,
picky eater german shepherd puppy,,0,,0.00,0.00,
picky eater get nutrients,,0,,0.00,0.00,
picky eater gifts,,0,,0.00,1.00,
picky eater girl,,0,,0.00,0.00,
picky eater gluten free,,0,,0.00,0.00,
picky eater goat,,0,,0.00,0.00,
picky eater goes blind,,0,,0.00,0.00,
picky eater going blind,,0,,0.00,0.00,
picky eater going to italy,,0,,0.00,0.00,
picky eater granola bars,,0,,0.00,0.00,
picky eater graph,,0,,0.00,0.00,
picky eater ground beef recipe,,0,,0.00,0.00,
picky eater group,,0,,0.00,0.00,
picky eater guide,,0,,0.00,0.57,
picky eater guide for parents,,0,,0.00,0.00,
picky eater guidelines,,0,,0.00,0.00,
picky eater habits,,0,,0.00,0.00,
picky eater handout in spanish,,0,,0.00,0.00,
picky eater handout spanish,,0,,0.00,0.00,
picky eater handout usda,,0,,0.00,0.00,
picky eater happy birthday,,0,,0.00,0.00,
picky eater happy harpy games,,0,,0.00,0.00,
picky eater hate meat,,0,,0.00,0.00,
picky eater health,,0,,0.00,0.00,
picky eater health essentials,,0,,0.00,0.00,
picky eater health essentials cleveland,,0,,0.00,0.00,
picky eater health problems,,0,,0.00,0.00,
picky eater healthy diet,,0,,0.82,0.63,
picky eater healthy dinner ideas for kids,,0,,0.00,0.00,
picky eater healthy dinner recipe,,0,,0.00,0.00,
picky eater healthy food,,0,,0.53,0.79,
picky eater healthy keto dinner recipe,,0,,0.00,0.00,
picky eater healthy low carbdinner recipe,,0,,0.00,0.00,
picky eater healthy lunch,,0,,0.00,0.00,
picky eater healthy lunch ideas,,0,,0.00,0.00,
picky eater healthy meal plan,,0,,1.54,0.77,
picky eater healthy snacks,,0,,0.00,0.00,
picky eater healthychildren,,0,,0.00,0.00,
picky eater help at philadelphia,,0,,0.00,0.00,
picky eater help for angelman syndrome with angelman syndrome,,0,,0.00,0.00,
picky eater help for autism with autism,,0,,0.00,0.00,
picky eater help for cerebral palsy with cerebral palsy,,0,,0.00,0.00,
picky eater help for developmental disabilities with developmental disabilities,,0,,0.00,0.00,
picky eater help for disabled disabled adult with disabled adult,,0,,0.00,0.00,
picky eater help for down syndrome with down syndrome,,0,,0.00,0.00,
picky eater help for intellectual disability with intellectual disability,,0,,0.00,0.00,
picky eater help for nonverbal nonverbal adult with nonverbal adult,,0,,0.00,0.00,
picky eater help for prader-willi syndrome with prader-willi syndrome,,0,,0.00,0.00,
picky eater help for rett syndrome with rett syndrome,,0,,0.00,0.00,
picky eater help for special needs with special needs,,0,,0.00,0.00,
picky eater help for williams syndrome with williams syndrome,,0,,0.00,0.00,
picky eater high protien,,0,,0.00,0.00,
picky eater hong kong,,0,,0.00,0.00,
picky eater hor deurves,,0,,0.00,0.00,
picky eater horderves,,0,,0.00,0.00,
picky eater husband,,0,,0.00,0.00,
picky eater icd-10,,0,,0.00,0.33,
picky eater ideas for kids,,0,,0.00,0.00,
picky eater ideas pinterest,,0,,0.00,0.00,
picky eater ideas toddlers,,0,,0.00,0.00,
picky eater illustrations,,0,,0.00,0.00,
picky eater image,,0,,0.00,0.00,
picky eater images,,0,,0.00,0.00,
picky eater in a foreign country,,0,,0.00,0.00,
picky eater in adults,,0,,1.32,0.04,
picky eater in bangkok,,0,,0.00,0.00,
picky eater in children,,0,,0.00,0.00,
picky eater in china,,0,,0.00,0.00,
picky eater in college,,0,,0.00,0.00,
picky eater in college reddit,,0,,0.00,0.00,
picky eater in france,,0,,0.00,0.00,
picky eater in japanese language,,0,,0.00,0.00,
picky eater in japanese word,,0,,0.00,0.00,
picky eater in malay,,0,,0.00,0.00,
picky eater in morocco,,0,,0.00,0.00,
picky eater in soanish,,0,,0.00,0.00,
picky eater in spain,,0,,0.00,0.00,
picky eater in toddler vs stomach problems,,0,,0.00,0.00,
picky eater indian food,,0,,0.00,0.00,
picky eater infant formula,,0,,0.00,0.00,
picky eater information,,0,,0.00,0.00,
picky eater instagram,,0,,0.00,0.33,
picky eater intelligence,,0,,0.00,0.00,
picky eater intervention,,0,,0.00,0.00,
picky eater into adulthood,,0,,0.00,0.00,
picky eater into spanish,,0,,0.00,0.00,
picky eater inventory,,0,,0.00,0.00,
picky eater iq,,0,,0.00,0.00,
picky eater iron deficiency,,0,,0.00,0.00,
picky eater issues,,0,,0.00,0.00,
picky eater japan,,0,,0.00,0.00,
picky eater japanese,,0,,0.00,0.00,
picky eater julia alvarez,,0,,0.00,0.00,
picky eater julia alvarez analysis,,0,,0.00,0.00,
picky eater julia alvarez analyze,,0,,0.00,0.00,
picky eater junk food stock photo,,0,,0.00,0.00,
picky eater katsup meme,,0,,0.00,0.00,
picky eater kechsup meme,,0,,0.00,0.00,
picky eater kendamil,,0,,0.00,0.00,
picky eater keto meal plan,,0,,0.00,0.00,
picky eater ketogenic diet plan,,0,,0.00,0.00,
picky eater khana,,0,,0.00,0.00,
picky eater kickstarter,,0,,0.00,0.00,
picky eater kid,,0,,0.00,0.00,
picky eater kid dinner ideas,,0,,0.00,0.00,
picky eater kid dinners,,0,,0.00,0.00,
picky eater kid friendly recipes,,0,,0.00,0.00,
picky eater kid ideas,,0,,0.00,0.00,
picky eater kid in movie,,0,,0.00,0.00,
picky eater kid lunch ideas,,0,,0.00,0.00,
picky eater kid lunches,,0,,0.00,0.00,
picky eater kid meals,,0,,0.00,0.00,
picky eater kids chicken tenders,,0,,0.00,0.00,
picky eater kids dinner,,0,,0.00,0.00,
picky eater kids intelligence,,0,,0.00,0.00,
picky eater kids lunch,,0,,0.00,0.00,
picky eater kids meala,,0,,0.00,0.00,
picky eater kids meaning,,0,,0.00,0.00,
picky eater kids meme,,0,,0.00,0.00,
picky eater kids recipe ideas,,0,,0.00,0.00,
picky eater kids recipes,,0,,0.00,0.00,
picky eater kids smart,,0,,0.00,0.00,
picky eater kids vet fikes,,0,,0.00,0.00,
picky eater kind,,0,,0.00,0.00,
picky eater kitten,,0,,1.69,0.88,
picky eater kitten food,,0,,0.00,0.00,
picky eater kén ăn,,0,,0.00,0.00,
picky eater lack of which vitamin,,0,,0.00,0.00,
picky eater lasagna,,0,,0.00,0.00,
picky eater lentils tahini,,0,,0.00,0.00,
picky eater letter,,0,,0.00,0.00,
picky eater letter for school,,0,,0.00,0.00,
picky eater life,,0,,0.00,0.00,
picky eater list facebook,,0,,0.00,0.00,
picky eater list meme,,0,,0.00,0.00,
picky eater list tumblr,,0,,0.00,0.00,
picky eater lists,,0,,0.00,0.00,
picky eater lose vision,,0,,0.00,0.00,
picky eater lose weight,,0,,3.68,0.99,
picky eater loses sight,,0,,0.00,0.00,
picky eater lost,,0,,0.00,0.02,
picky eater loud sounds,,0,,0.00,0.00,
picky eater low calorie meals,,0,,0.00,0.00,
picky eater low iron,,0,,0.00,0.00,
picky eater lunch bars recipe,,0,,0.00,0.00,
picky eater lunch box ideas for toddlers,,0,,0.00,0.00,
picky eater lunch for school,,0,,0.00,0.00,
picky eater lunch ideas kids,,0,,0.00,0.00,
picky eater lunch ideas school,,0,,0.00,0.00,
picky eater lunch ideas toddler,,0,,0.00,0.00,
picky eater lunch prep meals ideas,,0,,0.00,0.00,
picky eater lunch toddlers,,0,,0.00,0.00,
picky eater lunchbox,,0,,0.39,0.91,
picky eater lunches for school,,0,,0.00,0.00,
picky eater là gì,,0,,0.00,0.00,
picky eater magyarul,,0,,0.00,0.00,
picky eater makanan,,0,,0.00,0.00,
picky eater make cooking hard,,0,,0.00,0.00,
picky eater maltese does not want to eat dogfood,,0,,0.00,0.00,
picky eater manual,,0,,0.00,0.00,
picky eater mascot,,0,,0.00,0.00,
picky eater mayo clinic,,0,,0.00,0.00,
picky eater meal planning ideas,,0,,0.00,0.00,
picky eater meal prep ideas for weight loss,,0,,0.00,0.00,
picky eater meal preps,,0,,0.00,0.00,
picky eater meal subscription,,0,,0.00,0.00,
picky eater meals adults,,0,,0.00,0.00,
picky eater meals healthy,,0,,0.00,0.00,
picky eater meals instant pot,,0,,0.00,0.00,
picky eater meals kids,,0,,0.00,0.00,
picky eater meals toddler,,0,,0.00,0.00,
picky eater mean,,0,,0.00,0.33,
picky eater meaning in chinese,,0,,0.00,0.00,
picky eater meaning in french,,0,,0.00,0.00,
picky eater meaning in malay,,0,,0.00,0.00,
picky eater meaning in malayalam,,0,,0.00,0.33,
picky eater meaning in punjabi,,0,,0.00,0.00,
picky eater meaning psychology,,0,,0.00,0.00,
picky eater meaning synonym,,0,,0.00,0.00,
picky eater means,,0,,0.00,0.33,
picky eater means in tagalog,,0,,0.00,0.00,
picky eater meat,,0,,0.00,0.00,
picky eater meat recipes,,0,,0.00,0.00,
picky eater meatloaf,,0,,0.00,0.00,
picky eater meatloaf recipe,,0,,0.00,0.00,
picky eater medical condition,,0,,0.00,0.00,
picky eater meem,,0,,0.00,0.00,
picky eater meme ask,,0,,0.00,0.00,
picky eater meme chicken nugget,,0,,0.00,0.00,
picky eater meme cross off,,0,,0.00,0.00,
picky eater meme list,,0,,0.00,0.33,
picky eater meme twitter,,0,,0.00,0.00,
picky eater mental disorder,,0,,0.00,0.00,
picky eater mental illness,,0,,0.00,0.00,
picky eater menu ideas,,0,,0.00,0.00,
picky eater menu plan,,0,,0.00,0.00,
picky eater menu planner,,0,,0.00,0.00,
picky eater menu restaurant,,0,,0.00,0.00,
picky eater military,,0,,0.00,0.00,
picky eater mom blog,,0,,0.00,0.00,
picky eater mom bloggers,,0,,0.00,0.00,
picky eater muffin recipe,,0,,0.00,0.00,
picky eater mumi and bubi,,0,,0.00,0.00,
picky eater muscle building diet,,0,,0.00,0.00,
picky eater needs to eat healthier,,0,,0.00,0.00,
picky eater needs to lose weight,,0,,0.00,0.00,
picky eater neurodivergent,,0,,0.00,0.00,
picky eater nhs,,0,,0.00,0.00,
picky eater nightmare story,,0,,0.00,0.00,
picky eater nih,,0,,0.00,0.00,
picky eater niños,,0,,0.00,0.00,
picky eater no meat recipes,,0,,0.00,0.00,
picky eater norwegian or royal caribbean site boards.cruisecritic.com,,0,,0.00,0.00,
picky eater norwegian site boards.cruisecritic.com,,0,,0.00,0.00,
picky eater nova,,0,,0.00,0.00,
picky eater nutrition,,0,,0.00,0.00,
picky eater nutrition handouts in russan,,0,,0.00,0.00,
picky eater nutrition help,,0,,0.00,0.00,
picky eater nutrition help for adults,,0,,0.00,0.00,
picky eater nutrition strategies,,0,,0.00,0.00,
picky eater nutrition supplements,,0,,0.00,0.00,
picky eater nutrition therapy,,0,,0.00,0.00,
picky eater occupational therapy,,0,,0.00,0.00,
picky eater occupational therapy treatment,,0,,0.00,0.00,
picky eater ocd,,0,,0.00,0.00,
picky eater of rhyme crossword,,0,,0.00,0.00,
picky eater old dog,,0,,0.00,0.00,
picky eater older child,,0,,0.00,0.00,
picky eater on a diet,,0,,0.00,0.00,
picky eater one year old,,0,,0.00,0.00,
picky eater only eats chicken nuggets and ppb&j,,0,,0.00,0.00,
picky eater or feeding disorder,,0,,0.00,0.00,
picky eater or generalist feeder,,0,,0.00,0.00,
picky eater or selective eating disorder,,0,,0.00,0.00,
picky eater or sensory,,0,,0.00,0.00,
picky eater or spd,,0,,0.00,0.00,
picky eater or toddler,,0,,0.00,0.00,
picky eater orders a sandwich,,0,,0.00,0.00,
picky eater organic,,0,,0.00,0.00,
picky eater ot,,0,,0.00,0.00,
picky eater ottolenghi lentils,,0,,0.00,0.00,
picky eater overnight oats,,0,,0.00,0.00,
picky eater pad thai,,0,,0.00,0.00,
picky eater pada anak,,0,,0.00,0.00,
picky eater pada remaja,,0,,0.00,0.00,
picky eater painting,,0,,0.00,0.00,
picky eater palate meal plan,,0,,0.00,0.00,
picky eater paleo diet,,0,,0.00,0.00,
picky eater paleo recipes,,0,,0.00,0.00,
picky eater parent handout,,0,,0.00,0.00,
picky eater parents make picky kids,,0,,0.00,0.00,
picky eater party food,,0,,0.00,0.00,
picky eater pastel,,0,,0.00,0.00,
picky eater patient education,,0,,0.00,0.00,
picky eater patient handout,,0,,0.00,0.00,
picky eater pdf español,,0,,0.00,0.00,
picky eater pdf spanish,,0,,0.00,0.00,
picky eater peanut free lunch,,0,,0.00,0.00,
picky eater pediatrics,,0,,0.00,0.00,
picky eater peom,,0,,0.00,0.00,
picky eater peon,,0,,0.00,0.00,
picky eater pepperoni,,0,,0.00,0.00,
picky eater personality correlation,,0,,0.00,0.00,
picky eater personality traits,,0,,0.00,0.00,
picky eater philadelphia video,,0,,0.00,0.00,
picky eater philadelphia video chop,,0,,0.00,0.00,
picky eater phone cases,,0,,0.00,0.00,
picky eater photo facebook,,0,,0.00,0.00,
picky eater photo list facebook,,0,,0.00,0.00,
picky eater physical reaction,,0,,0.00,0.00,
picky eater pick,,0,,0.00,0.00,
picky eater picture,,0,,0.00,0.00,
picky eater picture book,,0,,0.00,0.00,
picky eater pijo espanol,,0,,0.00,0.00,
picky eater pinktoe terantula,,0,,0.00,0.00,
picky eater plant based recipes for beginners,,0,,0.00,0.00,
picky eater plate amazon,,0,,0.00,0.00,
picky eater plate spinner,,0,,0.00,0.00,
picky eater png,,0,,0.00,0.00,
picky eater podcast,,0,,0.00,0.00,
picky eater poem,,0,,0.00,0.00,
picky eater poodle,,0,,0.00,0.00,
picky eater power struggle,,0,,0.00,0.00,
picky eater presentation,,0,,0.00,0.00,
picky eater prevention,,0,,0.00,0.00,
picky eater problem feeder,,0,,0.00,0.00,
picky eater problems and dating,,0,,0.00,0.00,
picky eater problems buzzfeed,,0,,0.00,0.00,
picky eater problems tumblr,,0,,0.00,0.00,
picky eater products,,0,,0.00,0.00,
picky eater project book,,0,,0.00,0.00,
picky eater proof commercial dad,,0,,0.00,0.00,
picky eater proof dad,,0,,0.00,0.00,
picky eater protein ideas,,0,,0.00,0.00,
picky eater protein meals,,0,,0.00,0.00,
picky eater protein powder,,0,,0.00,0.00,
picky eater protein shake,,0,,0.00,0.00,
picky eater protocol review,,0,,0.00,0.00,
picky eater psychological disorder,,0,,0.00,0.00,
picky eater psychology,,0,,0.00,0.00,
picky eater public domain,,0,,0.00,0.00,
picky eater pug,,0,,0.00,0.00,
picky eater puppy remedy,,0,,0.00,0.00,
picky eater questionnaire 30 questions,,0,,0.00,0.00,
picky eater questions,,0,,0.00,0.00,
picky eater quick meals,,0,,0.00,0.00,
picky eater quiz for recipea,,0,,0.00,0.00,
picky eater radio commercial,,0,,0.00,0.00,
picky eater re,,0,,0.00,0.00,
picky eater recipe book,,0,,0.00,1.00,
picky eater recipe ideas,,0,,0.00,0.00,
picky eater recipe tilspia,,0,,0.00,0.00,
picky eater recipes adults,,0,,0.29,0.36,
picky eater recipes buzzfeed,,0,,0.00,0.00,
picky eater recipes dinner,,0,,0.14,0.60,
picky eater recipes for adults lucnch to work,,0,,0.00,0.00,
picky eater recipes for adults lunch to work,,0,,0.00,0.00,
picky eater recipes for babies,,0,,0.00,0.00,
picky eater recipes for teens,,0,,0.00,0.00,
picky eater recipes for toddlers,,0,,0.00,0.00,
picky eater recipes pinterest,,0,,0.00,0.00,
picky eater recipes weight loss diet,,0,,0.00,0.00,
picky eater recipies,,0,,0.00,0.00,
picky eater recpes,,0,,0.00,0.00,
picky eater red flags,,0,,0.00,0.00,
picky eater refuses to eat,,0,,0.00,0.00,
picky eater refusing to eat at all,,0,,0.00,0.00,
picky eater remedy,,0,,0.00,0.00,
picky eater research article,,0,,0.00,0.00,
picky eater resentment,,0,,0.00,0.00,
picky eater resources,,0,,0.00,0.00,
picky eater restaurant chicago,,0,,0.00,0.00,
picky eater rhodesian ridgeback,,0,,0.00,0.00,
picky eater rice,,0,,0.00,0.00,
picky eater ritalin protein,,0,,0.00,0.00,
picky eater rome,,0,,0.00,0.00,
picky eater rottweiler,,0,,0.00,0.00,
picky eater rottwieler,,0,,0.00,0.00,
picky eater school lunches,,0,,0.00,0.00,
picky eater senjogahara gif,,0,,0.00,0.00,
picky eater sensory integration disorder,,0,,0.00,0.00,
picky eater sensory issues,,0,,0.00,0.00,
picky eater sensory processing disorder,,0,,0.00,0.00,
picky eater shake reddit,,0,,0.00,0.00,
picky eater shake reddit gainit,,0,,0.00,0.00,
picky eater shaming,,0,,0.00,0.00,
picky eater shiba,,0,,0.00,0.00,
picky eater show,,0,,0.00,0.33,
picky eater shu,,0,,0.00,0.00,
picky eater sign of autism,,0,,0.00,0.00,
picky eater signs,,0,,0.00,0.00,
picky eater sister in law,,0,,0.00,0.00,
picky eater six year old,,0,,0.00,0.00,
picky eater slow cooker recipes,,0,,0.00,0.00,
picky eater slp feeding at home,,0,,0.00,0.00,
picky eater smoothie,,0,,0.00,0.00,
picky eater smoothie recipes,,0,,0.00,0.00,
picky eater snacks for kids,,0,,0.00,0.00,
picky eater snapchat,,0,,0.00,0.00,
picky eater solution,,0,,0.00,0.00,
picky eater solutions gov edu,,0,,0.00,0.00,
picky eater some things have to grow on you,,0,,0.00,0.00,
picky eater song,,0,,0.00,0.00,
picky eater spanish handout,,0,,0.00,0.00,
picky eater spanish translation,,0,,0.00,0.00,
picky eater spanish version,,0,,0.00,0.00,
picky eater specialist,,0,,0.00,0.00,
picky eater speech therapy,,0,,0.00,0.00,
picky eater spotify,,0,,0.00,0.00,
picky eater spotify commercial,,0,,0.00,0.00,
picky eater spotify commerical,,0,,0.00,0.00,
picky eater spouse,,0,,0.00,0.00,
picky eater stage,,0,,0.00,0.00,
picky eater starving,,0,,0.00,0.00,
picky eater starving children in africa,,0,,0.00,0.00,
picky eater statistics,,0,,0.00,0.00,
picky eater statistics world,,0,,0.00,0.00,
picky eater step 2 cs,,0,,0.00,0.00,
picky eater sticker chart,,0,,0.00,0.00,
picky eater stock photo,,0,,0.00,0.00,
picky eater stops eating preferred foods,,0,,0.00,0.00,
picky eater stories,,0,,0.00,0.00,
picky eater story,,0,,0.00,0.00,
picky eater story book,,0,,0.00,0.00,
picky eater storytime,,0,,0.00,0.00,
picky eater study,,0,,0.00,0.05,
picky eater stuffing,,0,,0.00,0.00,
picky eater support group,,0,,0.00,0.00,
picky eater sydney,,0,,0.00,0.00,
picky eater symptom,,0,,0.00,0.00,
picky eater syn,,0,,0.00,0.00,
picky eater syndrom deutsch,,0,,0.00,0.00,
picky eater syndrome in toddlers,,0,,0.00,0.00,
picky eater synonyms,,0,,0.00,0.33,
picky eater tantrums,,0,,0.00,0.00,
picky eater taste buds,,0,,0.00,0.00,
picky eater taste test,,0,,0.00,0.00,
picky eater teat,,0,,1.40,0.01,
picky eater tedt,,0,,1.40,0.01,
picky eater teen,,0,,0.00,0.00,
picky eater term,,0,,0.00,0.00,
picky eater term arfid,,0,,0.00,0.00,
picky eater tes,,0,,0.00,0.00,
picky eater tesr,,0,,1.40,0.01,
picky eater test 1 point,,0,,0.00,0.00,
picky eater test child,,0,,0.00,0.00,
picky eater test child science,,0,,0.00,0.00,
picky eater test cross out what you don t eat,,0,,0.00,0.33,
picky eater test cross out what you dont eat,,0,,0.00,0.00,
picky eater test deutsch,,0,,0.00,0.00,
picky eater test erwachsene,,0,,0.00,0.00,
picky eater test for adults,,0,,0.00,0.00,
picky eater test for kids,,0,,0.00,0.00,
picky eater test for toddlers,,0,,0.00,0.00,
picky eater test kids,,0,,0.00,0.00,
picky eater test meme,,0,,0.00,0.00,
picky eater test pic,,0,,0.00,0.00,
picky eater test picture,,0,,0.00,0.00,
picky eater test playbuzz,,0,,0.00,0.00,
picky eater test printable,,0,,0.00,0.00,
picky eater test snapchat,,0,,0.00,0.00,
picky eater test spanish,,0,,0.00,0.00,
picky eater test uk,,0,,0.00,0.00,
picky eater test.,,0,,1.40,0.01,
picky eater tests,,0,,1.40,0.01,
picky eater tesy,,0,,0.00,0.00,
picky eater therapie,,0,,0.00,0.00,
picky eater therapist,,0,,0.00,0.00,
picky eater therapist near me,,0,,0.00,0.00,
picky eater therapy philadelhia,,0,,0.00,0.00,
picky eater therapy philadelphia,,0,,0.00,0.00,
picky eater throwing up,,0,,0.00,0.00,
picky eater throws up,,0,,0.00,0.00,
picky eater tick tock,,0,,0.00,0.00,
picky eater tik tok,,0,,0.00,0.00,
picky eater tiktok urstepdadswife,,0,,0.00,0.00,
picky eater tips vegetables,,0,,0.00,0.00,
picky eater to dog,,0,,0.00,0.00,
picky eater to eat,,0,,0.00,0.00,
picky eater toddler 4 year old,,0,,0.00,0.00,
picky eater toddler blog,,0,,0.00,0.00,
picky eater toddler book,,0,,0.00,0.00,
picky eater toddler books,,0,,0.00,0.00,
picky eater toddler breakfast,,0,,0.00,0.00,
picky eater toddler food,,0,,0.00,0.00,
picky eater toddler food recipes,,0,,0.00,0.00,
picky eater toddler foods,,0,,0.00,0.00,
picky eater toddler formula,,0,,0.00,0.00,
picky eater toddler handout,,0,,0.00,0.00,
picky eater toddler indian recipes,,0,,0.00,0.00,
picky eater toddler lunch,,0,,0.00,0.00,
picky eater toddler meal,,0,,0.00,0.00,
picky eater toddler meal plan,,0,,0.00,0.00,
picky eater toddler menu,,0,,0.00,0.00,
picky eater toddler nursing teaching,,0,,0.00,0.00,
picky eater toddler pdf,,0,,0.00,0.00,
picky eater toddler philippines,,0,,0.00,0.00,
picky eater toddler recipes philippines,,0,,0.00,0.00,
picky eater toddler snacks,,0,,0.00,0.00,
picky eater toddler solutions,,0,,0.00,0.00,
picky eater toddler symptoms,,0,,0.00,0.00,
picky eater toddler what to do,,0,,0.00,0.00,
picky eater toddler with constipation,,0,,0.00,0.00,
picky eater toddlers,,0,,0.00,0.00,
picky eater traduccion,,0,,0.00,0.00,
picky eater trait sims 4,,0,,0.00,0.00,
picky eater translate,,0,,0.00,0.33,
picky eater trastorno,,0,,0.00,0.00,
picky eater traveling,,0,,0.00,0.00,
picky eater traveling to japan,,0,,0.00,0.00,
picky eater tropes,,0,,0.00,0.00,
picky eater trouble eating,,0,,0.00,0.00,
picky eater trst,,0,,1.40,0.01,
picky eater true source,,0,,0.00,0.00,
picky eater trying to eat healthy meme,,0,,0.00,0.00,
picky eater two year old,,0,,0.00,0.00,
picky eater underweight child,,0,,0.00,0.00,
picky eater usmle,,0,,0.00,0.00,
picky eater vegan,,0,,1.32,0.57,
picky eater veggie recipes,,0,,0.00,0.00,
picky eater veggies,,0,,0.00,0.00,
picky eater versus problem feeder,,0,,0.00,0.00,
picky eater vet fikes,,0,,0.00,0.00,
picky eater video blogger,,0,,0.00,0.00,
picky eater video bugs,,0,,0.00,0.00,
picky eater vine,,0,,0.00,0.00,
picky eater visiting a dietitian,,0,,0.00,0.00,
picky eater vitamins that taste good,,0,,0.00,0.00,
picky eater vitamins toddler,,0,,0.00,0.00,
picky eater vomit,,0,,0.00,0.00,
picky eater vomiting,,0,,0.00,0.00,
picky eater vs autism,,0,,0.00,0.00,
picky eater vs eating disorder,,0,,0.00,0.00,
picky eater vs fussy eater,,0,,0.00,0.00,
picky eater vs problem feeders,,0,,0.00,0.00,
picky eater vs problem feeders workshop detroit mi,,0,,0.00,0.00,
picky eater want to kill,,0,,0.00,0.00,
picky eater wanting to like beans,,0,,0.00,0.00,
picky eater wariowar,,0,,0.00,0.00,
picky eater was tun,,0,,0.00,0.00,
picky eater website,,0,,0.00,0.00,
picky eater weekly meal plan,,0,,0.00,0.00,
picky eater weight loss,,0,,5.57,0.94,
picky eater weight loss diet,,0,,2.17,0.93,
picky eater weight loss recipes,,0,,0.00,0.00,
picky eater weight watchers,,0,,0.00,0.00,
picky eater went blind,,0,,0.00,0.00,
picky eater what should i get the fuck outta here,,0,,0.00,0.00,
picky eater when sick,,0,,0.00,0.00,
picky eater when started,,0,,0.00,0.00,
picky eater when to worry,,0,,0.00,0.00,
picky eater white foods,,0,,0.00,0.00,
picky eater who only eat chicken strips reddit,,0,,0.00,0.00,
picky eater whole 30,,0,,0.00,0.00,
picky eater why,,0,,0.00,0.00,
picky eater wiki,,0,,0.00,0.00,
picky eater wikihow,,0,,0.00,0.00,
picky eater will starve himself,,0,,0.00,0.00,
picky eater with a stomping gait,,0,,0.00,0.00,
picky eater with celiac disease,,0,,0.00,0.00,
picky eater with frequent vomitting,,0,,0.00,0.00,
picky eater with gestational diabetes,,0,,0.00,0.00,
picky eater with sticky poops,,0,,0.00,0.00,
picky eater with texture issues,,0,,0.00,0.00,
picky eater won t eat,,0,,0.00,0.00,
picky eater won't eat,,0,,0.00,0.00,
picky eater won't eat anything,,0,,0.00,0.00,
picky eater wont eat,,0,,0.00,0.00,
picky eater wont eat meat,,0,,0.00,0.00,
picky eater wont eat meat should i be worried,,0,,0.00,0.00,
picky eater workbook,,0,,0.00,0.00,
picky eater worksheet,,0,,0.00,0.00,
picky eater worksheet for chdilren,,0,,0.00,0.00,
picky eater worksheet for children,,0,,0.00,0.00,
picky eater worksheet for children pdf,,0,,0.00,0.00,
picky eater workshhet fo children,,0,,0.00,0.00,
picky eater workshop,,0,,0.00,0.00,
picky eater wuiz,,0,,0.00,0.00,
picky eater yest,,0,,0.00,0.00,
picky eater yorkie puppy,,0,,0.00,0.00,
picky eater zodiac signs,,0,,0.00,0.00,
picky eater بالعربي,,0,,0.00,0.00,
picky eater คือ,,0,,0.00,0.00,
picky eater'' en español,,0,,0.00,0.33,
picky eater'' in spanish mexico,,0,,0.00,0.33,
picky eater'' in spanish slang,,0,,0.00,0.02,
picky eater's guide to eating healthy,,0,,0.00,0.00,
picky eater's project melissa d arabian,,0,,0.00,0.00,
picky eater's quick weight loss,,0,,0.00,0.00,
picky eater-approved: meals to make dinnertime easy,,0,,0.00,0.00,
picky eater-syndrom,,0,,0.00,0.33,
picky eater.test,,0,,1.40,0.01,
picky eaterpicky eater,,0,,0.00,0.00,
picky eaters cros off what you dont like eat,,0,,0.00,0.00,
picky eaters cross off stuff you won't eat,,0,,0.00,0.00,
picky eaters cross off what you don t eat,,0,,0.00,0.33,
picky eaters cross off what you don t like eat,,0,,0.00,0.33,
picky eaters cross off what you don't eat facebook,,0,,0.00,0.00,
picky eaters cross off what you don't like to eat,,0,,0.00,0.33,
picky eaters cross off what you dont like eat,,0,,0.00,0.00,
picky eaters cross off what you dont like to eat,,0,,0.00,0.00,
picky eaters cross off what you won't eat,,0,,0.00,0.00,
picky eaters cross off what you won't eat facebook,,0,,0.00,0.00,
picky eaters cross what you don't eat,,0,,0.00,0.00,
picky eaters cross what you dont eat,,0,,0.00,0.00,
picky eaters eating disorder,,0,,0.00,0.00,
picky eaters eating healthy,,0,,0.00,0.00,
picky eaters guide to eating clean,,0,,0.00,0.00,
picky eaters guide to eating healthy 16 months,,0,,0.00,0.00,
picky eaters guide to eating in paris,,0,,0.00,0.00,
picky eaters guide to eating in thailand,,0,,0.00,0.00,
picky eaters list cross off what you don't eat,,0,,0.00,0.00,
picky eaters list cross off what you don't like eat,,0,,0.00,0.00,
picky eaters who make noise while they eat,,0,,0.00,0.00,
picky eaters won't eat food lists,,0,,0.00,0.00,
picky eating 1 year old,,0,,0.00,0.00,
picky eating 2 year old,,0,,0.00,0.00,
picky eating 2 year old being mom shamed,,0,,0.00,0.00,
picky eating 3 year old,,0,,0.00,0.00,
picky eating 5 year old,,0,,0.00,0.00,
picky eating 6 year old,,0,,0.00,0.00,
picky eating academy of nutrition and dietetics,,0,,0.00,0.00,
picky eating activities toddler,,0,,0.00,0.00,
picky eating adolescents and hot to,,0,,0.00,0.00,
picky eating adolescents and how to solve it pubmed,,0,,0.00,0.00,
picky eating adult,,0,,1.32,0.04,
picky eating adult group,,0,,0.00,0.00,
picky eating adults forum,,0,,0.00,0.00,
picky eating adults recipes,,0,,0.00,0.00,
picky eating adults support,,0,,0.00,0.00,
picky eating adults support life or something like it,,0,,0.00,0.00,
picky eating adults support the fairy queen,,0,,0.00,0.00,
picky eating after ear infection toddler,,0,,0.00,0.00,
picky eating age 3.5,,0,,0.00,0.00,
picky eating alberta health services,,0,,0.00,0.00,
picky eating among children,,0,,0.00,0.00,
picky eating and celiac disease,,0,,0.00,0.00,
picky eating and children on the spectrum,,0,,0.00,0.00,
picky eating and digestive issues in toddlers,,0,,0.00,0.00,
picky eating and generalized anxiety disorder,,0,,0.00,0.00,
picky eating and mental health,,0,,0.00,0.00,
picky eating and narcissism,,0,,0.00,0.00,
picky eating and nutrition,,0,,0.00,0.00,
picky eating and ocd,,0,,0.00,0.00,
picky eating and sensory processing disorder,,0,,0.00,0.00,
picky eating and trauma,,0,,0.00,0.00,
picky eating and weight loss surgery,,0,,0.00,0.00,
picky eating animals,,0,,0.00,0.00,
picky eating annoying adult,,0,,0.00,0.00,
picky eating anorexia,,0,,0.00,0.00,
picky eating anxiety control,,0,,0.00,0.00,
picky eating arfid,,0,,0.00,0.00,
picky eating article,,0,,0.00,0.00,
picky eating as a kid,,0,,0.00,0.00,
picky eating asd,,0,,0.00,0.00,
picky eating aspergers,,0,,0.00,0.00,
picky eating at 10 months,,0,,0.00,0.00,
picky eating at 12 months,,0,,0.00,0.00,
picky eating at 16 montgs,,0,,0.00,0.00,
picky eating at 18,,0,,0.00,0.00,
picky eating attitudes,,0,,0.00,0.00,
picky eating august 2015,,0,,0.00,0.00,
picky eating autism adults,,0,,0.00,0.00,
picky eating baby,,0,,0.00,0.00,
picky eating babycenter,,0,,0.00,0.00,
picky eating behavior in children,,0,,0.00,0.00,
picky eating behavior in children abnormal psychology,,0,,0.00,0.00,
picky eating behavior in children should,,0,,0.00,0.00,
picky eating behavior in children should quizlet,,0,,0.00,0.00,
picky eating behaviors,,0,,0.00,0.00,
picky eating bipolar,,0,,0.00,0.00,
picky eating blind,,0,,0.00,0.00,
picky eating blog,,0,,0.00,0.00,
picky eating book,,0,,0.51,0.97,
picky eating books,,0,,0.51,0.97,
picky eating carolina dog,,0,,0.00,0.00,
picky eating cat,,0,,1.69,0.88,
picky eating cats,,0,,0.00,0.00,
picky eating causes malnutrition,,0,,0.00,0.00,
picky eating challenges,,0,,0.00,0.00,
picky eating child,,0,,0.00,0.00,
picky eating children,,0,,0.00,0.00,
picky eating children chicago,,0,,0.00,0.00,
picky eating children therapy chicago,,0,,0.00,0.00,
picky eating cnn,,0,,0.00,0.00,
picky eating coach,,0,,0.00,0.00,
picky eating college video,,0,,0.00,0.00,
picky eating common in asd,,0,,0.00,0.00,
picky eating common in asd autism,,0,,0.00,0.00,
picky eating common in autism spectrum disorder,,0,,0.00,0.00,
picky eating conference,,0,,0.00,0.00,
picky eating dan marino nicklaus children's weston anna,,0,,0.00,0.00,
picky eating dating,,0,,0.00,0.00,
picky eating death,,0,,0.00,0.00,
picky eating deutsch,,0,,0.00,0.00,
picky eating diet,,0,,0.00,0.00,
picky eating dinnertime,,0,,0.00,0.00,
picky eating disease,,0,,0.00,0.00,
picky eating disorder adult,,0,,0.00,0.00,
picky eating disorder cats,,0,,0.00,0.00,
picky eating disorder in adults,,0,,0.00,0.00,
picky eating disorder offical name,,0,,0.00,0.00,
picky eating disorder quiz,,0,,0.00,0.00,
picky eating disorder treatment,,0,,0.00,0.00,
picky eating dog breeds,,0,,0.00,0.00,
picky eating due to anxiety,,0,,0.00,0.00,
picky eating duke univeristy,,0,,0.00,0.00,
picky eating eating disorder,,0,,0.00,0.00,
picky eating effects,,0,,0.00,0.00,
picky eating ellis,,0,,0.00,0.00,
picky eating expert,,0,,0.00,0.00,
picky eating facts,,0,,0.00,0.00,
picky eating food disorder,,0,,0.00,0.00,
picky eating food goals speech therapy,,0,,0.00,0.00,
picky eating food jag,,0,,0.00,0.00,
picky eating food list printable,,0,,0.00,0.00,
picky eating for toddlers,,0,,0.00,0.00,
picky eating genetics,,0,,0.00,0.00,
picky eating goal slp,,0,,0.00,0.00,
picky eating guide,,0,,0.00,0.00,
picky eating habit,,0,,0.00,0.00,
picky eating habit adult,,0,,0.00,0.00,
picky eating habits adult,,0,,0.00,0.00,
picky eating handouts in french,,0,,0.00,0.00,
picky eating havanese,,0,,0.00,0.00,
picky eating help for special needs adults nashville tn,,0,,0.00,0.00,
picky eating horse,,0,,0.00,0.00,
picky eating icd 10 code,,0,,0.00,0.00,
picky eating icd10,,0,,0.00,0.00,
picky eating ideas for kids,,0,,0.00,0.00,
picky eating images,,0,,0.00,0.00,
picky eating in adults results of a web-based surve,,0,,0.00,0.00,
picky eating in adults results of a web-based survey,,0,,0.00,0.00,
picky eating in asd,,0,,0.00,0.00,
picky eating in autism,,0,,0.00,0.00,
picky eating in autistic children,,0,,0.00,0.00,
picky eating in children causes and consequences,,0,,0.00,0.00,
picky eating in children causes and solutions,,0,,0.00,0.00,
picky eating in children: causes and consequences,,0,,0.00,0.00,
picky eating in children: causes and solutions,,0,,0.00,0.00,
picky eating in china,,0,,0.00,0.00,
picky eating in dogs,,0,,0.00,0.00,
picky eating in older age,,0,,0.00,0.00,
picky eating in older age story,,0,,0.00,0.00,
picky eating in spanish,,0,,0.00,0.00,
picky eating infographic,,0,,0.00,0.00,
picky eating is a choice,,0,,0.00,0.00,
picky eating is a learned behavior,,0,,0.00,0.00,
picky eating is a learned response article,,0,,0.00,0.00,
picky eating is a moral failure,,0,,0.00,0.00,
picky eating is related to _____,,0,,0.00,0.00,
picky eating is related to _____.,,0,,0.00,0.00,
picky eating is related to quizlet,,0,,0.00,0.00,
picky eating kids research,,0,,0.00,0.00,
picky eating kids support group,,0,,0.00,0.00,
picky eating lead to anorexia,,0,,0.00,0.00,
picky eating lead to arfid,,0,,0.00,0.00,
picky eating learned behavior,,0,,0.00,0.00,
picky eating led to arfid,,0,,0.00,0.00,
picky eating leopard geckos,,0,,0.00,0.00,
picky eating linked,,0,,0.00,0.00,
picky eating linked to,,0,,0.00,0.00,
picky eating linked to demanding parents,,0,,0.00,0.00,
picky eating linked to depression,,0,,0.00,0.00,
picky eating mary barbaera,,0,,0.00,0.00,
picky eating meaning in telugu,,0,,0.00,0.00,
picky eating medical term,,0,,0.00,0.00,
picky eating mental disorder,,0,,0.00,0.00,
picky eating mom,,0,,0.00,0.00,
picky eating nerd fitness,,0,,0.00,0.00,
picky eating neurodivegent,,0,,0.00,0.00,
picky eating nonsense,,0,,0.00,0.00,
picky eating now a disorder,,0,,0.00,0.00,
picky eating ocd,,0,,0.00,0.00,
picky eating olfactory,,0,,0.00,0.00,
picky eating one year old,,0,,0.00,0.00,
picky eating page love,,0,,0.00,0.00,
picky eating pdf,,0,,0.00,0.00,
picky eating person,,0,,0.00,0.00,
picky eating picky eater test,,0,,0.00,0.00,
picky eating pig,,0,,0.00,0.00,
picky eating power struggle,,0,,0.00,0.00,
picky eating preschool,,0,,0.00,0.00,
picky eating prevalence,,0,,0.00,0.00,
picky eating puppies,,0,,0.00,0.00,
picky eating quotes,,0,,0.00,0.00,
picky eating recipes,,0,,0.29,0.68,
picky eating research,,0,,0.00,0.00,
picky eating resolution,,0,,0.00,0.00,
picky eating reversal,,0,,0.00,0.00,
picky eating reversal course reviews,,0,,0.00,0.00,
picky eating sign of autism,,0,,0.00,0.00,
picky eating slp,,0,,0.00,0.00,
picky eating social story,,0,,0.00,0.00,
picky eating soft foods,,0,,0.00,0.00,
picky eating statistics,,0,,0.00,0.00,
picky eating stress,,0,,0.00,0.00,
picky eating stress adult,,0,,0.00,0.00,
picky eating support,,0,,0.00,0.00,
picky eating support groups,,0,,0.00,0.00,
picky eating support groups for parents faceboo,,0,,0.00,0.00,
picky eating survey,,0,,0.00,0.00,
picky eating symptoms,,0,,0.00,0.00,
picky eating tips for parents,,0,,0.00,0.00,
picky eating tips new york times,,0,,0.00,0.00,
picky eating tips parents,,0,,0.00,0.00,
picky eating to the extreme,,0,,0.00,0.00,
picky eating toddler autism,,0,,0.00,0.00,
picky eating toddler help,,0,,0.00,0.00,
picky eating toddler meal plan,,0,,0.00,0.00,
picky eating toddler recipes,,0,,0.00,0.00,
picky eating toddler strategies,,0,,0.00,0.00,
picky eating toddler tips,,0,,0.00,0.00,
picky eating toddlers approach meal time,,0,,0.00,0.00,
picky eating toddlers approach mealtime,,0,,0.00,0.00,
picky eating treatment,,0,,0.00,0.00,
picky eating trial adult,,0,,0.00,0.00,
picky eating two year old,,0,,0.00,0.00,
picky eating under 2,,0,,0.00,0.00,
picky eating vancouver,,0,,0.00,0.00,
picky eating versus problem feeder,,0,,0.00,0.00,
picky eating vs autism,,0,,0.00,0.00,
picky eating vs other eating disorders,,0,,0.00,0.00,
picky eating vs problem eating,,0,,0.00,0.00,
picky eating weight loss,,0,,0.00,0.00,
picky eating wellbutrin,,0,,0.00,0.00,
picky eating with autism,,0,,0.00,0.00,
picky eating workshop,,0,,0.00,0.00,
picky eating zinc deficiency,,0,,0.00,0.00,
picky eats cross off,,0,,0.00,0.00,
picky eats scholarship,,0,,0.00,0.00,
picky fat cat wont eat new food,,0,,0.00,0.00,
picky ferret eater,,0,,0.00,0.00,
picky five year old eater,,0,,0.00,0.00,
picky food eater,,0,,0.00,0.01,
picky food eater meme,,0,,0.00,0.00,
picky food eating disorder,,0,,0.00,0.00,
picky food eating easy to anger quickly overwhelmed,,0,,0.00,0.00,
picky fussy eater,,0,,0.00,0.00,
picky fussy eater meaning,,0,,0.00,0.00,
picky greyhound eater,,0,,0.00,0.00,
picky guinea pig eater,,0,,0.00,0.00,
picky horse eater,,0,,0.00,0.00,
picky horse eater meme,,0,,0.00,0.00,
picky husky eater,,0,,3.61,0.96,
picky kid at faycare wont eat anything,,0,,0.00,0.00,
picky kid eater pdf,,0,,0.00,0.00,
picky kid eating,,0,,0.00,0.00,
picky kids eat,,0,,0.00,0.00,
picky kids eating,,0,,0.00,0.00,
picky kids eating bread,,0,,0.00,0.00,
picky kids healthy eating,,0,,0.00,0.00,
picky maltese eater,,0,,0.00,0.00,
picky meat eater,,0,,0.00,0.00,
picky one year old eater,,0,,0.00,0.00,
picky one year old eating,,0,,0.00,0.00,
picky one year old won't eat,,0,,0.00,0.00,
picky picky eater,,0,,0.00,0.00,
picky pomeranian won't eat,,0,,0.00,0.00,
picky puppy eating,,0,,0.00,0.00,
picky puppy won t eat,,0,,2.66,1.00,
picky puppy won t eat kibble,,0,,0.00,1.00,
picky puppy wont eat,,0,,2.66,0.00,
picky puppy wont eat kibble,,0,,0.00,0.00,
picky rabbit eater now has stastis,,0,,0.00,0.00,
picky teen eater,,0,,0.00,0.00,
picky toddler eating habits,,0,,0.00,0.00,
picky toddler eating program,,0,,0.00,0.00,
picky toddler eating tips,,0,,0.00,0.00,
picky toddler not eating,,0,,0.00,0.00,
picky toddler only eats carbs won't poop,,0,,0.00,0.00,
picky toddler won t eat,,0,,0.00,0.00,
picky toddler won t eat anything,,0,,0.00,0.00,
picky toddler won t eat meat,,0,,0.00,0.00,
picky toddler won't eat,,0,,0.00,0.00,
picky toddler won't eat anything,,0,,0.00,0.00,
picky toddler wont eat,,0,,0.00,0.00,
picky toddler wont eat anything,,0,,0.00,0.00,
picky toddlers eating,,0,,0.00,0.00,
picky two year old eater,,0,,0.00,0.00,
picky two year old won't eat,,0,,0.00,0.00,
picky two year old wont eat,,0,,0.00,0.00,
picky vegan eater grocery list,,0,,0.00,0.00,
picky vs problem eater,,0,,0.00,0.00,
picky vs problem eater a closer look at sensory processing,,0,,0.00,0.00,
picky vs problem eating,,0,,0.00,0.00,
picky wops uber eats,,0,,0.00,0.00,
picky+eater,,0,,1.66,0.13,
picky+eating+disorder,,0,,0.00,0.00,
picky+eating+syndrome,,0,,0.00,0.00,
picky-eater-syndrom,,0,,0.00,0.33,
picky-eating-slew-largest-ape-ever-lived,,0,,0.00,0.00,
picky.eater,,0,,1.66,0.13,
picky.eater test,,0,,1.40,0.01,
picky.kid.eater.instapot,,0,,0.00,0.00,
pickys eater restaurant broojlyn,,0,,0.00,0.00,
picture book with a picky eater,,0,,0.00,0.00,
picture books on picky eating,,0,,0.00,0.00,
pig is super picky at eating,,0,,0.00,0.00,
pill for picky eater,,0,,0.00,0.00,
pinkalicious and peterrific peter the picky eater,,0,,0.00,0.00,
place to eat in boston for picky eaters,,0,,0.00,0.00,
places to eat lyncburg picky eaters,,0,,0.00,0.00,
places to eat lynchburg picky eaters,,0,,0.00,0.00,
places to take my picky girlfriend to eat,,0,,0.00,0.00,
play d.w the picky eater game for free,,0,,0.00,0.00,
pokemon nebby picky eater,,0,,0.00,0.00,
polite picky eater,,0,,0.00,0.33,
pomeranian puppy picky eater,,0,,0.00,0.00,
pomeranian very picky eater,,0,,0.00,0.00,
pomsky picky eater,,0,,0.00,0.00,
poodle picky eater reddit,,0,,0.00,0.00,
poptart for dinner picky eating,,0,,0.00,0.00,
pre-made meal kits that support picky eater nutrition.,,0,,0.00,0.00,
pregnancy picky eating,,0,,0.00,0.00,
pregnant wife is picky eater,,0,,0.00,0.00,
premade meal kits that support picky eater nutrition,,0,,0.00,0.00,
premade meal kits that support picky eater nutrition.,,0,,0.00,0.00,
premium dog foods picky eater,,0,,0.00,0.00,
prepared meals kids will eat picky eaters,,0,,0.00,0.00,
preparing eggs for the picky eater,,0,,0.00,0.00,
preschool lunch for picky eater,,0,,0.00,0.00,
preschool lunch picky eater,,0,,0.00,0.00,
preschooler losing weight picky eater,,0,,0.00,0.00,
prescreption dog food for picky eater,,0,,0.00,0.00,
pretend play with food to help picky eater,,0,,0.00,0.00,
pretty picky eater,,0,,0.00,0.33,
prevalence of picky eating,,0,,0.00,0.00,
prevent hamster from being picky eater,,0,,0.00,0.00,
prevent toddler from becoming picky eater,,0,,0.00,0.00,
preventing picky eating,,0,,0.00,0.00,
problem feeders vs picky eater,,0,,0.00,0.00,
problems of being a picky eater,,0,,0.00,0.00,
professional chef picky eater,,0,,0.00,0.00,
prom date is a picky eater,,0,,0.00,0.00,
protein bar for picky eater,,0,,0.00,0.00,
protein diet to lose weight for a picky eater,,0,,0.00,0.00,
protein for baby picky eater,,0,,0.00,0.00,
protein for picky eater,,0,,0.37,1.00,
protein ideas for picky eater with diabetes,,0,,0.00,0.00,
protein picky eater kid,,0,,0.00,0.00,
proteins for every meal for a picky eater,,0,,0.00,0.00,
psychological reasons for picky eating,,0,,0.00,0.00,
psychology of adult picky eater,,0,,0.00,0.00,
psychology of picky eating,,0,,0.00,0.00,
psychology of stopping picky eating,,0,,0.00,0.00,
psychology of stopping picky eating a adult,,0,,0.00,0.00,
ptc strips activity picky eater,,0,,0.00,0.00,
pubmed picky eater,,0,,0.00,0.00,
puppy become a picky eater,,0,,0.00,0.00,
puppy being a picky eater,,0,,0.00,0.00,
puppy is picky eater but needa extra protein,,0,,0.00,0.00,
puppy picky eater phase,,0,,0.00,0.00,
puppy picky eating,,0,,0.00,0.00,
puppy suddenly picky eater,,0,,0.00,0.00,
puppy very picky eater,,0,,0.00,0.00,
pureed soup for picky eater,,0,,0.00,0.00,
que es un niño picky eater,,0,,0.00,0.00,
que significa picky eater en español,,0,,0.00,0.00,
que significa picky eater en ingles,,0,,0.00,0.00,
quick healthy meals for picky eater,,0,,0.00,0.00,
quiz picky eater,,0,,0.00,0.00,
quizony picky eater,,0,,0.00,0.00,
quizzes online picky eater,,0,,0.00,0.00,
quotes picky eating,,0,,0.00,0.00,
r relationships my boyfriend picky eating,,0,,0.00,0.00,
ragdoll cat picky eater,,0,,0.00,0.00,
rainbow light vs picky eater vitamins,,0,,0.00,0.00,
rch picky eater,,0,,0.00,0.00,
real fast ideas for kids picky eater,,0,,0.00,0.00,
really picky feline eater,,0,,0.00,0.00,
reason why dog becomes picky eater,,0,,0.00,0.00,
reasons why dog suddenly picky eater,,0,,0.00,0.00,
receipes for a picky eater,,0,,0.00,0.00,
receipt for picky eatting kids,,0,,0.00,0.00,
recent news stories on picky eating,,0,,0.00,0.00,
recipe for picky eater,,0,,0.29,0.68,
recipe for picky eater teens,,0,,0.00,0.00,
recipe for picky eater toddler,,0,,0.00,0.00,
recipes for 1 year old picky eater,,0,,0.00,0.00,
recipes for 2 year old picky eater,,0,,0.00,0.00,
recipes for adult picky eater,,0,,0.00,0.00,
recipes for kids picky eater,,0,,0.00,0.00,
recipes for picky eater kids,,0,,0.00,0.00,
recipes for picky eater with leaky gut,,0,,0.00,0.00,
recipes for picky eates,,0,,0.00,0.00,
recipes for the picky eating child,,0,,0.00,0.00,
recipes for when you're a picky eater,,0,,0.00,0.00,
recipes for working mom and picky eater,,0,,0.00,0.00,
recipes picky toddlers will eat,,0,,0.00,0.00,
recipes to get picky eaters to eat vegetables,,0,,0.00,0.00,
recipes to get picky eaters to eat veggies,,0,,0.00,0.00,
recipes wih chicken for picky eater,,0,,0.00,0.00,
red velvet joy picky eater,,0,,0.00,0.00,
reddit 20 month old autism when does picky eating start,,0,,0.00,0.00,
reddit autism when does picky eating start,,0,,0.00,0.00,
reddit how to get over being a picky eater,,0,,0.00,0.00,
reddit how to stope being a picky eater,,0,,0.00,0.00,
reddit i am a picky eater,,0,,0.00,0.00,
reddit i am a picky eater with,,0,,0.00,0.00,
reddit i am a picky eater with textures,,0,,0.00,0.00,
reddit keto picky eater,,0,,0.00,0.00,
reddit my wife is a very picky eater,,0,,0.00,0.00,
reddit picky cat won't eat wet food with chunks,,0,,0.00,0.00,
reddit picky eater child,,0,,0.00,0.00,
reddit picky eater choosy starter pack,,0,,0.00,0.00,
reddit picky eater eat healthy,,0,,0.00,0.00,
reddit picky eater recipes,,0,,0.00,0.00,
reddit picky eater starter pack,,0,,0.00,0.00,
reddit picky eater weight loss,,0,,0.00,0.00,
reddit picky eating,,0,,0.00,0.00,
reddit puppy picky eater,,0,,0.00,0.00,
redfit wet cat food for picky eater,,0,,0.00,0.00,
reflex integration and picky eating,,0,,0.00,0.00,
reforming a picky eater,,0,,0.00,0.00,
regristered dietitiatn picky eater adult reddit,,0,,0.00,0.00,
remedy for picky eater dog,,0,,0.00,0.00,
renzo's picky eater iron,,0,,0.00,0.00,
renzo's picky eater kids,,0,,0.00,0.00,
renzo's picky eater kids multivitamin review,,0,,0.00,0.00,
renzo's picky eater kids multivitamin stores,,0,,0.00,0.00,
renzo's picky eater kids multivitamin with iron product information,,0,,0.00,0.00,
renzo's picky eater kids multivitamin with iron review,,0,,0.00,0.00,
renzo's picky eater kids multivitamin with iron.,,0,,0.00,0.00,
renzo's picky eater multi amazon,,0,,0.00,0.00,
renzo's picky eater multi official site,,0,,0.00,0.00,
renzo's picky eater multi price,,0,,0.00,0.00,
renzo's picky eater multi product information,,0,,0.00,0.00,
renzo's picky eater multi review,,0,,0.00,0.00,
renzo's picky eater multi reviews,,0,,0.00,0.00,
renzo's picky eater multi vegan dissolvable vitamins for kids stores,,0,,0.00,0.00,
renzo's picky eater multi with iron buy online,,0,,0.00,0.00,
renzo's picky eater multi with iron ingredients,,0,,0.00,0.00,
renzo's picky eater multi with iron melt in mouth,,0,,0.00,0.00,
renzo's picky eater multi with iron product info and reviews,,0,,0.00,0.00,
renzo's picky eater multi with iron product page,,0,,0.00,0.00,
renzo's picky eater multi.,,0,,0.00,0.00,
renzo's picky eater multivitamin review,,0,,0.00,0.00,
renzo's vitamins for kids picky eater,,0,,0.00,0.00,
renzos picky eater kids multivitamin,,0,,0.00,0.00,
renzos picky eater kids multivitamin with iron,,0,,0.00,0.00,
renzos picky eater kids multivitamin with iron ingredients,,0,,0.00,0.00,
renzos picky eater multi with iron,,0,,0.00,0.00,
renzos picky eater multi with iron product page,,0,,0.00,0.00,
renzos picky eater multi with iron reviews,,0,,0.00,0.00,
renzos picky eater multivitamin for kids sugar free,,0,,0.00,0.00,
renzos picky eater multivitamin with iron,,0,,0.00,0.00,
renzos picky eater with iron,,0,,0.00,0.00,
renzos vitamins picky eater,,0,,0.00,0.00,
research indicates a finding associated with picky eating is ______.,,0,,0.00,0.00,
research indicates that picky eating,,0,,0.00,0.00,
research indicates that picky eating ______,,0,,0.00,0.00,
research indicates that picky eating ______.,,0,,0.00,0.00,
research indicates that picky eating:,,0,,0.00,0.00,
resepi untuk anak picky eater,,0,,0.00,0.00,
restaurants for picky eater kids,,0,,0.00,0.00,
restaurants with picky eater options,,0,,0.00,0.00,
retraining a picky eater dog,,0,,0.00,0.00,
reverse picky eating in 60 days,,0,,0.00,0.00,
reverse picky eating toddler,,0,,0.00,0.00,
reviews of melanie potlucks picky eater course,,0,,0.00,0.00,
reviews of melanie potucks picky eater course,,0,,0.00,0.00,
rezepte für picky eater,,0,,0.00,0.00,
rhodesian ridgeback picky eater,,0,,0.00,0.00,
richmond mom blog picky eating,,0,,0.00,0.00,
road trip snacks for picky eater,,0,,0.00,0.00,
rockville picky eating,,0,,0.00,0.00,
romantic dinner for picky eater,,0,,0.00,0.00,
rooney mara picky eater,,0,,0.00,0.00,
rottweiler picky eater,,0,,0.00,0.00,
royal canin picky eater food,,0,,0.00,0.00,
royal palm picky eater,,0,,0.00,0.00,
royal palm turkey picky eater,,0,,0.00,0.00,
rule of exposure and kids picky eating,,0,,0.00,0.00,
russian tortoise picky eater,,0,,0.00,0.00,
ryan simmons picky eater,,0,,0.00,0.00,
s26 gold picky eater malaysia,,0,,0.00,0.00,
s26 picky eater,,0,,0.00,0.00,
s26 picky eater 1.4kg,,0,,0.00,0.00,
s26 picky eater malaysia,,0,,0.00,0.00,
s26 picky eater price,,0,,0.00,0.00,
s26 picky eater price malaysia,,0,,0.00,0.00,
s26 picky eater review,,0,,0.00,0.00,
s26 picky eater sample,,0,,0.00,0.00,
s26 picky eater vs pediasure,,0,,0.00,0.00,
sack lunch for picky eater,,0,,0.00,0.00,
salad for picky eater,,0,,0.00,0.00,
salad toppings options for picky eater,,0,,0.00,0.00,
salads for a picky eater,,0,,0.00,0.00,
saltwater angelfish picky eater,,0,,0.00,0.00,
sarah has always been a picky eater,,0,,0.00,0.00,
scary mommy picky eater,,0,,0.00,0.00,
schnauzer picky eater,,0,,0.00,0.00,
school lunch for my picky eater,,0,,0.00,0.00,
school lunch for picky eater,,0,,0.00,0.00,
school lunch ideas for a picky eater,,0,,0.00,0.00,
school lunch ideas for picky eaters who wont eat bread,,0,,0.00,0.00,
school lunch ideas for the picky eater,,0,,0.00,0.00,
school lunch picky eater,,0,,0.00,0.00,
school snacks for kindergarten picky eater,,0,,0.00,0.00,
science of picky eating,,0,,0.00,0.00,
science picky eater,,0,,0.00,0.00,
science showing early introduction of flavors decreased picky eating,,0,,0.00,0.00,
scientist warn risk of picky eating after teen goes blind,,0,,0.00,0.00,
seattle children's picky eating,,0,,0.00,0.00,
seder dinner for picky eater kids,,0,,0.00,0.00,
selective eating disorder picky,,0,,0.00,0.00,
selective eating disorder vs picky eating,,0,,0.00,0.00,
senior cat picky eater litter problems,,0,,0.00,0.00,
senior dog and picky eater,,0,,0.00,0.00,
seniors and picky eating,,0,,0.00,0.00,
sensative stomachs in dogs tied to picky eating,,0,,0.00,0.00,
sensory disorder picky eater,,0,,0.00,0.00,
sensory issues and picky eating,,0,,0.00,0.00,
sensory processing disorder and picky eater,,0,,0.00,0.00,
sensory processing disorder and picky eating,,0,,0.00,0.00,
sensory processing disorder picky eater,,0,,0.00,0.00,
sensory processing disorder picky eating,,0,,0.00,0.00,
sensory processing food vs picky eating,,0,,0.00,0.00,
seriously picky eater,,0,,0.00,0.00,
seven year old picky eater,,0,,0.00,0.00,
severe picky eating in children,,0,,0.00,0.00,
shar pei picky eater,,0,,0.00,0.00,
she is picky eater,,0,,0.00,0.00,
sheep is a picky eater,,0,,0.00,0.00,
sheknows picky eater,,0,,0.00,0.00,
shepherd dog picky eater,,0,,0.00,0.00,
sheru alaskan malamute is very picky eater,,0,,0.00,0.00,
shiba picky eater,,0,,0.00,0.00,
shih tzu picky eater reddit,,0,,0.00,0.00,
shih tzu picky eating,,0,,0.00,0.00,
shih tzu puppy picky eater,,0,,0.00,0.00,
shorkie picky eater,,0,,0.00,0.00,
should a picky eater try sushi,,0,,0.00,0.00,
show sheep is a picky eater,,0,,0.00,0.00,
sick dog picky eater,,0,,0.00,0.00,
sidemen picky eater,,0,,0.00,0.00,
sides for a picky eater,,0,,0.00,0.00,
significant other is a picky eater,,0,,0.00,0.00,
signs of picky eater toddler,,0,,0.00,0.00,
signs of picky eating,,0,,0.00,0.00,
signs you are a picky eater,,0,,0.00,0.00,
signs you re a picky eater,,0,,0.00,0.33,
signs your dog is a picky eater,,0,,0.00,0.00,
signs your picky eater needs help,,0,,0.00,0.00,
signs youre a picky eater,,0,,0.00,0.00,
simple cheap easy meal prep picky eater,,0,,0.00,0.00,
simple dinners picky kids will eat,,0,,0.00,0.00,
simple picky eater dinner ideas,,0,,0.00,0.00,
sims 4 childhood phase picky eater,,0,,0.00,0.00,
sims 4 picky eater solve,,0,,0.00,0.00,
sims 4 picky eater toddler,,0,,0.00,0.00,
sims 4 picky eater trait,,0,,0.00,0.00,
sims 4 teen picky eater,,0,,0.00,0.00,
sims 4 what do picky eaters eat,,0,,0.00,0.00,
single working mom picky eating toddler,,0,,0.00,0.00,
site archive.4plebs.org rooney and picky eater,,0,,0.00,0.00,
skinny dog picky eater,,0,,0.00,0.00,
skinny toddler picky eater,,0,,0.00,0.00,
slp evaluation report feeding picky eater,,0,,0.00,0.00,
slp picky eater,,0,,0.00,0.00,
small dog picky eater very sensitive stomach best food,,0,,0.00,0.00,
small dog picky eater very sensitive stomach wet food,,0,,0.00,0.00,
small dog picky eating,,0,,0.00,0.00,
smell lick bite picky eater,,0,,0.00,0.00,
smoothie with spinach for picky eater,,0,,0.00,0.00,
snack to get a picky 18 month old to eat,,0,,0.00,0.00,
snacks for picky eater kids,,0,,0.00,0.00,
solid starts picky eating review,,0,,0.00,0.00,
solutions for a very picky eater,,0,,0.00,0.00,
solutions for picky eatings,,0,,0.00,0.00,
someone who is a picky eater,,0,,0.00,0.00,
sos approach to feeding picky eating,,0,,0.00,0.00,
sos picky eating,,0,,0.00,0.00,
spd picky eating,,0,,0.00,0.00,
spd vs picky eating,,0,,0.00,0.00,
speech and ot to address picky eating in toddlers,,0,,0.00,0.00,
speech delay and picky eating,,0,,0.00,0.00,
speech therapy picky eater,,0,,0.00,0.00,
spell picky he is a picky eater,,0,,0.00,0.00,
spot picky eater the good dinosaur,,0,,0.00,0.00,
spouse picky eater,,0,,0.00,0.00,
starting picky eater on healthy diet recipes,,0,,0.00,0.00,
starving a picky eater,,0,,0.00,0.00,
starving out a picky eater,,0,,0.00,0.00,
state of decay 2 picky eater,,0,,0.00,0.00,
staying healthy as a picky eater,,0,,0.00,0.00,
steve harvey picky eater,,0,,0.00,0.00,
stock photo picky eater,,0,,0.00,0.00,
stomach ache and vomiting in a picky eater toddler,,0,,0.00,0.00,
stomach bug picky eater,,0,,0.00,0.00,
story about a picky eater,,0,,0.00,0.00,
story of adult picky eater,,0,,0.00,0.00,
strategies for overcoming picky eating in toddlers,,0,,0.00,0.00,
stray cat picky eater,,0,,0.00,0.00,
strong for life picky eater,,0,,0.00,0.00,
strong willed picky eater,,0,,0.00,0.00,
strong4life picky eating,,0,,0.00,0.00,
struggles of being a picky eater,,0,,0.00,0.00,
studies linking picky eating to lack of zinc,,0,,0.00,0.00,
stuff to add to picky eat dogs food,,0,,0.00,0.00,
sudden picky eating,,0,,0.00,0.00,
suddenly a picky eater,,0,,0.00,0.00,
suddenly a picky eater as an adult,,0,,0.00,0.00,
suddenly dog picky eater,,0,,0.00,0.00,
super picky 14 year old dog wont eat dry food,,0,,0.00,0.00,
super picky adhd eater,,0,,0.00,0.00,
super picky cant eat anything,,0,,0.00,0.00,
super picky dog eater,,0,,0.00,0.00,
super picky eater diet,,0,,0.00,0.00,
super picky eater dog,,0,,0.00,0.00,
super picky eater lose weight,,0,,0.00,0.00,
super picky eater toddler,,0,,0.00,0.00,
super picky eater wont eat meat,,0,,0.00,0.00,
super picky eating disorder,,0,,0.00,0.00,
supernanny picky eater full episode,,0,,0.00,0.00,
susu s26 picky eater,,0,,0.00,0.00,
swallowing evaluation for picky eater,,0,,0.00,0.00,
swiss chard picky eater recipe,,0,,0.00,0.00,
symptoms of picky eating toddlers,,0,,0.00,0.00,
synonym for picky eater,,0,,0.00,0.33,
synonym picky eater,,0,,0.00,0.00,
t rex picky eater,,0,,0.00,0.00,
table talk picky eating program reviews,,0,,0.00,0.00,
tales of a very picky eater,,0,,0.00,0.00,
taste of the wild picky eater,,0,,0.00,0.00,
taste test foods near me picky eater,,0,,0.00,0.00,
tasty how much of a picky eater,,0,,0.00,0.00,
taylor picky eating,,0,,0.00,0.00,
tea that a picky eater would like,,0,,0.00,0.00,
teach a picky kid to eat,,0,,0.00,0.00,
teach picky eaters to eat almonds,,0,,0.00,0.00,
teach picky eaters to eat garlic,,0,,0.00,0.00,
teach picky eaters to eat quinoa,,0,,0.00,0.00,
teach picky eaters to eat veggies,,0,,0.00,0.00,
teach picky kid to eat almonds,,0,,0.00,0.00,
teach picky kids to eat garlic,,0,,0.00,0.00,
ted talk picky eater,,0,,0.00,0.00,
teen picky eater,,0,,0.00,0.00,
teenage picky eater,,0,,1.20,0.39,
teenage picky eating,,0,,0.00,0.00,
teenager picky eater,,0,,1.20,0.39,
teething and picky eating,,0,,0.00,0.00,
terapi untuk anak picky eater,,0,,0.00,0.00,
term for picky eater,,0,,0.00,0.00,
term to describe picky eater,,0,,0.00,0.00,
thanksgiving for a picky eater,,0,,0.00,0.00,
the big comfy couch picky eater youtube,,0,,0.00,0.00,
the chef and the picky eater movie,,0,,0.00,0.00,
the farmer's dog picky eater recipes,,0,,0.00,0.00,
the farmers dog picky eater recipes,,0,,0.00,0.00,
the kids picky eater stack product info and reviews,,0,,0.00,0.00,
the kids picky eater stack reviews,,0,,0.00,0.00,
the making of a picky eater,,0,,0.00,0.00,
the making of a picky eater goodreads,,0,,0.00,0.00,
the making of a picky eater wsj,,0,,0.00,0.00,
the making of the picky eater,,0,,0.00,0.00,
the mean girls princess chanel princess ashley picky eater slave,,0,,0.00,0.00,
the most polite picky eater,,0,,0.00,0.00,
the no cry picky eate,,0,,0.00,0.00,
the no cry picky eate elizabeth pantley 2011,,0,,0.00,0.00,
the no cry picky eater s,,0,,0.00,0.00,
the picky eater and the chef,,0,,0.00,0.00,
the picky eater and the chef chinese movie,,0,,0.00,0.00,
the picky eater and the chef drama,,0,,0.00,0.00,
the picky eater and the chef full movie,,0,,0.00,0.00,
the picky eater and the chef korean drama,,0,,0.00,0.00,
the picky eater and the chef movie,,0,,0.00,0.00,
the picky eater anjali,,0,,0.00,0.00,
the picky eater arthur,,0,,0.00,0.00,
the picky eater chinese movie,,0,,0.00,0.00,
the picky eater cookbook,,0,,0.00,0.00,
the picky eater diet,,0,,0.00,0.00,
the picky eater drama,,0,,0.00,0.00,
the picky eater food blog,,0,,0.00,0.00,
the picky eater formula,,0,,0.00,0.00,
the picky eater guide,,0,,0.00,0.00,
the picky eater houghton mifflin,,0,,0.00,0.00,
the picky eater instagram,,0,,0.00,0.00,
the picky eater marc brown,,0,,0.00,0.00,
the picky eater meal plan,,0,,0.00,0.00,
the picky eater movie,,0,,0.00,0.00,
the picky eater online,,0,,0.00,0.00,
the picky eater proj,,0,,0.00,0.00,
the picky eater proj 2017,,0,,0.00,0.00,
the picky eater project 6 we,,0,,0.00,0.00,
the picky eater project book,,0,,0.00,0.00,
the picky eater recipes,,0,,0.00,0.00,
the picky eater series,,0,,0.00,0.00,
the picky eater starter pack,,0,,0.00,0.00,
the picky eater taste-off,,0,,0.00,0.00,
the picky eater taste-off facebook,,0,,0.00,0.00,
the picky eater taste-off instagram,,0,,0.00,0.00,
the picky eater taste-off twitter,,0,,0.00,0.00,
the picky eater test instagram,,0,,0.00,0.00,
the picky eater toddler,,0,,0.00,0.00,
the picky eater vegetarian chili,,0,,0.00,0.00,
the picky eater vitamins,,0,,0.00,0.00,
the picky eater with crohn's,,0,,0.00,0.00,
the picky eater's recovery book pdf,,0,,0.00,0.00,
the psychology of a picky eater,,0,,0.00,0.00,
the science behind picky eating,,0,,0.00,0.00,
the scientific reason you're a picky eater self,,0,,0.00,0.00,
the truth about picky eating and nature vs nurture,,0,,0.00,0.00,
the venus flytrap is a picky eater,,0,,0.00,0.00,
the venus flytrap is a picky eater answer key,,0,,0.00,0.00,
the venus flytrap is a picky eater answers,,0,,0.00,0.00,
the very best recipes for the picky eater,,0,,0.00,0.00,
the very picky eater book,,0,,0.00,0.00,
the very picky eater pdf,,0,,0.00,0.00,
the viatmin for picky eater parents,,0,,0.00,0.00,
thedo gs picky eater dog breeds,,0,,0.00,0.00,
thedo.gs picky eater dog breeds,,0,,0.00,0.00,
therapeutic exercises for picky eater,,0,,0.00,0.00,
therapy for picky eating,,0,,0.00,0.00,
things for picky toddlers to eat,,0,,0.00,0.00,
things picky eaters won t eat,,0,,0.00,0.33,
things picky eaters wont eat,,0,,0.00,0.00,
things picky kids will eat,,0,,0.00,0.00,
things to call picky eates,,0,,0.00,0.00,
things to eat as a picky eater,,0,,0.00,0.33,
things to eat for dinner picky eater,,0,,0.00,0.00,
things to give picky toddlers to eat,,0,,0.00,0.00,
things to know about picky eating,,0,,0.00,0.00,
three year old extreme picky eater,,0,,0.00,0.00,
three year old picky eater,,0,,0.00,0.00,
three year old picky eating,,0,,0.00,0.00,
three year old steven is a picky eateer,,0,,0.00,0.00,
three year old very picky about eating,,0,,0.00,0.00,
thyroid picky eater,,0,,0.00,0.00,
tiki cat picky eater formulas where to buy,,0,,0.00,0.00,
tip toe walking extremely picky eater,,0,,0.00,0.00,
tips expand picky eater's palate,,0,,0.00,0.00,
tips for a picky eater child,,0,,0.00,0.00,
tips for beating adult picky eating,,0,,0.00,0.00,
tips for beating picky eating,,0,,0.00,0.00,
tips for dealing with a picky eater toddler,,0,,0.00,0.00,
tips for getting a picky dog to eat,,0,,0.00,0.00,
tips for getting picky cats to eat calming treats,,0,,0.00,0.00,
tips for getting picky dogs to eat calming treats,,0,,0.00,0.00,
tips for getting picky horse to eat feed,,0,,0.00,0.00,
tips for getting picky horses to eat feed,,0,,0.00,0.00,
tips for getting picky toddler to eat,,0,,0.00,0.00,
tips for healthy eating for picky eaters,,0,,0.00,0.00,
tips for picky eater,,0,,0.48,0.18,
tips for picky eater toddlers,,0,,0.00,0.00,
tips for picky eating,,0,,0.00,0.00,
tips for picky eating kids,,0,,0.00,0.00,
tips for picky eating toddlers,,0,,0.00,0.00,
tips for taking shrooms when you're a picky eater,,0,,0.00,0.00,
tips handle picky eater,,0,,0.00,0.00,
tips handle picky eater health,,0,,0.00,0.00,
tips on how to get a picky toddler to eat,,0,,0.00,0.00,
tips to end picky eating in children,,0,,0.00,0.00,
tips to get picky cat to eat,,0,,0.00,0.00,
tips to get picky dog to eat,,0,,0.00,0.00,
tips to stop being a picky eater,,0,,0.00,0.00,
tips to stop being a.picky.eater adult,,0,,0.00,0.00,
to be a picky eater in spanish,,0,,0.00,0.00,
to be picky eater in spanish,,0,,0.00,0.00,
toddler all of a sudden picky eater,,0,,0.00,0.00,
toddler and picky eating,,0,,0.00,0.00,
toddler become picky eater,,0,,0.00,0.00,
toddler becomes picky eater,,0,,0.00,0.00,
toddler becoming a picky eater,,0,,0.00,0.00,
toddler being picky eater,,0,,0.00,0.00,
toddler being picky eater meme,,0,,0.00,0.00,
toddler breakfast picky eater,,0,,0.00,0.00,
toddler dinner for a picky eater,,0,,0.00,0.00,
toddler dinner ideas 2 year old picky eater,,0,,0.00,0.00,
toddler dinner picky eater,,0,,0.00,0.00,
toddler dinners for a picky eater,,0,,0.00,0.00,
toddler eating habits picky,,0,,0.00,0.00,
toddler extreme picky eating,,0,,0.00,0.00,
toddler extremely picky eater,,0,,0.00,0.00,
toddler food for the picky eater,,0,,0.00,0.00,
toddler food ideas for picky eater,,0,,0.00,0.00,
toddler food ideas picky eater,,0,,0.00,0.00,
toddler food picky eater,,0,,0.00,0.00,
toddler friendly picky eater meals,,0,,0.00,0.00,
toddler has become a picky eater,,0,,0.00,0.00,
toddler has become picky eater,,0,,0.00,0.00,
toddler has become very picky eater,,0,,0.00,0.00,
toddler is a picky eater and stopped eating normal foods,,0,,0.00,0.00,
toddler is a very picky eater,,0,,0.00,0.00,
toddler is becoming a picky eater,,0,,0.00,0.00,
toddler is extremely picky eater,,0,,0.00,0.00,
toddler is picky eater,,0,,0.00,0.00,
toddler is very picky eater,,0,,0.00,0.00,
toddler lunch ideas 3 year old picky eater,,0,,0.00,0.00,
toddler lunch ideas for picky eater,,0,,0.00,0.00,
toddler lunch picky eater,,0,,0.00,0.00,
toddler meals for picky eater,,0,,0.00,0.00,
toddler picky eater advice,,0,,0.00,0.00,
toddler picky eater after sick,,0,,0.00,0.00,
toddler picky eater all of a sudden,,0,,0.00,0.00,
toddler picky eater and wants to throw up,,0,,0.00,0.00,
toddler picky eater autism,,0,,0.00,0.00,
toddler picky eater book,,0,,0.00,0.00,
toddler picky eater books,,0,,0.00,0.00,
toddler picky eater cold turkey,,0,,0.00,0.00,
toddler picky eater constipation,,0,,0.00,0.00,
toddler picky eater dinner ideas,,0,,0.00,0.00,
toddler picky eater food ideas,,0,,0.00,0.00,
toddler picky eater food list,,0,,0.00,0.00,
toddler picky eater funny,,0,,0.00,0.00,
toddler picky eater ideas,,0,,0.00,0.00,
toddler picky eater losing weight,,0,,0.00,0.00,
toddler picky eater lunch ideas,,0,,0.00,0.00,
toddler picky eater meal ideas,,0,,0.00,0.00,
toddler picky eater meme,,0,,0.00,0.00,
toddler picky eater or tummy troubles,,0,,0.00,0.00,
toddler picky eater penn state,,0,,0.00,0.00,
toddler picky eater penn state research,,0,,0.00,0.00,
toddler picky eater phase,,0,,0.00,0.00,
toddler picky eater solutions,,0,,0.00,0.00,
toddler picky eater strategies,,0,,0.00,0.00,
toddler picky eater texture,,0,,0.00,0.00,
toddler picky eater tips,,0,,0.00,0.00,
toddler picky eater underweight,,0,,0.00,0.00,
toddler picky eating and bpm of music,,0,,0.00,0.00,
toddler picky eating help,,0,,0.00,0.00,
toddler picky eating solutions,,0,,0.00,0.00,
toddler picky eating stage,,0,,0.00,0.00,
toddler picky eating strategies,,0,,0.00,0.00,
toddler recipes picky eater,,0,,0.00,0.00,
toddler suddenly a picky eater,,0,,0.00,0.00,
toddler suddenly very picky eater,,0,,0.00,0.00,
toddler super picky eater,,0,,0.00,0.00,
toddler supplements picky eater,,0,,0.00,0.00,
toddler vitamin tablets picky eater,,0,,0.00,0.00,
toddler who is a picky eater,,0,,0.00,0.00,
toddlers and picky eating,,0,,0.00,0.00,
tongue tie and adult picky eating,,0,,0.00,0.00,
tongue tie and picky eating,,0,,0.00,0.00,
tongue tie picky eater,,0,,0.00,0.00,
tony is 4 years ols and a picky eater,,0,,0.00,0.00,
too picky to eat healthy,,0,,0.00,0.00,
topping make dog a picky eater,,0,,0.00,0.00,
toronto canada recipe delivery service picky eater,,0,,0.00,0.00,
tortilla roll up for picky eater,,0,,0.00,0.00,
total canine picky eater capsules,,0,,0.00,0.00,
train kitten to not be picky eater,,0,,0.00,0.00,
traits of a picky eater,,0,,0.00,0.00,
trajectories of picky eating in low-income us children,,0,,0.00,0.00,
transitioning picky eater,,0,,0.00,0.00,
translate picky eater,,0,,0.00,0.00,
translate picky eater in french,,0,,0.00,0.00,
translate picky eater to english,,0,,0.00,0.00,
translate picky eater to french,,0,,0.00,0.00,
translate picky eater to spanish,,0,,0.00,0.00,
trash taste picky eater,,0,,0.00,0.00,
traveling abroad with a picky eater,,0,,0.00,0.00,
traveling europe as a picky eater,,0,,0.00,0.00,
traveling the world as a super picky eater,,0,,0.00,0.00,
traveling to france as a picky eater,,0,,0.00,0.00,
travelling picky eater,,0,,0.00,0.00,
treat picky eating,,0,,0.00,0.00,
treating picky eating,,0,,0.00,0.00,
treatment plan for picky eater,,0,,0.00,0.00,
treatments for picky eating in children,,0,,0.00,0.00,
tribeca pediatrics picky eater,,0,,0.00,0.00,
tricking a picky eater to eat healthy,,0,,0.00,0.00,
tricks for a picky eater toddler,,0,,0.00,0.00,
tricks for hetting a picky cat to eat,,0,,0.00,0.00,
tricks to get my picky eaters to eat,,0,,0.00,0.00,
tricks to get picky eaters to eat,,0,,0.00,0.00,
trish food picky eater,,0,,0.00,0.00,
trish's story picky eating adults,,0,,0.00,0.00,
trump picky eater,,0,,0.00,0.00,
trying to get picky toddler to eat meem,,0,,0.00,0.00,
tumblr picky eater test,,0,,0.00,0.00,
turning my picky eater around,,0,,0.00,0.00,
turtle being picky eater,,0,,0.00,0.00,
two year old extremely picky eater,,0,,0.00,0.00,
two year old picky eating,,0,,0.00,0.00,
type 1 diabetes picky eater,,0,,0.00,0.00,
type of food a picky eater would not touch,,0,,0.00,0.00,
types of picky eater slp,,0,,0.00,0.00,
tyrannosaurus picky eater,,0,,0.00,0.00,
undereating picky eater,,0,,0.00,0.00,
understanding picky eating in kids,,0,,0.00,0.00,
underweight picky eater child,,0,,0.00,0.00,
university of chicago picky eating clinic,,0,,0.00,0.00,
use of lsd to help picky eating,,0,,0.00,0.00,
use toppers for picky dog eater,,0,,0.00,0.00,
usual picky eater,,0,,0.00,0.00,
uva picky eater tips,,0,,0.00,0.00,
vegan diet for picky eater,,0,,0.00,0.00,
vegan eating for picky eaters,,0,,0.00,0.00,
vegan picky eater recipes,,0,,0.00,0.00,
vegan picky eater test,,0,,0.00,0.00,
vegan toddler picky eater,,0,,0.00,0.00,
vegetable recipes picky kids who won't eat,,0,,0.00,0.00,
vegetables for picky eater,,0,,0.44,0.38,
vegetarian foods for picky meat eating kids,,0,,0.00,0.00,
vegetarian toddler picky eater,,0,,0.00,0.00,
veggie to try when youre a picky eater,,0,,0.00,0.00,
veggies for the picky eater,,0,,0.00,0.00,
very picky eater 1 year old,,0,,0.00,0.00,
very picky eater 13 year old,,0,,0.00,0.00,
very picky eater 18 month old,,0,,0.00,0.00,
very picky eater 3 year old,,0,,0.00,0.00,
very picky eater 5 year old,,0,,0.00,0.00,
very picky eater 6 year old,,0,,0.00,0.00,
very picky eater 7 year old,,0,,0.00,0.00,
very picky eater 8 year old,,0,,0.00,0.00,
very picky eater as an adult,,0,,0.00,0.00,
very picky eater diet,,0,,0.00,0.00,
very picky eater food disorder in kids,,0,,0.00,0.00,
very picky eater prefers kelp and seaweed,,0,,0.00,0.00,
very picky eater synonym,,0,,0.00,0.00,
very picky eater teenager,,0,,0.00,0.00,
very picky eater toddler,,0,,0.00,0.00,
very picky eating cat,,0,,0.00,0.00,
very picky eating disorder,,0,,0.00,0.00,
very picky eating dog,,0,,0.00,0.00,
very picky eight year old eating,,0,,0.00,0.00,
video of polite picky eater,,0,,0.00,0.00,
video showing picky eater trying to eat bugs,,0,,0.00,0.00,
vitamin a and picky eater ncbi,,0,,0.00,0.00,
vitamin for picky eater kids,,0,,0.00,0.00,
vitamin untuk anak picky eater,,0,,0.00,0.00,
vitamins for 3 year old picky eater,,0,,0.00,0.00,
vitamins for 5 year old who is a picky eater,,0,,0.00,0.00,
vitamins for picky eater,,0,,2.65,1.00,
vitamins for picky eater baby,,0,,0.00,0.00,
vitamins for picky eater toddler philippines,,0,,0.00,0.00,
vitamins for teen picky eater,,0,,0.00,0.00,
vizsla picky eater,,0,,0.00,0.00,
vreative foods gor picky eating children,,0,,0.00,0.00,
wall street journal making of the picky eater,,0,,0.00,0.00,
wall street journal the making of the picky eater,,0,,0.00,0.00,
want to eat healthy but very picky,,0,,0.00,0.00,
war and peas picky eater,,0,,0.00,0.00,
warrior diet meal plan picky eater,,0,,0.00,0.00,
was ist picky eater,,0,,0.00,0.00,
was michael jackson a picky eater,,0,,0.00,0.33,
was sammy davis jr a picky eater,,0,,0.00,0.00,
was sind picky eater,,0,,0.00,0.00,
watch dw the picky eater,,0,,0.00,0.00,
ways to add more green to my picky eater boy,,0,,0.00,0.00,
ways to change poor eating habits for picky eaters,,0,,0.00,0.00,
ways to change poor eating habits for picky eaters adults,,0,,0.00,0.00,
ways to eat eggs picky eaters,,0,,0.00,0.00,
ways to get a picky dog to eat,,0,,0.00,0.00,
ways to get picky eaters to eat,,0,,0.00,0.00,
ways to get picky eaters to eat veggies,,0,,0.00,0.00,
ways to help picky eater eat healthier,,0,,0.00,0.00,
ways to increase protein intake for a picky eater,,0,,0.00,0.00,
ways to overcome picky eating,,0,,0.00,0.00,
ways to stop being a picky eater,,0,,0.00,0.00,
website youtube.com picky eater disorder,,0,,0.00,0.00,
weekly meal plan for picky eater,,0,,0.00,0.00,
weeknight dinners for two picky veggie eater,,0,,0.00,0.00,
weight loss adult picky eater,,0,,0.00,0.00,
weight loss and picky eater,,0,,0.00,0.00,
weight loss eating plan for picky eaters,,0,,0.00,0.00,
weight loss for the picky eater,,0,,0.00,0.00,
wellness mama picky eater,,0,,0.00,0.00,
westie picky eater,,0,,0.00,0.00,
wgat dog foods are pleasing for picky dog eater,,0,,0.00,0.00,
what age are children the most picky eater,,0,,0.00,0.00,
what age do kids grow out of picky eating,,0,,0.00,0.00,
what animal is a picky eater,,0,,0.00,0.00,
what are picky 2 year olds eating,,0,,0.00,0.00,
what are some good options for picky eater dogs,,0,,0.00,0.00,
what are the best foods for a picky eater cat,,0,,0.00,0.00,
what being a picky eater says about you,,0,,0.00,0.00,
what breakfast foods for l year old picky eater,,0,,0.00,0.00,
what can a nutrionist do for adult picky eater,,0,,0.00,0.00,
what can a picky eater eat on keto,,0,,0.00,0.00,
what can a picky eater eat to lose weight,,0,,0.00,0.00,
what can cat food will my picky cat eat,,0,,0.00,0.00,
what can i do with a picky eater toddler,,0,,0.00,0.00,
what can i feed a picky eater,,0,,0.00,0.00,
what can i feed my 2 year old picky eater,,0,,0.00,0.00,
what can i feed my picky eater dog,,0,,0.00,0.00,
what can i give my picky toddler to eat,,0,,0.00,0.00,
what can i make for my picky eater,,0,,0.00,0.00,
what can picky adults eat at cinderellas castle,,0,,0.00,0.00,
what can picky kids with galbladder issues eat,,0,,0.00,0.00,
what causes a child to be a picky eater,,0,,0.00,0.00,
what causes a dog to be a picky eater,,0,,0.00,0.00,
what causes extreme picky eating,,0,,0.00,0.00,
what causes picky eater,,0,,0.00,0.00,
what causes picky eating in children,,0,,0.00,0.00,
what causes picky eating in kids,,0,,0.00,0.00,
what causes picky eating in toddlers,,0,,0.00,0.00,
what do feed a picky eater,,0,,0.00,0.00,
what do picky cats like to eat,,0,,0.00,0.00,
what do picky eaters eat for dinner,,0,,0.00,0.00,
what do picky eaters eat in japan,,0,,0.00,0.00,
what do picky eaters not eat,,0,,0.00,0.00,
what do picky kids eat,,0,,0.00,0.00,
what do picky kids eat for school lunch,,0,,0.00,0.00,
what do picky squirrels like to eat,,0,,0.00,0.00,
what do picky toddlers eat,,0,,0.00,0.00,
what do picky toddlers like to eat,,0,,0.00,0.00,
what do to for a picky eater,,0,,0.00,0.00,
what do to when you have a picky toodler eater,,0,,0.00,0.00,
what do you call someone who is a picky eater,,0,,0.00,0.00,
what do you call someone who is picky eater,,0,,0.00,0.00,
what do you do about a pickie eater,,0,,0.00,0.00,
what do you feed a picky eater,,0,,0.00,0.00,
what do you feed a picky eater maltese dog,,0,,0.00,0.00,
what does being a picky eater say about you,,0,,0.00,0.00,
what does it mean if you are a picky eater,,0,,0.00,0.00,
what does picky eater mean in spanish,,0,,0.00,0.00,
what does picky eating mean,,0,,0.00,0.00,
what does picky panda eat,,0,,0.00,0.00,
what dog food is a favorite among picky eater dogs,,0,,0.00,0.00,
what dog food will a picky dog eat,,0,,0.00,0.00,
what dog is a picky eater,,0,,0.00,0.00,
what eating disorder is commonly misunderstood as picky eating,,0,,0.00,0.00,
what eating disorder is misunderstood as picky eating,,0,,0.00,0.00,
what food to eat in santorini picky eaters,,0,,0.00,0.00,
what fruits would a picky toddler eat,,0,,0.00,0.00,
what helps a picky dog eater,,0,,0.00,0.00,
what if my dog is a picky eater,,0,,0.00,0.00,
what if your dog is a picky eater,,0,,0.00,0.00,
what is a non picky eater in the ocean,,0,,0.00,0.00,
what is a non picky eater in the ocean examples,,0,,0.00,0.00,
what is a non picky eater in the oceans,,0,,0.00,0.00,
what is a picky eater dog,,0,,0.00,0.00,
what is a reformed picky eater,,0,,0.00,0.00,
what is another word for a picky eater,,0,,0.00,0.00,
what is baby picky eater,,0,,0.00,0.00,
what is best cat food for a picky eater,,0,,0.00,0.00,
what is blocking in picky eating,,0,,0.00,0.00,
what is extreme picky eating called,,0,,0.00,0.00,
what is good wet dog food for picky eater,,0,,0.00,0.00,
what is my picky eater,,0,,0.00,0.00,
what is picky eater in french,,0,,0.00,0.00,
what is picky eater in japanese,,0,,0.00,0.00,
what is picky eater mean,,0,,0.00,0.33,
what is picky eater mean in spanish,,0,,0.00,0.00,
what is picky eater means,,0,,0.00,0.00,
what is picky eater syndrome,,0,,0.00,0.00,
what is picky eating disorder,,0,,0.00,0.00,
what is picky eating in children,,0,,0.00,0.00,
what is the best dog food for my picky eater,,0,,0.00,0.00,
what is the best dry food for picky eating dogs,,0,,0.00,0.00,
what is the best vitamins for picky eater toddler,,0,,0.00,0.00,
what is the difference between picky eater and food sensitivity,,0,,0.00,0.00,
what is the opposite of picky eater,,0,,0.00,0.00,
what is the picky eater disorder,,0,,0.00,0.00,
what is the picky eating disorder,,0,,0.00,0.00,
what kind of a condition is picky eater,,0,,0.00,0.00,
what kind of picky eater are you,,0,,0.00,0.00,
what low fat dog food will picky eaters eat,,0,,0.00,0.00,
what makes a kid a picky eater,,0,,0.00,0.00,
what makes a person a picky eater,,0,,0.00,0.00,
what makes you a picky eater,,0,,0.00,0.00,
what percent picky eater are you,,0,,0.00,0.00,
what picky eaters eat,,0,,0.00,0.00,
what ro feed a picky dog eater,,0,,0.00,0.00,
what should a picky eater eat at compass rose restaurant,,0,,0.00,0.00,
what should a picky eater eat for dinner,,0,,0.00,0.00,
what should i have for dinner picky eater,,0,,0.00,0.00,
what should me a picky eater make for dinner,,0,,0.00,0.00,
what to add to an omelette picky eater,,0,,0.00,0.00,
what to call child being a picky eater,,0,,0.00,0.00,
what to cook for a picky adult eater,,0,,0.00,0.00,
what to do about a picky eater cat,,0,,0.00,0.00,
what to do about a picky eater toddler,,0,,0.00,0.00,
what to do about picky eater dogs,,0,,0.00,0.00,
what to do about picky eater kids,,0,,0.00,0.00,
what to do for a picky eater,,0,,0.00,0.00,
what to do for picky eater toddler,,0,,0.00,0.00,
what to do for picky eating,,0,,0.00,0.00,
what to do if baby is picky eater,,0,,0.00,0.00,
what to do if dog refuse to eat picky,,0,,0.00,0.00,
what to do if my baby is a picky eater,,0,,0.00,0.00,
what to do if toddler is a picky eater,,0,,0.00,0.00,
what to do if you are a picky eater,,0,,0.00,0.00,
what to do if you re a picky eater,,0,,0.00,0.10,
what to do if your baby is a picky eater,,0,,0.00,0.00,
what to do if your child is a picky eater,,0,,0.00,0.00,
what to do if your child is picky eater,,0,,0.00,0.00,
what to do if your puppy is picky eater,,0,,0.00,0.00,
what to do if your toddler is a picky eater,,0,,0.00,0.00,
what to do if youre a picky eater,,0,,0.00,0.00,
what to do if youre an extremely picky eater,,0,,0.00,0.00,
what to do when toddler is a picky eater,,0,,0.00,0.00,
what to do when you re a picky eater,,0,,0.00,0.00,
what to do when your child is a picky eater,,0,,0.00,0.00,
what to do when your dog is picky eater,,0,,0.00,0.00,
what to do when your husband is a picky eater,,0,,0.00,0.00,
what to do when your kitten is a picky eater,,0,,0.00,0.00,
what to do when your toddler is a picky eater,,0,,0.00,0.00,
what to do when your young dog is picky eater,,0,,0.00,0.00,
what to do with 8 year old picky eater,,0,,0.00,0.00,
what to do with a 10 year old picky eater,,0,,0.00,0.00,
what to do with a picky dog eater,,0,,3.57,1.00,
what to do with a picky eater cat,,0,,0.00,0.00,
what to do with a picky eater child,,0,,0.00,0.00,
what to do with a picky eater toddler,,0,,0.00,0.00,
what to do with an extremely picky eater,,0,,0.00,0.00,
what to do with picky eater baby,,0,,0.00,0.00,
what to do with picky eater child,,0,,0.00,0.00,
what to do with picky eater that's 16 months old,,0,,0.00,0.00,
what to do with picky eater toddler,,0,,0.00,0.00,
what to do with picky eater toddlers,,0,,0.00,0.00,
what to eat after tonsillectomy picky eaters,,0,,0.00,0.00,
what to eat for dinner picky eaters,,0,,0.00,0.00,
what to eat for lunch picky eaters,,0,,0.00,0.00,
what to eat if you are a picky eater,,0,,0.00,0.00,
what to eat if your a picky eater,,0,,0.00,0.00,
what to eat in iceland for picky eaters,,0,,0.00,0.00,
what to eat in spain for picky eaters,,0,,0.00,0.00,
what to eat picky eater,,0,,0.00,0.00,
what to eat when pregnant and picky eater,,0,,0.00,0.00,
what to eat when you are a picky eater,,0,,0.00,0.00,
what to eat when you re picky,,0,,0.00,0.00,
what to eat when you're picky,,0,,0.00,0.00,
what to feed 2 year old picky eater,,0,,0.00,0.00,
what to feed a 15 month old picky eater,,0,,0.00,0.00,
what to feed a 2 year old picky eater,,0,,0.00,0.00,
what to feed a 3 year old picky eater,,0,,0.00,0.00,
what to feed a 5 year old picky eater,,0,,0.00,0.00,
what to feed a one year old picky eater,,0,,0.00,0.00,
what to feed a picky dog that won t eat,,0,,3.77,1.00,
what to feed a picky dog that wont eat,,0,,0.00,0.00,
what to feed a picky eater baby,,0,,0.00,0.00,
what to feed a picky eater cat,,0,,0.00,0.00,
what to feed a picky eater child,,0,,0.00,0.00,
what to feed a picky eater diabetic dog,,0,,0.00,0.00,
what to feed a picky eater for breakfast,,0,,0.00,0.00,
what to feed a picky eater for dinner,,0,,0.00,0.00,
what to feed a picky eater for lunch,,0,,0.00,0.00,
what to feed a picky eater puppy,,0,,0.00,0.00,
what to feed a picky eater toddler,,0,,0.00,0.00,
what to feed a two year old picky eater,,0,,0.00,0.00,
what to feed hungry dog but picky eater,,0,,0.00,0.00,
what to feed my 2 year old picky eater,,0,,0.00,0.00,
what to feed my picky eater,,0,,0.00,0.00,
what to feed my picky eater for dog,,0,,0.00,0.00,
what to feed my picky eater toddler,,0,,0.00,0.00,
what to feed old picky eater dog,,0,,0.00,0.00,
what to feed picky eater,,0,,0.00,0.00,
what to feed picky eater toddler,,0,,0.00,0.00,
what to for picky 2 year old for eating,,0,,0.00,0.00,
what to give a picky 2 year old to eat,,0,,0.00,0.00,
what to give a picky eater for lunch,,0,,0.00,0.00,
what to give a picky eater toddler,,0,,0.00,0.00,
what to give a picky toddler to eat,,0,,0.00,0.00,
what to give picky toddlers to eat,,0,,0.00,0.00,
what to give to picky eater,,0,,0.00,0.00,
what to give your picky toddler to eat,,0,,0.00,0.00,
what to make for a picky eater,,0,,0.07,0.55,
what to make for dinner picky eater,,0,,0.00,0.00,
what to mix chocolate pediasure with picky eater,,0,,0.00,0.00,
what to pack a picky eater for school lunch,,0,,0.00,0.00,
what to pack for lunch for my picky eater,,0,,0.00,0.00,
what to say to a picky eater,,0,,0.00,0.00,
what type of food a picky eater would not touch,,0,,0.00,0.00,
what type of food a picky eater wouldn't touch,,0,,0.00,0.00,
what vitamin deficiency causes picky eating,,0,,0.00,0.00,
what zodiac sign is a picky eater,,0,,0.00,0.00,
what zodiac sign is a picky eater ranked,,0,,0.00,0.00,
what's a type of food a picky eater wouldn't touch,,0,,0.00,0.00,
what's the difference between picky eating and arfid,,0,,0.00,0.00,
whats a type of food a picky eater wouldnt touch,,0,,0.00,0.00,
whats picky eater,,0,,0.00,0.00,
whats the difference between arfid and picky eating,,0,,0.00,0.00,
wheaten terrier picky eater,,0,,0.00,0.00,
when bladder fecal incontenence coupled with picky eater,,0,,0.00,0.00,
when children won t eat picky eaters vs problem feeders,,0,,0.00,0.00,
when do kids outgrow picky eating,,0,,0.00,0.00,
when do toddlers grow out of picky eating,,0,,0.00,0.00,
when do toddlers outgrow picky eating,,0,,0.00,0.00,
when does picky eating end,,0,,0.00,0.00,
when does toddler picky eating end,,0,,0.00,0.00,
when does toddler picky eating start,,0,,0.00,0.00,
when its beyond picky eating,,0,,0.00,0.00,
when should kids outgrow picky eating habits,,0,,0.00,0.00,
when to be concerned about a picky eater,,0,,0.00,0.00,
when to eat picky bars,,0,,0.00,0.00,
when to see doctor for child picky eating,,0,,0.00,0.00,
when to take a picky eater to specialist,,0,,0.00,0.00,
when to wonder picky eating app,,0,,0.00,0.00,
when was dw the picky eater release,,0,,0.00,0.00,
when will my toddler stop being a picky eater,,0,,0.00,0.00,
when you have a picky eater,,0,,0.00,0.00,
when your child is a picky eater,,0,,0.00,0.00,
when your husband is a picky eater,,0,,0.00,0.00,
when your kids eating disorder is mistaken for picky eating,,0,,0.00,0.00,
when your picky eater has cystic fibrosis,,0,,0.00,0.00,
whenis picky eating a concern,,0,,0.00,0.00,
whenis picky eating a concern aap,,0,,0.00,0.00,
whenis picky eating a concern ellyn satter,,0,,0.00,0.00,
whenis picky eating a concern ellyn satter growth,,0,,0.00,0.00,
where does picky eating come from,,0,,0.00,0.00,
where to eat out with picky eaters,,0,,0.00,0.00,
where to take picky eater kids to dinner,,0,,0.00,0.00,
which eating disorder is commonly misunderstood as picky eating,,0,,0.00,0.00,
whippet picky eater,,0,,0.00,0.00,
who is the most picky eater in the world,,0,,0.00,0.00,
who to see picky eater adult,,0,,0.00,0.00,
who to see to get rid of picky eating,,0,,0.00,0.00,
who to stop being a picky eater,,0,,0.00,0.00,
whole 30 for the picky eater,,0,,0.00,0.00,
whole 30 meal plan picky eater,,0,,0.00,0.00,
whole 30 menu for picky eater,,0,,0.00,0.00,
whole 30 picky eater,,0,,0.00,0.00,
whole foods meals that picky kids will eat,,0,,0.00,0.00,
whole30 dinner for picky eater,,0,,0.00,0.00,
whole30 picky eater,,0,,0.00,0.00,
why a picky eater,,0,,0.00,0.00,
why a picky eater is good,,0,,0.00,0.00,
why am i a picky eater all of a sudden,,0,,0.00,0.00,
why am i a picky eater as an adult,,0,,0.00,0.00,
why am i a picky eater at 14,,0,,0.00,0.00,
why am i a picky eater at 15,,0,,0.00,0.00,
why am i a picky eater at 16,,0,,0.00,0.00,
why am i a picky eater quiz,,0,,0.00,0.00,
why am i a very picky eater,,0,,0.00,0.00,
why am i so picky eater,,0,,0.00,0.00,
why am i still a picky eater,,0,,0.00,0.00,
why am i such a picky eater in my 20s,,0,,0.00,0.00,
why am i such a picky eater reddit,,0,,0.00,0.00,
why am i such a picky eater yahoo,,0,,0.00,0.00,
why am ia picky eater all of a sudden,,0,,0.00,0.00,
why am ia picky eater as an adult,,0,,0.00,0.00,
why am ia picky eater at 16,,0,,0.00,0.00,
why are cats so picky about the food they eat,,0,,0.00,0.00,
why are children picky eater,,0,,0.00,0.00,
why are kids pickier eater,,0,,0.00,0.00,
why are people picky eater,,0,,0.00,0.00,
why autism picky eater,,0,,0.00,0.00,
why did i become a picky eater,,0,,0.00,0.00,
why did i suddenly become a picky eater,,0,,0.00,0.00,
why do kids eat when they are picky,,0,,0.00,0.00,
why does a child become a picky eater,,0,,0.00,0.00,
why does my cat such a picky eater,,0,,0.00,0.00,
why does picky eating happen,,0,,0.00,0.00,
why does someone being a picky eater make you mad,,0,,0.00,0.00,
why dog is picky eater,,0,,0.00,0.00,
why dog picky eater,,0,,0.00,0.00,
why has my toddler become a picky eater,,0,,0.00,0.00,
why have i become a picky eater,,0,,0.00,0.00,
why im i a picky eater,,0,,0.00,0.00,
why is my 1 year old picky eater,,0,,0.00,0.00,
why is my 2 year old a picky eater,,0,,0.00,0.00,
why is my 2 year old such a picky eater,,0,,0.00,0.00,
why is my 2 year old suddenly a picky eater,,0,,0.00,0.00,
why is my 2.5 year old picky eater,,0,,0.00,0.00,
why is my 3 year old such a picky eater,,0,,0.00,0.00,
why is my baby a picky eater,,0,,0.00,0.00,
why is my baby suddenly a picky eater,,0,,0.00,0.00,
why is my bearded dragon a picky eater,,0,,0.00,0.00,
why is my chihuahua a picky eater,,0,,0.00,0.00,
why is my child a picky eater,,0,,0.00,0.00,
why is my child picky eater,,0,,0.00,0.00,
why is my child such a picky eater,,0,,0.00,0.00,
why is my dog an extremely picky eater,,0,,0.00,0.00,
why is my dog becoming a picky eater,,0,,0.00,0.00,
why is my dog so picky about what he eats,,0,,0.00,0.00,
why is my guinea pig a picky eater,,0,,0.00,0.00,
why is my kid a picky eater,,0,,0.00,0.00,
why is my kid such a picky eater,,0,,0.00,0.00,
why is my puppy picky eater,,0,,0.00,0.00,
why is my puppy such a picky eater,,0,,0.00,0.00,
why is my silkese dog a picky eater,,0,,0.00,0.00,
why is my son a picky eater,,0,,0.00,0.00,
why is my toddler a picky eater,,0,,0.00,0.00,
why is my toddler picky eater,,0,,0.00,0.00,
why is my toddler such a picky eater,,0,,0.00,0.00,
why is my toddler suddenly a picky eater,,0,,0.00,0.00,
why is my tortoise a picky eater,,0,,0.00,0.00,
why kids go through picky eater,,0,,0.00,0.00,
why my preteen is such a picky eater,,0,,0.00,0.00,
why my toddler is picky eater,,0,,0.00,0.00,
why picky eater,,0,,0.00,0.33,
wic dietitian one on one couseling picky eater,,0,,0.00,0.00,
wife is a picky eater,,0,,0.00,0.00,
wife uninviting picky eater,,0,,0.00,0.00,
wife uninviting picky eater mother in law,,0,,0.00,0.00,
wikihow how to stop being a picky eater,,0,,0.00,0.00,
wildes et al picky eating,,0,,0.00,0.00,
wildes picky eating,,0,,0.00,0.00,
will a picky eater commit suicide,,0,,0.00,0.00,
will a picky eater starve,,0,,0.00,0.00,
will a picky eater starve themselves,,0,,0.00,0.00,
will a picky eater starve to death,,0,,0.00,0.00,
will my toddler grow out of picky eating,,0,,0.00,0.00,
will picky cats eat blue buffalo,,0,,0.00,0.00,
will picky toddler eat kale chips,,0,,0.00,0.00,
word for not a picky eater,,0,,0.00,0.00,
words to describe a picky eater,,0,,0.00,0.00,
worlds most polite picky eater,,0,,0.00,0.00,
worst picky eater,,0,,0.00,0.00,
would you date a picky eater,,0,,0.00,0.00,
would you rather picky eater,,0,,0.00,0.00,
wouldnt date picky eater,,0,,0.00,0.00,
wrong planet picky eater,,0,,0.00,0.00,
xplodingunicorn tweet picky eater,,0,,0.00,0.00,
xpoldingunicorn tweet picky eater,,0,,0.00,0.00,
yeadt free dog food for chihuahas picky eater,,0,,0.00,0.00,
yorkie is super picky eater,,0,,0.00,0.00,
yorkie puppy picky eater,,0,,0.00,0.00,
yorkshire terrier picky eater,,0,,0.00,0.00,
you know you are a picky eater when,,0,,0.00,0.00,
you re not a picky eater you re 600 pounds,,0,,0.00,0.00,
you were just picky eater meaning,,0,,0.00,0.00,
you're not a picky eater you're 600 pounds,,0,,0.00,0.00,
your a picky eater in italian,,0,,0.00,0.00,
your kids table picky eater,,0,,0.00,0.00,
your kids table picky eating,,0,,0.00,0.00,
your.kids table picky eater,,0,,0.00,0.00,
youre not a picky eater,,0,,0.00,0.00,
youre not a picky eater if your 600 pounds,,0,,0.00,0.00,
youre not a picky eater if youre 600 pounds,,0,,0.00,0.00,
youre not a picky eater youre 600 pounds,,0,,0.00,0.00,
youtube arthur dw the picky eater,,0,,0.00,0.00,
youtube dw the picky eater,,0,,0.00,0.33,
youtube picky eating workshop,,0,,0.00,0.00,
youtube poop dw the picky eater,,0,,0.00,0.00,
zero to three poster presentation 2018 picky eating,,0,,0.00,0.00,
zimbio picky eater,,0,,0.00,0.00,
zina school lunch program supervision picky eater,,0,,0.00,0.00,
